order_id,order_date,customer_id,customer_segment,age_group,marketing_channel,device,product_category,unit_price,discount_percent,quantity,final_order_value,delivery_days,customer_rating,returned
ORD102024,2025-01-01,CUST02214,returning,18-24,organic,desktop,clothing,37.94,15,1,32.25,6,5,False
ORD103143,2025-01-01,CUST02195,new,25-34,social_media,desktop,home,116.92,0,1,116.92,8,4,False
ORD100178,2025-01-01,CUST00563,new,35-44,organic,desktop,clothing,63.7,10,3,171.99,4,5,False
ORD100175,2025-01-01,CUST00703,new,25-34,social_media,mobile,electronics,141.77,5,2,269.36,11,5,True
ORD101491,2025-01-01,CUST01526,new,35-44,social_media,mobile,electronics,108.49,30,2,151.89,9,4,False
ORD102870,2025-01-01,CUST01882,returning,18-24,referral,mobile,beauty,12.29,10,1,11.06,4,5,False
ORD102866,2025-01-01,CUST02300,returning,35-44,social_media,mobile,home,61.12,10,1,55.01,6,5,False
ORD102829,2025-01-01,CUST01841,returning,25-34,organic,mobile,clothing,23.86,10,2,42.95,7,4,False
ORD102779,2025-01-01,CUST00656,new,25-34,email,desktop,clothing,28.85,0,1,28.85,4,4,False
ORD101617,2025-01-01,CUST00689,returning,35-44,search_ads,mobile,sports,75.85,10,1,68.26,6,4,False
ORD102681,2025-01-01,CUST00042,new,55+,search_ads,mobile,clothing,20.68,20,2,33.09,4,4,False
ORD102673,2025-01-01,CUST00485,returning,25-34,organic,mobile,clothing,74.1,15,2,125.97,2,5,False
ORD101631,2025-01-01,CUST02535,new,35-44,social_media,desktop,sports,94.44,10,2,169.99,4,5,False
ORD101647,2025-01-01,CUST00381,new,25-34,organic,desktop,electronics,99.21,15,3,252.99,8,4,False
ORD100111,2025-01-01,CUST02678,new,45-54,email,desktop,electronics,281.08,10,1,252.97,4,5,False
ORD102509,2025-01-01,CUST01789,new,18-24,organic,desktop,clothing,65.71,15,1,55.85,6,5,False
ORD102501,2025-01-01,CUST03046,returning,18-24,social_media,desktop,home,87.38,15,1,74.27,1,5,False
ORD102430,2025-01-01,CUST00765,returning,35-44,organic,desktop,home,58.31,10,1,52.48,7,5,False
ORD105080,2025-01-01,CUST00572,new,25-34,referral,desktop,home,58.75,0,3,176.25,1,4,False
ORD105085,2025-01-01,CUST02085,new,18-24,email,mobile,electronics,105.55,15,1,89.72,7,4,False
ORD102384,2025-01-01,CUST00107,new,18-24,organic,mobile,home,71.93,0,2,143.86,6,5,False
ORD102345,2025-01-01,CUST02937,new,18-24,search_ads,mobile,sports,45.62,20,1,36.5,5,5,False
ORD102325,2025-01-01,CUST00072,new,18-24,search_ads,mobile,home,91.8,15,1,78.03,6,5,True
ORD100061,2025-01-01,CUST02376,returning,55+,email,mobile,home,99.09,10,1,89.18,3,5,False
ORD101293,2025-01-01,CUST02185,returning,35-44,social_media,desktop,electronics,238.05,0,1,238.05,9,5,False
ORD102270,2025-01-01,CUST01283,returning,35-44,email,mobile,sports,67.13,0,2,134.26,5,5,False
ORD103216,2025-01-01,CUST01559,returning,55+,social_media,desktop,sports,40.11,20,2,64.18,5,5,False
ORD103277,2025-01-01,CUST03193,returning,35-44,social_media,mobile,home,45.86,0,1,45.86,3,5,False
ORD104547,2025-01-01,CUST00864,returning,45-54,search_ads,mobile,beauty,51.4,0,3,154.2,4,4,False
ORD104323,2025-01-01,CUST00432,returning,45-54,organic,mobile,home,84.13,10,2,151.43,5,5,False
ORD104258,2025-01-01,CUST00924,new,25-34,search_ads,mobile,home,70.99,15,2,120.68,6,5,False
ORD104604,2025-01-01,CUST00253,new,55+,email,mobile,electronics,174.68,5,2,331.89,4,5,False
ORD100701,2025-01-01,CUST02479,new,45-54,search_ads,mobile,sports,74.61,20,1,59.69,6,5,False
ORD104151,2025-01-01,CUST01532,new,45-54,organic,mobile,clothing,30.1,5,2,57.19,8,4,False
ORD104145,2025-01-01,CUST01581,returning,35-44,search_ads,desktop,beauty,49.37,10,2,88.87,6,5,False
ORD104134,2025-01-01,CUST01008,new,35-44,organic,mobile,home,90.35,15,3,230.39,4,5,False
ORD104632,2025-01-01,CUST03063,returning,55+,organic,mobile,clothing,31.07,0,1,31.07,7,5,False
ORD104106,2025-01-01,CUST01286,new,55+,organic,mobile,home,120.9,5,1,114.86,2,5,False
ORD104073,2025-01-01,CUST01665,new,35-44,social_media,mobile,clothing,29.26,0,3,87.78,3,5,False
ORD100812,2025-01-01,CUST00475,new,18-24,organic,mobile,electronics,148.09,30,2,207.33,3,4,False
ORD104671,2025-01-01,CUST01849,new,55+,organic,mobile,clothing,24.08,0,2,48.16,3,5,False
ORD103914,2025-01-01,CUST02568,new,18-24,social_media,mobile,clothing,35.45,15,3,90.4,4,5,False
ORD100351,2025-01-01,CUST00314,returning,35-44,social_media,desktop,home,62.73,5,1,59.59,6,5,False
ORD103833,2025-01-01,CUST02147,returning,35-44,referral,mobile,electronics,62.53,30,2,87.54,8,5,True
ORD100997,2025-01-01,CUST02876,new,45-54,referral,mobile,beauty,27.59,0,1,27.59,2,5,False
ORD104750,2025-01-01,CUST03032,returning,25-34,email,desktop,clothing,27.06,10,1,24.35,4,5,False
ORD103603,2025-01-01,CUST01086,new,45-54,organic,mobile,beauty,53.03,10,1,47.73,4,5,False
ORD103582,2025-01-01,CUST01373,returning,45-54,organic,desktop,home,85.48,0,1,85.48,5,5,False
ORD101096,2025-01-01,CUST00900,new,55+,search_ads,mobile,home,81.34,15,1,69.14,7,4,False
ORD103393,2025-01-01,CUST02251,returning,55+,search_ads,mobile,home,154.55,15,2,262.74,4,5,False
ORD101216,2025-01-01,CUST00747,new,55+,social_media,mobile,clothing,38.55,10,2,69.39,3,5,False
ORD101262,2025-01-01,CUST02919,returning,25-34,social_media,desktop,electronics,324.83,10,3,877.04,8,5,True
ORD102252,2025-01-01,CUST03107,returning,18-24,organic,desktop,home,78.19,20,1,62.55,4,5,False
ORD103245,2025-01-01,CUST02227,new,55+,referral,mobile,electronics,68.67,10,3,185.41,7,5,False
ORD105158,2025-01-01,CUST01360,returning,45-54,social_media,mobile,home,90.03,0,3,270.09,5,5,False
ORD102176,2025-01-01,CUST02755,new,18-24,organic,mobile,electronics,156.42,15,1,132.96,5,5,False
ORD102003,2025-01-01,CUST02587,new,45-54,referral,desktop,clothing,34.4,15,3,87.72,4,5,False
ORD102245,2025-01-01,CUST02582,new,25-34,social_media,desktop,electronics,142.13,15,1,120.81,6,4,False
ORD101975,2025-01-01,CUST01013,returning,35-44,organic,desktop,home,101.24,10,1,91.12,5,5,False
ORD101976,2025-01-01,CUST01359,returning,18-24,referral,desktop,home,128.84,10,2,231.91,5,5,False
ORD103517,2025-01-02,CUST02951,new,18-24,search_ads,mobile,clothing,64.97,30,2,90.96,6,5,False
ORD103957,2025-01-02,CUST01301,new,35-44,search_ads,desktop,clothing,52.2,15,1,44.37,6,4,False
ORD102664,2025-01-02,CUST02655,returning,35-44,social_media,mobile,clothing,17.14,20,1,13.71,5,4,False
ORD102647,2025-01-02,CUST03115,returning,35-44,organic,mobile,electronics,58.1,0,1,58.1,10,4,False
ORD100804,2025-01-02,CUST00589,returning,25-34,email,desktop,home,133.44,5,2,253.54,10,4,False
ORD103554,2025-01-02,CUST00218,new,45-54,social_media,desktop,beauty,36.56,0,3,109.68,3,4,False
ORD101078,2025-01-02,CUST00752,new,25-34,social_media,desktop,clothing,83.74,15,2,142.36,9,5,False
ORD100771,2025-01-02,CUST02155,new,45-54,search_ads,desktop,beauty,59.73,0,1,59.73,4,5,False
ORD102960,2025-01-02,CUST02894,new,35-44,organic,mobile,clothing,60.14,15,1,51.12,4,5,False
ORD102593,2025-01-02,CUST03024,new,35-44,referral,mobile,clothing,39.74,0,1,39.74,3,5,False
ORD102567,2025-01-02,CUST03196,new,45-54,search_ads,mobile,sports,127.87,15,3,326.07,4,5,False
ORD100285,2025-01-02,CUST01737,returning,35-44,social_media,mobile,clothing,62.79,0,3,188.37,5,4,False
ORD104637,2025-01-02,CUST00184,new,55+,search_ads,mobile,clothing,92.01,20,1,73.61,6,5,False
ORD103005,2025-01-02,CUST01431,returning,18-24,social_media,mobile,home,125.0,0,2,250.0,6,4,False
ORD100718,2025-01-02,CUST02142,returning,18-24,organic,desktop,sports,75.35,0,1,75.35,2,5,True
ORD100008,2025-01-02,CUST01712,returning,35-44,social_media,mobile,beauty,29.37,0,1,29.37,4,5,False
ORD105190,2025-01-02,CUST00430,returning,25-34,social_media,desktop,home,96.98,10,2,174.56,6,5,True
ORD100756,2025-01-02,CUST00312,returning,55+,search_ads,desktop,clothing,52.72,15,2,89.62,3,4,False
ORD103953,2025-01-02,CUST02335,returning,35-44,organic,mobile,clothing,18.92,0,2,37.84,5,5,False
ORD105020,2025-01-02,CUST00768,returning,18-24,search_ads,desktop,clothing,23.95,30,3,50.29,3,5,False
ORD100392,2025-01-02,CUST00240,new,35-44,search_ads,desktop,home,62.89,15,2,106.91,3,5,False
ORD105155,2025-01-02,CUST01995,new,45-54,email,mobile,electronics,184.2,15,1,156.57,5,4,False
ORD100320,2025-01-02,CUST02373,returning,35-44,social_media,mobile,home,67.96,30,2,95.14,3,5,False
ORD102821,2025-01-02,CUST00392,new,25-34,referral,mobile,electronics,181.74,5,1,172.65,13,5,False
ORD100919,2025-01-02,CUST02053,new,55+,email,mobile,home,160.34,10,1,144.31,3,5,False
ORD101500,2025-01-02,CUST02429,returning,18-24,social_media,desktop,home,101.25,10,2,182.25,4,5,False
ORD100149,2025-01-02,CUST01582,returning,35-44,referral,mobile,electronics,199.8,5,2,379.62,6,4,False
ORD101541,2025-01-02,CUST02339,returning,25-34,organic,mobile,electronics,132.5,0,3,397.5,8,5,True
ORD101494,2025-01-02,CUST02471,new,55+,search_ads,desktop,electronics,91.02,10,3,245.75,5,5,False
ORD102165,2025-01-02,CUST02184,returning,35-44,email,mobile,electronics,120.53,10,2,216.95,7,4,False
ORD101554,2025-01-02,CUST01310,returning,25-34,social_media,desktop,clothing,28.79,0,2,57.58,5,4,False
ORD102785,2025-01-02,CUST00672,returning,18-24,social_media,mobile,electronics,105.05,10,1,94.54,7,4,False
ORD102180,2025-01-02,CUST01272,new,25-34,organic,mobile,clothing,26.55,0,3,79.65,3,4,False
ORD100900,2025-01-02,CUST01923,returning,25-34,organic,desktop,beauty,30.33,0,3,90.99,3,5,False
ORD103607,2025-01-02,CUST01762,new,35-44,email,mobile,home,102.27,10,1,92.04,5,5,True
ORD102729,2025-01-02,CUST02165,new,55+,organic,mobile,clothing,21.48,15,3,54.77,7,4,False
ORD103588,2025-01-02,CUST02197,new,35-44,social_media,mobile,beauty,35.85,0,1,35.85,5,5,False
ORD105187,2025-01-02,CUST01414,returning,25-34,social_media,mobile,beauty,18.78,20,1,15.02,3,5,False
ORD102690,2025-01-02,CUST00954,returning,35-44,social_media,desktop,clothing,49.16,15,3,125.36,5,5,False
ORD100682,2025-01-02,CUST00313,returning,25-34,search_ads,mobile,sports,61.75,15,2,104.98,6,5,False
ORD103678,2025-01-02,CUST01440,returning,35-44,social_media,mobile,beauty,30.37,10,1,27.33,6,5,False
ORD100209,2025-01-02,CUST00126,new,18-24,organic,desktop,sports,72.04,0,1,72.04,3,4,False
ORD104403,2025-01-02,CUST03164,new,35-44,organic,mobile,clothing,23.92,30,1,16.74,5,4,False
ORD100546,2025-01-02,CUST02246,new,35-44,social_media,mobile,electronics,431.19,0,1,431.19,6,5,False
ORD104182,2025-01-02,CUST01824,returning,25-34,email,mobile,home,99.53,10,3,268.73,8,5,False
ORD101830,2025-01-02,CUST00101,returning,18-24,organic,desktop,beauty,26.18,15,1,22.25,6,4,False
ORD102429,2025-01-02,CUST01551,returning,35-44,organic,mobile,sports,110.47,20,1,88.38,4,4,False
ORD101903,2025-01-02,CUST01595,returning,55+,search_ads,mobile,electronics,377.23,20,2,603.57,8,5,False
ORD105081,2025-01-02,CUST00880,new,35-44,social_media,mobile,electronics,80.22,5,2,152.42,12,4,False
ORD104894,2025-01-02,CUST00207,returning,35-44,social_media,mobile,clothing,19.8,20,2,31.68,6,4,False
ORD101913,2025-01-02,CUST01961,new,35-44,organic,mobile,beauty,13.25,5,1,12.59,3,5,False
ORD105194,2025-01-02,CUST00094,new,18-24,organic,mobile,electronics,214.69,0,1,214.69,6,5,False
ORD102032,2025-01-02,CUST02952,returning,25-34,organic,desktop,clothing,53.09,5,2,100.87,7,4,False
ORD101291,2025-01-02,CUST02593,new,55+,organic,desktop,clothing,44.46,5,3,126.71,3,5,False
ORD103420,2025-01-02,CUST00147,returning,35-44,referral,desktop,home,138.75,15,2,235.88,3,5,False
ORD102339,2025-01-02,CUST00862,new,55+,search_ads,desktop,clothing,91.35,10,2,164.43,3,5,False
ORD103200,2025-01-02,CUST00521,returning,35-44,referral,mobile,electronics,265.04,10,1,238.54,6,5,False
ORD102318,2025-01-02,CUST00053,returning,18-24,search_ads,mobile,beauty,35.75,0,1,35.75,4,5,False
ORD104596,2025-01-02,CUST02402,returning,35-44,social_media,mobile,clothing,100.48,10,1,90.43,4,4,False
ORD102315,2025-01-02,CUST02379,returning,25-34,organic,mobile,sports,53.4,5,1,50.73,5,5,False
ORD105068,2025-01-02,CUST00065,new,55+,social_media,mobile,sports,15.72,5,1,14.93,4,4,False
ORD103436,2025-01-02,CUST01253,returning,35-44,search_ads,mobile,home,142.1,20,1,113.68,6,5,False
ORD104462,2025-01-02,CUST00341,new,35-44,referral,desktop,beauty,31.99,0,1,31.99,6,5,False
ORD100477,2025-01-02,CUST02681,new,25-34,organic,mobile,beauty,31.44,20,2,50.3,6,4,False
ORD102334,2025-01-02,CUST00347,returning,45-54,search_ads,mobile,beauty,21.53,15,3,54.9,6,5,False
ORD101736,2025-01-02,CUST00702,returning,25-34,referral,mobile,electronics,64.88,10,3,175.18,7,5,False
ORD104495,2025-01-02,CUST01596,new,35-44,organic,mobile,sports,48.6,0,1,48.6,4,5,False
ORD100403,2025-01-02,CUST01725,returning,25-34,search_ads,mobile,sports,53.62,20,2,85.79,2,4,False
ORD100246,2025-01-03,CUST03002,returning,25-34,organic,mobile,clothing,26.03,10,1,23.43,6,5,False
ORD101024,2025-01-03,CUST00990,returning,35-44,social_media,desktop,beauty,27.96,10,3,75.49,8,4,False
ORD101023,2025-01-03,CUST00603,returning,18-24,search_ads,mobile,electronics,170.97,10,2,307.75,7,4,True
ORD104902,2025-01-03,CUST01845,new,35-44,search_ads,mobile,electronics,193.49,20,1,154.79,7,5,False
ORD101223,2025-01-03,CUST00445,new,35-44,email,desktop,sports,79.39,0,1,79.39,6,5,False
ORD102930,2025-01-03,CUST01681,new,45-54,email,mobile,clothing,29.95,0,3,89.85,7,5,False
ORD103330,2025-01-03,CUST01854,returning,45-54,social_media,mobile,beauty,37.9,0,1,37.9,8,4,True
ORD101281,2025-01-03,CUST02584,new,25-34,organic,mobile,clothing,60.35,0,1,60.35,3,4,False
ORD103643,2025-01-03,CUST01331,new,55+,organic,desktop,beauty,25.24,0,1,25.24,6,5,False
ORD103206,2025-01-03,CUST01861,returning,35-44,social_media,mobile,clothing,63.71,15,1,54.15,7,5,False
ORD101145,2025-01-03,CUST00634,new,25-34,search_ads,desktop,clothing,36.67,10,3,99.01,3,5,False
ORD102089,2025-01-03,CUST01295,returning,18-24,search_ads,mobile,home,31.92,15,1,27.13,2,4,False
ORD101050,2025-01-03,CUST02970,new,45-54,search_ads,desktop,clothing,22.09,20,1,17.67,2,4,True
ORD101347,2025-01-03,CUST02568,returning,18-24,social_media,mobile,clothing,70.67,20,3,169.61,2,5,False
ORD101113,2025-01-03,CUST03101,new,25-34,organic,desktop,clothing,62.4,5,1,59.28,3,5,False
ORD100309,2025-01-03,CUST01111,returning,25-34,search_ads,desktop,clothing,28.09,10,1,25.28,4,5,False
ORD100267,2025-01-03,CUST01294,returning,25-34,organic,mobile,home,108.34,15,1,92.09,4,5,False
ORD103032,2025-01-03,CUST00802,new,55+,email,mobile,electronics,284.92,10,3,769.28,7,5,False
ORD103021,2025-01-03,CUST02892,returning,35-44,search_ads,mobile,clothing,56.42,15,2,95.91,4,4,True
ORD103434,2025-01-03,CUST01314,new,35-44,organic,mobile,clothing,44.91,10,1,40.42,8,4,True
ORD103167,2025-01-03,CUST00640,returning,45-54,organic,mobile,beauty,33.14,0,2,66.28,4,5,False
ORD100205,2025-01-03,CUST02620,new,25-34,referral,mobile,beauty,37.78,20,2,60.45,6,4,False
ORD102953,2025-01-03,CUST02989,new,35-44,social_media,mobile,electronics,165.19,0,3,495.57,9,2,False
ORD103425,2025-01-03,CUST01520,returning,18-24,search_ads,mobile,clothing,27.08,20,1,21.66,5,5,True
ORD103180,2025-01-03,CUST00388,returning,45-54,email,desktop,beauty,14.21,0,2,28.42,12,4,False
ORD101450,2025-01-03,CUST01918,new,25-34,social_media,mobile,clothing,27.2,5,1,25.84,8,5,True
ORD103557,2025-01-03,CUST01275,new,55+,social_media,mobile,home,199.84,0,3,599.52,6,4,False
ORD101062,2025-01-03,CUST02149,new,18-24,social_media,mobile,electronics,134.91,0,2,269.82,6,5,False
ORD103402,2025-01-03,CUST00301,returning,45-54,social_media,mobile,clothing,9.55,10,1,8.6,4,5,False
ORD104831,2025-01-03,CUST00625,returning,35-44,organic,desktop,beauty,18.83,0,1,18.83,4,4,False
ORD102086,2025-01-03,CUST01146,returning,35-44,referral,desktop,clothing,32.98,10,1,29.68,8,4,False
ORD103839,2025-01-03,CUST02634,returning,35-44,search_ads,desktop,electronics,257.73,20,1,206.18,6,4,False
ORD103288,2025-01-03,CUST00377,new,25-34,email,desktop,beauty,52.92,10,2,95.26,5,5,False
ORD100988,2025-01-03,CUST00793,new,55+,organic,mobile,clothing,22.73,15,2,38.64,4,4,False
ORD100794,2025-01-03,CUST00983,returning,55+,email,desktop,beauty,14.13,15,2,24.02,3,5,False
ORD100774,2025-01-03,CUST02851,returning,35-44,email,desktop,sports,62.05,0,2,124.1,11,4,False
ORD100752,2025-01-03,CUST00775,new,35-44,email,desktop,clothing,49.08,10,2,88.34,5,5,False
ORD100748,2025-01-03,CUST00083,returning,18-24,referral,mobile,clothing,38.38,15,2,65.25,5,5,False
ORD102440,2025-01-03,CUST01689,new,35-44,organic,mobile,electronics,222.71,15,1,189.3,8,4,False
ORD102565,2025-01-03,CUST01999,new,25-34,social_media,desktop,beauty,24.52,5,1,23.29,7,4,True
ORD102067,2025-01-03,CUST01534,new,25-34,email,mobile,beauty,26.0,30,3,54.6,4,4,False
ORD101693,2025-01-03,CUST00246,new,45-54,social_media,mobile,beauty,50.28,0,3,150.84,6,5,False
ORD102349,2025-01-03,CUST00854,returning,25-34,social_media,mobile,clothing,21.8,15,1,18.53,11,5,False
ORD100436,2025-01-03,CUST02820,returning,55+,social_media,desktop,electronics,163.97,0,1,163.97,4,5,False
ORD101789,2025-01-03,CUST01666,new,18-24,social_media,mobile,sports,36.57,0,1,36.57,6,5,False
ORD104602,2025-01-03,CUST00413,returning,18-24,social_media,desktop,electronics,77.0,5,2,146.3,9,5,False
ORD100086,2025-01-03,CUST02424,new,35-44,search_ads,mobile,clothing,55.01,20,2,88.02,5,5,False
ORD104247,2025-01-03,CUST02565,returning,25-34,search_ads,desktop,home,117.08,10,2,210.74,6,5,False
ORD101694,2025-01-03,CUST02661,new,55+,referral,desktop,clothing,71.98,0,1,71.98,5,5,False
ORD100837,2025-01-03,CUST02285,new,25-34,social_media,desktop,beauty,44.9,15,1,38.16,8,4,False
ORD100088,2025-01-03,CUST01054,new,35-44,search_ads,mobile,clothing,16.63,20,1,13.3,11,4,False
ORD103918,2025-01-03,CUST01129,returning,35-44,organic,mobile,beauty,17.97,15,1,15.27,3,5,False
ORD103897,2025-01-03,CUST02782,new,18-24,social_media,desktop,electronics,128.48,5,2,244.11,9,4,False
ORD103928,2025-01-03,CUST02073,new,55+,search_ads,desktop,home,79.06,30,1,55.34,7,4,True
ORD100471,2025-01-03,CUST02655,returning,25-34,search_ads,mobile,home,129.23,15,3,329.54,5,5,False
ORD105010,2025-01-03,CUST00718,new,25-34,social_media,desktop,beauty,10.74,0,2,21.48,6,5,False
ORD103756,2025-01-03,CUST02790,returning,35-44,organic,desktop,beauty,29.17,5,2,55.42,3,4,False
ORD100899,2025-01-03,CUST00528,new,45-54,email,mobile,electronics,150.01,0,1,150.01,7,5,False
ORD101238,2025-01-03,CUST00740,returning,55+,social_media,desktop,beauty,37.05,15,1,31.49,4,4,False
ORD102082,2025-01-03,CUST00439,returning,45-54,organic,desktop,electronics,245.39,30,1,171.77,5,4,False
ORD104717,2025-01-03,CUST02096,new,55+,organic,mobile,sports,49.93,15,1,42.44,5,5,False
ORD100326,2025-01-03,CUST02095,new,55+,referral,desktop,clothing,68.83,0,2,137.66,5,4,False
ORD101197,2025-01-04,CUST00640,new,35-44,search_ads,desktop,sports,48.49,0,3,145.47,11,2,False
ORD104324,2025-01-04,CUST01407,new,35-44,organic,mobile,electronics,207.31,0,3,621.93,8,3,False
ORD104400,2025-01-04,CUST02496,returning,25-34,organic,mobile,clothing,21.44,10,2,38.59,2,5,False
ORD104864,2025-01-04,CUST01975,returning,18-24,organic,desktop,electronics,149.84,5,1,142.35,5,4,False
ORD104357,2025-01-04,CUST01492,new,25-34,social_media,desktop,clothing,67.15,0,1,67.15,3,4,False
ORD100535,2025-01-04,CUST02629,returning,25-34,organic,mobile,home,115.23,15,2,195.89,6,4,False
ORD103361,2025-01-04,CUST01773,returning,18-24,search_ads,mobile,home,67.74,10,2,121.93,8,4,True
ORD104485,2025-01-04,CUST01628,new,55+,search_ads,desktop,sports,69.01,30,1,48.31,6,5,False
ORD104550,2025-01-04,CUST01899,new,55+,email,desktop,sports,102.68,10,3,277.24,6,5,False
ORD100519,2025-01-04,CUST02393,returning,35-44,organic,mobile,electronics,238.9,10,1,215.01,5,5,False
ORD101209,2025-01-04,CUST02367,new,55+,search_ads,desktop,beauty,41.23,0,2,82.46,4,5,False
ORD104842,2025-01-04,CUST02663,returning,55+,search_ads,desktop,electronics,222.36,10,2,400.25,3,5,True
ORD100247,2025-01-04,CUST01953,returning,35-44,search_ads,mobile,home,182.02,15,1,154.72,3,4,False
ORD100241,2025-01-04,CUST02966,new,45-54,organic,mobile,clothing,11.6,10,3,31.32,8,5,False
ORD100508,2025-01-04,CUST02113,new,35-44,search_ads,desktop,home,69.47,30,3,145.89,7,5,False
ORD101214,2025-01-04,CUST00453,new,45-54,organic,desktop,sports,10.08,5,1,9.58,8,4,False
ORD104423,2025-01-04,CUST02989,new,45-54,email,desktop,home,78.23,0,3,234.69,5,5,False
ORD104432,2025-01-04,CUST02693,new,35-44,social_media,mobile,electronics,140.63,10,2,253.13,6,4,False
ORD104205,2025-01-04,CUST00537,returning,25-34,organic,mobile,clothing,25.48,20,1,20.38,4,5,False
ORD104595,2025-01-04,CUST02096,new,18-24,search_ads,desktop,clothing,37.34,20,1,29.87,6,5,False
ORD102085,2025-01-04,CUST00885,returning,25-34,social_media,desktop,home,154.63,20,1,123.7,7,4,False
ORD103749,2025-01-04,CUST02986,returning,25-34,referral,desktop,clothing,113.93,20,2,182.29,5,5,False
ORD100918,2025-01-04,CUST00005,returning,35-44,social_media,mobile,beauty,12.45,0,3,37.35,6,5,False
ORD100883,2025-01-04,CUST02284,new,35-44,email,desktop,home,40.84,10,3,110.27,3,5,False
ORD100875,2025-01-04,CUST02007,new,45-54,email,desktop,beauty,16.28,10,1,14.65,6,5,False
ORD100871,2025-01-04,CUST00139,new,45-54,organic,mobile,clothing,27.05,0,1,27.05,7,3,False
ORD100288,2025-01-04,CUST02126,new,25-34,referral,mobile,home,73.91,0,2,147.82,9,5,False
ORD101087,2025-01-04,CUST02480,returning,25-34,social_media,desktop,sports,144.13,0,3,432.39,4,5,False
ORD101978,2025-01-04,CUST01933,returning,18-24,search_ads,mobile,home,112.15,30,2,157.01,9,4,False
ORD100731,2025-01-04,CUST02196,returning,25-34,organic,desktop,home,56.0,10,3,151.2,5,4,False
ORD103431,2025-01-04,CUST03198,returning,25-34,organic,mobile,clothing,91.94,5,2,174.69,4,5,False
ORD104796,2025-01-04,CUST00607,new,18-24,social_media,mobile,electronics,271.22,10,2,488.2,8,3,True
ORD103519,2025-01-04,CUST02466,new,25-34,social_media,desktop,clothing,28.47,10,1,25.62,5,5,False
ORD104121,2025-01-04,CUST00279,new,35-44,organic,mobile,sports,51.92,15,1,44.13,8,4,False
ORD104125,2025-01-04,CUST02484,returning,35-44,search_ads,mobile,clothing,21.06,10,1,18.95,3,5,False
ORD103478,2025-01-04,CUST01405,new,45-54,organic,mobile,sports,69.51,10,1,62.56,5,5,False
ORD103662,2025-01-04,CUST02521,new,35-44,organic,mobile,electronics,99.75,0,2,199.5,7,3,True
ORD103439,2025-01-04,CUST03029,new,35-44,search_ads,mobile,home,128.77,10,2,231.79,5,5,False
ORD100404,2025-01-04,CUST01444,returning,18-24,organic,desktop,electronics,173.65,0,2,347.3,6,5,False
ORD104208,2025-01-04,CUST00520,returning,55+,organic,mobile,beauty,22.68,10,3,61.24,5,5,False
ORD101153,2025-01-04,CUST00681,new,45-54,search_ads,mobile,sports,82.64,20,1,66.11,4,5,False
ORD100655,2025-01-04,CUST02773,returning,45-54,email,desktop,sports,140.7,10,3,379.89,2,4,False
ORD101101,2025-01-04,CUST01130,returning,25-34,organic,desktop,home,90.94,0,2,181.88,9,5,False
ORD101879,2025-01-04,CUST01416,new,45-54,organic,desktop,electronics,63.27,0,3,189.81,7,5,False
ORD103391,2025-01-04,CUST00013,new,45-54,referral,desktop,beauty,54.06,5,1,51.36,3,4,False
ORD101322,2025-01-04,CUST02055,new,18-24,email,mobile,electronics,263.9,10,2,475.02,7,3,False
ORD104983,2025-01-04,CUST01352,returning,55+,email,mobile,sports,54.43,15,1,46.27,4,4,False
ORD104929,2025-01-04,CUST02777,returning,18-24,search_ads,desktop,beauty,43.35,30,1,30.34,4,5,False
ORD102127,2025-01-04,CUST02101,returning,25-34,referral,desktop,home,87.31,0,3,261.93,3,5,False
ORD102533,2025-01-04,CUST00094,new,45-54,search_ads,mobile,home,70.6,10,2,127.08,6,5,False
ORD103152,2025-01-04,CUST01590,new,55+,organic,desktop,electronics,52.77,15,2,89.71,8,5,False
ORD102950,2025-01-04,CUST02690,returning,45-54,organic,mobile,home,83.37,0,1,83.37,3,4,False
ORD101730,2025-01-04,CUST01606,returning,35-44,social_media,desktop,beauty,31.24,5,3,89.03,6,5,False
ORD101536,2025-01-04,CUST00162,new,35-44,search_ads,desktop,home,98.2,30,2,137.48,4,5,False
ORD103175,2025-01-04,CUST02874,new,18-24,organic,desktop,beauty,47.19,10,1,42.47,5,4,False
ORD102932,2025-01-04,CUST00801,new,25-34,organic,mobile,beauty,34.93,15,2,59.38,5,4,False
ORD102498,2025-01-04,CUST01607,returning,45-54,organic,desktop,home,284.1,15,1,241.48,1,5,False
ORD102935,2025-01-04,CUST00035,new,35-44,social_media,desktop,electronics,139.38,0,1,139.38,5,4,False
ORD101412,2025-01-04,CUST01434,returning,18-24,organic,mobile,electronics,93.05,0,2,186.1,10,5,True
ORD102464,2025-01-04,CUST00487,new,55+,referral,mobile,clothing,45.99,0,1,45.99,5,5,True
ORD101524,2025-01-04,CUST00225,new,35-44,email,mobile,electronics,163.28,0,1,163.28,8,4,True
ORD101566,2025-01-04,CUST02157,new,45-54,referral,desktop,clothing,17.51,0,1,17.51,8,5,False
ORD101896,2025-01-04,CUST01659,returning,25-34,search_ads,mobile,beauty,44.3,10,2,79.74,5,5,False
ORD101633,2025-01-04,CUST00905,returning,25-34,referral,desktop,beauty,14.68,10,2,26.42,7,5,False
ORD102463,2025-01-04,CUST01244,returning,25-34,search_ads,mobile,home,141.4,10,3,381.78,4,4,False
ORD101598,2025-01-04,CUST01948,new,35-44,referral,mobile,clothing,73.94,0,1,73.94,3,5,False
ORD102964,2025-01-04,CUST01757,new,25-34,social_media,mobile,home,79.6,15,2,135.32,3,5,False
ORD100125,2025-01-04,CUST03194,new,18-24,search_ads,desktop,clothing,17.84,15,1,15.16,4,5,False
ORD101928,2025-01-04,CUST02094,new,35-44,search_ads,desktop,electronics,166.31,0,3,498.93,10,5,False
ORD100146,2025-01-04,CUST01272,new,25-34,social_media,mobile,electronics,87.17,0,1,87.17,6,5,False
ORD100037,2025-01-04,CUST02828,returning,45-54,search_ads,desktop,home,64.85,20,1,51.88,3,5,True
ORD104496,2025-01-04,CUST02067,returning,25-34,social_media,mobile,clothing,33.49,5,2,63.63,9,5,False
ORD103564,2025-01-05,CUST01527,returning,25-34,email,desktop,electronics,207.34,0,3,622.02,10,4,False
ORD105182,2025-01-05,CUST02211,returning,18-24,search_ads,mobile,electronics,234.91,15,1,199.67,8,5,True
ORD104774,2025-01-05,CUST00736,new,25-34,organic,mobile,sports,34.84,10,2,62.71,4,4,False
ORD101019,2025-01-05,CUST00980,new,35-44,search_ads,desktop,beauty,15.96,30,3,33.52,3,5,False
ORD101920,2025-01-05,CUST00667,new,18-24,social_media,mobile,home,156.34,20,1,125.07,5,5,False
ORD101739,2025-01-05,CUST01901,returning,45-54,organic,mobile,clothing,60.88,15,2,103.5,10,4,False
ORD102037,2025-01-05,CUST01883,new,18-24,search_ads,mobile,clothing,12.56,20,1,10.05,6,5,False
ORD102446,2025-01-05,CUST01695,returning,25-34,social_media,desktop,clothing,33.42,10,1,30.08,5,5,False
ORD100300,2025-01-05,CUST01098,returning,35-44,search_ads,desktop,beauty,51.43,10,1,46.29,7,4,True
ORD101247,2025-01-05,CUST00821,returning,45-54,search_ads,desktop,clothing,67.36,15,2,114.51,5,5,False
ORD105188,2025-01-05,CUST00488,returning,35-44,organic,desktop,sports,235.11,0,1,235.11,4,5,False
ORD100128,2025-01-05,CUST00154,new,55+,organic,mobile,clothing,84.18,0,2,168.36,7,5,False
ORD103965,2025-01-05,CUST02124,new,45-54,social_media,mobile,beauty,26.54,0,2,53.08,4,5,False
ORD100821,2025-01-05,CUST02703,new,18-24,social_media,mobile,clothing,33.33,0,3,99.99,1,4,True
ORD104694,2025-01-05,CUST01132,new,18-24,search_ads,mobile,home,103.27,20,2,165.23,4,5,False
ORD104695,2025-01-05,CUST01198,new,18-24,search_ads,desktop,home,61.58,30,2,86.21,7,4,False
ORD103299,2025-01-05,CUST01767,new,35-44,organic,mobile,electronics,140.82,10,2,253.48,10,3,False
ORD104040,2025-01-05,CUST01954,returning,25-34,referral,mobile,home,107.4,5,2,204.06,9,5,False
ORD104064,2025-01-05,CUST01758,new,25-34,organic,mobile,clothing,48.82,20,2,78.11,6,5,False
ORD102595,2025-01-05,CUST01985,new,45-54,social_media,mobile,clothing,59.44,5,1,56.47,4,5,False
ORD103818,2025-01-05,CUST00959,returning,18-24,social_media,mobile,home,57.11,15,1,48.54,6,5,False
ORD103814,2025-01-05,CUST00437,returning,25-34,referral,mobile,beauty,20.93,0,2,41.86,7,5,False
ORD103812,2025-01-05,CUST00228,returning,35-44,organic,desktop,beauty,18.3,10,2,32.94,2,5,False
ORD102574,2025-01-05,CUST01451,new,45-54,search_ads,mobile,clothing,101.57,20,2,162.51,4,4,False
ORD102005,2025-01-05,CUST02602,new,45-54,email,mobile,sports,45.27,10,1,40.74,10,5,False
ORD103799,2025-01-05,CUST01721,returning,18-24,referral,mobile,home,64.66,0,1,64.66,5,4,False
ORD102207,2025-01-05,CUST00077,new,25-34,organic,desktop,beauty,69.27,0,2,138.54,3,5,False
ORD103769,2025-01-05,CUST00063,new,25-34,organic,desktop,clothing,55.61,10,2,100.1,11,5,False
ORD104123,2025-01-05,CUST00336,new,25-34,search_ads,mobile,clothing,59.57,15,1,50.63,5,4,False
ORD100414,2025-01-05,CUST01504,new,55+,organic,mobile,electronics,179.83,5,3,512.52,10,5,False
ORD100840,2025-01-05,CUST01936,returning,45-54,referral,mobile,clothing,69.8,10,1,62.82,6,4,False
ORD104590,2025-01-05,CUST02651,new,25-34,search_ads,desktop,electronics,137.28,10,1,123.55,10,4,False
ORD104424,2025-01-05,CUST01145,returning,55+,search_ads,mobile,clothing,28.6,15,3,72.93,4,5,False
ORD100256,2025-01-05,CUST02306,returning,25-34,social_media,mobile,clothing,22.59,0,1,22.59,5,4,False
ORD100026,2025-01-05,CUST02991,returning,45-54,search_ads,desktop,sports,92.6,20,2,148.16,7,5,False
ORD103183,2025-01-05,CUST03033,returning,35-44,social_media,mobile,clothing,68.02,20,2,108.83,2,5,False
ORD103174,2025-01-05,CUST00654,new,25-34,organic,mobile,clothing,24.36,0,1,24.36,3,5,True
ORD103430,2025-01-05,CUST01983,new,35-44,search_ads,mobile,sports,120.56,10,2,217.01,3,4,False
ORD100435,2025-01-05,CUST03154,new,25-34,social_media,mobile,home,185.48,20,1,148.38,4,5,False
ORD104895,2025-01-05,CUST00417,new,45-54,organic,mobile,sports,33.95,15,2,57.72,5,5,False
ORD104816,2025-01-05,CUST02900,returning,35-44,search_ads,mobile,electronics,86.49,15,1,73.52,6,5,False
ORD103448,2025-01-05,CUST00467,returning,25-34,social_media,mobile,clothing,60.73,5,1,57.69,8,5,True
ORD100048,2025-01-05,CUST00854,new,55+,search_ads,mobile,beauty,27.28,20,1,21.82,3,5,False
ORD103461,2025-01-05,CUST01449,new,35-44,organic,mobile,beauty,30.14,10,2,54.25,6,5,False
ORD101965,2025-01-05,CUST01015,returning,35-44,organic,mobile,beauty,24.3,0,3,72.9,6,5,False
ORD105165,2025-01-05,CUST00909,new,18-24,social_media,desktop,clothing,18.97,20,1,15.18,4,5,False
ORD102288,2025-01-05,CUST00783,new,25-34,organic,desktop,beauty,56.6,0,2,113.2,1,5,False
ORD104427,2025-01-05,CUST02012,new,35-44,search_ads,mobile,sports,55.33,0,3,165.99,2,5,False
ORD104880,2025-01-05,CUST02313,returning,45-54,email,mobile,clothing,44.98,15,2,76.47,5,4,False
ORD100601,2025-01-05,CUST01125,returning,18-24,social_media,desktop,home,177.28,0,3,531.84,6,3,False
ORD101777,2025-01-05,CUST02139,new,35-44,search_ads,mobile,beauty,21.05,20,1,16.84,4,5,False
ORD102280,2025-01-05,CUST00010,returning,45-54,email,desktop,sports,72.85,20,1,58.28,4,4,False
ORD104366,2025-01-05,CUST01703,returning,45-54,search_ads,desktop,electronics,372.35,15,2,633.0,4,5,False
ORD102402,2025-01-05,CUST03043,new,25-34,social_media,desktop,electronics,234.54,20,2,375.26,11,4,True
ORD102247,2025-01-05,CUST00715,new,35-44,social_media,mobile,electronics,283.95,0,1,283.95,8,5,False
ORD104299,2025-01-05,CUST02781,new,55+,search_ads,mobile,beauty,17.5,10,3,47.25,4,5,False
ORD101114,2025-01-05,CUST01321,new,18-24,social_media,mobile,clothing,28.62,5,1,27.19,3,5,True
ORD103548,2025-01-05,CUST02746,returning,35-44,email,mobile,clothing,80.58,15,2,136.99,11,5,False
ORD100287,2025-01-05,CUST02827,returning,25-34,email,mobile,sports,61.56,10,3,166.21,9,3,False
ORD102398,2025-01-05,CUST01916,returning,35-44,search_ads,mobile,clothing,37.35,20,1,29.88,3,4,False
ORD104276,2025-01-05,CUST00470,new,35-44,social_media,mobile,home,25.54,0,2,51.08,3,5,False
ORD103300,2025-01-05,CUST02271,new,18-24,organic,mobile,electronics,188.51,15,1,160.23,10,4,True
ORD102985,2025-01-05,CUST00259,new,35-44,social_media,desktop,home,173.73,10,1,156.36,4,5,False
ORD103020,2025-01-05,CUST02296,returning,35-44,organic,mobile,electronics,212.74,10,3,574.4,11,5,False
ORD104538,2025-01-06,CUST00410,new,55+,social_media,desktop,home,31.37,0,2,62.74,4,5,False
ORD102610,2025-01-06,CUST00002,new,35-44,email,mobile,electronics,26.44,20,3,63.46,6,5,False
ORD104006,2025-01-06,CUST00405,returning,55+,organic,mobile,electronics,284.52,0,2,569.04,7,4,False
ORD100365,2025-01-06,CUST02724,new,45-54,social_media,mobile,home,78.97,10,1,71.07,3,5,False
ORD104532,2025-01-06,CUST02330,new,25-34,referral,mobile,clothing,45.94,5,2,87.29,4,5,False
ORD104452,2025-01-06,CUST01318,returning,25-34,search_ads,desktop,clothing,48.14,15,3,122.76,4,5,False
ORD102310,2025-01-06,CUST00690,returning,18-24,social_media,mobile,clothing,49.27,0,2,98.54,6,4,False
ORD101666,2025-01-06,CUST02215,new,45-54,social_media,mobile,electronics,131.25,5,2,249.38,6,4,False
ORD100447,2025-01-06,CUST00897,new,35-44,email,mobile,home,95.19,0,1,95.19,3,4,False
ORD102007,2025-01-06,CUST02775,returning,25-34,organic,desktop,home,79.86,10,2,143.75,5,4,False
ORD102382,2025-01-06,CUST01789,new,55+,social_media,mobile,clothing,43.11,10,1,38.8,8,4,False
ORD100604,2025-01-06,CUST00531,returning,18-24,social_media,mobile,electronics,203.93,5,3,581.2,7,5,False
ORD102504,2025-01-06,CUST01673,returning,55+,organic,mobile,home,40.54,5,2,77.03,5,5,False
ORD101731,2025-01-06,CUST01299,new,45-54,organic,desktop,home,115.91,15,1,98.52,6,5,False
ORD104164,2025-01-06,CUST00118,returning,18-24,referral,desktop,beauty,30.17,10,1,27.15,5,5,False
ORD100698,2025-01-06,CUST02545,new,35-44,search_ads,mobile,electronics,118.41,20,2,189.46,10,5,False
ORD100005,2025-01-06,CUST02724,returning,25-34,referral,mobile,home,32.14,20,2,51.42,1,5,False
ORD100394,2025-01-06,CUST03194,returning,25-34,referral,desktop,electronics,118.57,10,1,106.71,5,5,True
ORD104620,2025-01-06,CUST01099,returning,18-24,social_media,desktop,electronics,168.03,10,3,453.68,11,4,False
ORD102242,2025-01-06,CUST02904,new,25-34,organic,mobile,clothing,63.11,10,1,56.8,9,5,False
ORD104420,2025-01-06,CUST02312,new,35-44,organic,mobile,clothing,20.46,0,3,61.38,6,5,False
ORD104571,2025-01-06,CUST03156,new,35-44,search_ads,mobile,home,137.67,15,1,117.02,6,5,False
ORD105043,2025-01-06,CUST01641,returning,35-44,search_ads,mobile,sports,22.26,0,2,44.52,4,5,False
ORD101719,2025-01-06,CUST02645,returning,55+,referral,desktop,home,117.41,0,3,352.23,4,4,False
ORD100523,2025-01-06,CUST01052,new,45-54,organic,mobile,beauty,15.54,20,2,24.86,5,5,False
ORD100072,2025-01-06,CUST01437,returning,25-34,organic,mobile,home,146.79,20,1,117.43,10,4,True
ORD101773,2025-01-06,CUST02695,new,18-24,social_media,mobile,clothing,41.43,0,2,82.86,2,5,False
ORD104102,2025-01-06,CUST00866,returning,35-44,referral,mobile,clothing,42.61,10,2,76.7,7,5,False
ORD102361,2025-01-06,CUST02199,new,25-34,organic,desktop,electronics,240.2,0,3,720.6,7,5,False
ORD104250,2025-01-06,CUST01426,returning,25-34,social_media,desktop,electronics,97.03,15,1,82.48,4,5,False
ORD104514,2025-01-06,CUST00080,new,25-34,social_media,mobile,beauty,17.23,15,3,43.94,4,5,False
ORD104923,2025-01-06,CUST02089,new,25-34,organic,mobile,beauty,26.0,5,2,49.4,6,5,False
ORD103764,2025-01-06,CUST02306,new,25-34,search_ads,desktop,clothing,38.89,15,1,33.06,4,5,False
ORD103721,2025-01-06,CUST00286,returning,25-34,email,desktop,clothing,92.78,15,3,236.59,8,5,False
ORD102250,2025-01-06,CUST00643,new,25-34,referral,desktop,clothing,27.31,0,2,54.62,6,5,True
ORD101296,2025-01-06,CUST00904,new,45-54,organic,desktop,home,92.94,10,3,250.94,8,4,False
ORD101072,2025-01-06,CUST02987,new,45-54,social_media,mobile,electronics,137.01,10,3,369.93,5,5,False
ORD103085,2025-01-06,CUST01537,new,25-34,organic,desktop,home,114.36,20,3,274.46,9,5,False
ORD103707,2025-01-06,CUST03129,new,35-44,email,mobile,home,42.28,15,1,35.94,5,5,False
ORD103693,2025-01-06,CUST02088,returning,25-34,search_ads,mobile,home,88.72,0,1,88.72,11,5,False
ORD103680,2025-01-06,CUST01474,new,25-34,social_media,desktop,beauty,14.04,0,2,28.08,5,4,False
ORD101932,2025-01-06,CUST02323,returning,55+,social_media,desktop,electronics,121.4,10,1,109.26,9,4,False
ORD101466,2025-01-06,CUST02695,returning,18-24,search_ads,desktop,clothing,21.27,15,1,18.08,4,5,False
ORD101129,2025-01-06,CUST00630,new,55+,referral,mobile,sports,39.12,0,1,39.12,6,5,False
ORD103655,2025-01-06,CUST00340,new,45-54,social_media,mobile,clothing,50.49,10,1,45.44,3,5,False
ORD103477,2025-01-06,CUST02006,new,18-24,search_ads,mobile,sports,69.13,10,2,124.43,6,5,False
ORD101467,2025-01-06,CUST00443,new,18-24,social_media,mobile,clothing,112.79,30,1,78.95,4,5,False
ORD104748,2025-01-06,CUST00945,returning,25-34,email,mobile,sports,32.24,5,1,30.63,3,5,False
ORD103062,2025-01-06,CUST00657,returning,55+,search_ads,mobile,clothing,59.55,20,1,47.64,5,4,False
ORD102161,2025-01-06,CUST02725,returning,35-44,organic,mobile,home,34.11,20,2,54.58,8,5,True
ORD101475,2025-01-06,CUST01225,new,25-34,email,mobile,clothing,37.76,0,3,113.28,9,3,False
ORD103787,2025-01-06,CUST00619,returning,35-44,organic,desktop,clothing,22.43,0,2,44.86,6,5,False
ORD102732,2025-01-06,CUST01904,new,35-44,organic,desktop,electronics,98.0,5,2,186.2,6,5,False
ORD102695,2025-01-06,CUST02972,new,18-24,social_media,mobile,electronics,105.22,5,1,99.96,11,3,False
ORD102111,2025-01-06,CUST02863,new,18-24,social_media,desktop,clothing,29.74,0,2,59.48,3,4,False
ORD103544,2025-01-06,CUST00124,new,18-24,email,desktop,beauty,14.44,0,2,28.88,4,4,False
ORD102725,2025-01-06,CUST01949,new,35-44,search_ads,mobile,clothing,16.34,30,1,11.44,3,5,False
ORD103871,2025-01-06,CUST01136,returning,35-44,social_media,desktop,home,104.16,30,2,145.82,7,5,False
ORD103036,2025-01-06,CUST01848,new,45-54,organic,desktop,electronics,218.29,30,1,152.8,8,5,True
ORD103244,2025-01-06,CUST01048,new,35-44,email,desktop,home,55.51,10,2,99.92,4,5,False
ORD101463,2025-01-06,CUST00651,new,45-54,email,desktop,home,186.17,0,1,186.17,4,4,False
ORD100940,2025-01-06,CUST03059,returning,35-44,search_ads,desktop,clothing,31.87,15,1,27.09,2,5,False
ORD101387,2025-01-06,CUST01871,returning,35-44,referral,mobile,beauty,27.57,10,1,24.81,5,5,False
ORD104712,2025-01-06,CUST02336,new,25-34,referral,desktop,clothing,31.13,0,2,62.26,7,5,False
ORD102794,2025-01-06,CUST03086,returning,25-34,email,desktop,home,70.14,10,3,189.38,6,5,False
ORD104891,2025-01-06,CUST00704,returning,55+,organic,mobile,clothing,13.34,5,2,25.35,4,5,False
ORD103229,2025-01-06,CUST01553,returning,45-54,search_ads,mobile,home,34.42,10,2,61.96,6,4,False
ORD101207,2025-01-06,CUST01716,returning,55+,email,desktop,clothing,44.99,0,1,44.99,9,5,False
ORD103807,2025-01-06,CUST02568,new,25-34,social_media,desktop,electronics,203.27,0,2,406.54,8,4,False
ORD104847,2025-01-06,CUST00465,new,35-44,search_ads,mobile,beauty,28.29,0,1,28.29,5,4,False
ORD104337,2025-01-07,CUST03120,returning,25-34,email,mobile,clothing,28.19,0,1,28.19,8,3,False
ORD103038,2025-01-07,CUST02875,returning,45-54,search_ads,mobile,clothing,50.94,10,3,137.54,5,5,False
ORD102227,2025-01-07,CUST02945,new,55+,organic,mobile,sports,54.05,15,1,45.94,4,5,True
ORD101079,2025-01-07,CUST00473,new,25-34,search_ads,desktop,electronics,231.09,0,3,693.27,11,4,False
ORD103043,2025-01-07,CUST00695,new,45-54,organic,mobile,clothing,34.37,15,1,29.21,5,5,False
ORD102196,2025-01-07,CUST02951,new,55+,social_media,mobile,electronics,79.39,20,1,63.51,7,4,False
ORD102413,2025-01-07,CUST01807,new,25-34,social_media,mobile,beauty,59.4,5,2,112.86,3,5,True
ORD101374,2025-01-07,CUST00336,new,25-34,organic,mobile,electronics,100.21,20,2,160.34,8,5,False
ORD101144,2025-01-07,CUST01190,returning,18-24,referral,desktop,home,69.77,0,1,69.77,8,5,False
ORD101372,2025-01-07,CUST02805,returning,18-24,organic,mobile,home,76.17,0,1,76.17,7,5,False
ORD101186,2025-01-07,CUST01780,returning,35-44,social_media,desktop,home,130.29,15,2,221.49,1,5,False
ORD102355,2025-01-07,CUST02281,returning,35-44,social_media,mobile,clothing,53.52,15,3,136.48,5,5,False
ORD102029,2025-01-07,CUST00497,returning,18-24,search_ads,mobile,clothing,30.49,30,3,64.03,4,4,False
ORD103199,2025-01-07,CUST02104,returning,45-54,social_media,mobile,beauty,30.53,0,2,61.06,8,3,True
ORD101272,2025-01-07,CUST02360,returning,25-34,social_media,desktop,beauty,17.1,20,1,13.68,4,5,True
ORD103356,2025-01-07,CUST00099,new,45-54,search_ads,mobile,clothing,31.81,15,1,27.04,8,4,False
ORD103337,2025-01-07,CUST01597,returning,35-44,referral,desktop,electronics,121.77,0,1,121.77,10,5,False
ORD101868,2025-01-07,CUST01934,new,25-34,social_media,mobile,home,76.37,15,2,129.83,5,5,False
ORD103285,2025-01-07,CUST00646,returning,25-34,search_ads,mobile,electronics,152.68,0,2,305.36,7,5,False
ORD101790,2025-01-07,CUST01419,returning,25-34,social_media,mobile,clothing,55.33,15,2,94.06,4,5,False
ORD101449,2025-01-07,CUST03167,returning,35-44,organic,mobile,clothing,50.39,20,2,80.62,2,4,False
ORD102485,2025-01-07,CUST02687,returning,45-54,search_ads,desktop,clothing,41.16,0,2,82.32,5,5,False
ORD101961,2025-01-07,CUST00966,new,18-24,email,mobile,clothing,68.33,10,2,122.99,3,5,False
ORD100726,2025-01-07,CUST01067,new,35-44,email,desktop,clothing,62.02,0,2,124.04,3,5,False
ORD102823,2025-01-07,CUST02891,new,18-24,organic,mobile,home,27.53,10,2,49.55,3,4,False
ORD100734,2025-01-07,CUST00202,returning,18-24,organic,mobile,beauty,84.59,15,1,71.9,3,5,False
ORD104084,2025-01-07,CUST02157,returning,45-54,organic,desktop,beauty,26.04,15,2,44.27,1,5,True
ORD103808,2025-01-07,CUST02932,new,55+,referral,desktop,home,110.72,10,2,199.3,4,4,False
ORD101539,2025-01-07,CUST00901,new,25-34,email,mobile,electronics,171.43,0,2,342.86,11,4,True
ORD102604,2025-01-07,CUST00110,new,25-34,social_media,mobile,home,67.27,0,1,67.27,6,5,False
ORD101540,2025-01-07,CUST00565,returning,55+,organic,mobile,clothing,30.96,0,3,92.88,4,5,True
ORD102741,2025-01-07,CUST00216,returning,55+,email,mobile,beauty,53.31,0,1,53.31,11,4,True
ORD102622,2025-01-07,CUST02801,new,35-44,social_media,mobile,home,136.51,5,3,389.05,7,5,False
ORD100891,2025-01-07,CUST01219,returning,25-34,referral,desktop,home,104.66,0,1,104.66,5,5,False
ORD101655,2025-01-07,CUST01833,returning,25-34,search_ads,mobile,beauty,23.73,30,1,16.61,4,5,False
ORD102710,2025-01-07,CUST00835,returning,35-44,search_ads,mobile,sports,78.7,30,3,165.27,1,5,False
ORD102071,2025-01-07,CUST00792,new,25-34,email,mobile,clothing,36.19,0,2,72.38,5,5,False
ORD102200,2025-01-07,CUST03001,returning,25-34,organic,mobile,home,57.49,5,1,54.62,11,4,False
ORD104111,2025-01-07,CUST01736,returning,45-54,organic,desktop,clothing,51.7,0,3,155.1,5,5,False
ORD100618,2025-01-07,CUST02245,returning,25-34,social_media,mobile,electronics,102.35,10,1,92.12,7,4,False
ORD102208,2025-01-07,CUST01775,new,18-24,email,mobile,beauty,20.47,20,3,49.13,3,4,False
ORD101530,2025-01-07,CUST01653,new,25-34,organic,mobile,clothing,41.92,15,1,35.63,4,5,False
ORD103568,2025-01-07,CUST03123,returning,35-44,social_media,desktop,clothing,69.84,20,1,55.87,4,5,False
ORD102943,2025-01-07,CUST01330,returning,25-34,referral,mobile,electronics,82.62,15,1,70.23,5,5,False
ORD101760,2025-01-07,CUST02032,returning,18-24,social_media,mobile,clothing,50.59,15,3,129.0,4,4,False
ORD104222,2025-01-07,CUST00065,returning,35-44,referral,mobile,beauty,65.68,10,2,118.22,2,5,False
ORD102017,2025-01-07,CUST00226,returning,55+,social_media,desktop,home,76.16,30,1,53.31,11,5,False
ORD102484,2025-01-07,CUST00057,returning,25-34,search_ads,mobile,clothing,35.49,10,2,63.88,5,5,False
ORD102874,2025-01-07,CUST01972,returning,25-34,referral,mobile,sports,68.37,10,1,61.53,7,5,False
ORD102860,2025-01-07,CUST00702,returning,45-54,social_media,desktop,electronics,89.46,5,2,169.97,11,5,False
ORD104173,2025-01-07,CUST02314,new,45-54,organic,desktop,sports,56.68,5,1,53.85,7,5,False
ORD102851,2025-01-07,CUST01745,new,45-54,email,mobile,sports,58.96,5,1,56.01,4,5,False
ORD104155,2025-01-07,CUST00502,returning,25-34,email,desktop,clothing,45.08,0,3,135.24,2,4,False
ORD101015,2025-01-07,CUST00936,returning,25-34,search_ads,mobile,clothing,51.3,30,1,35.91,7,3,True
ORD102849,2025-01-07,CUST01204,returning,35-44,organic,desktop,clothing,56.77,0,2,113.54,5,5,False
ORD102846,2025-01-07,CUST02149,new,35-44,referral,mobile,beauty,19.34,15,3,49.32,5,5,False
ORD101728,2025-01-07,CUST01631,new,35-44,referral,mobile,electronics,180.14,5,1,171.13,9,5,False
ORD101718,2025-01-07,CUST01230,new,25-34,email,mobile,electronics,265.5,0,1,265.5,4,5,True
ORD103854,2025-01-07,CUST01224,new,25-34,search_ads,mobile,clothing,54.19,30,1,37.93,5,5,False
ORD101012,2025-01-07,CUST00238,returning,35-44,organic,mobile,electronics,83.63,10,1,75.27,10,4,True
ORD100029,2025-01-07,CUST02408,new,35-44,organic,mobile,electronics,163.39,0,2,326.78,7,4,False
ORD105042,2025-01-07,CUST00105,returning,25-34,referral,desktop,electronics,65.31,10,1,58.78,8,5,False
ORD100376,2025-01-07,CUST03074,returning,18-24,search_ads,mobile,sports,88.15,15,2,149.86,3,4,False
ORD100307,2025-01-07,CUST00365,new,35-44,email,mobile,beauty,39.15,20,3,93.96,9,5,False
ORD100406,2025-01-07,CUST01323,returning,55+,email,desktop,home,27.31,5,1,25.94,4,5,False
ORD104738,2025-01-07,CUST01521,new,35-44,organic,mobile,clothing,31.77,0,2,63.54,6,5,False
ORD100318,2025-01-07,CUST02466,new,25-34,social_media,desktop,electronics,195.4,10,3,527.58,3,5,False
ORD104565,2025-01-07,CUST01563,new,25-34,search_ads,mobile,beauty,30.61,15,1,26.02,1,4,False
ORD100058,2025-01-07,CUST02684,new,35-44,search_ads,mobile,electronics,82.94,15,2,141.0,7,5,True
ORD104853,2025-01-07,CUST00152,returning,55+,search_ads,mobile,sports,93.47,15,1,79.45,5,5,False
ORD100066,2025-01-07,CUST00496,returning,18-24,email,desktop,home,65.35,15,3,166.64,4,5,False
ORD105054,2025-01-07,CUST01822,new,18-24,referral,desktop,clothing,80.85,15,2,137.44,3,5,False
ORD100323,2025-01-07,CUST02515,new,45-54,email,mobile,clothing,59.3,5,3,169.0,2,5,False
ORD104835,2025-01-07,CUST00503,new,25-34,referral,mobile,electronics,126.34,15,1,107.39,5,5,False
ORD105004,2025-01-07,CUST00736,returning,35-44,organic,desktop,clothing,26.26,10,1,23.63,5,5,False
ORD105198,2025-01-07,CUST02314,new,25-34,email,mobile,beauty,25.99,30,1,18.19,3,5,False
ORD104722,2025-01-07,CUST00381,new,25-34,social_media,mobile,clothing,51.61,10,2,92.9,3,5,False
ORD100824,2025-01-08,CUST01742,returning,25-34,organic,desktop,clothing,52.51,30,3,110.27,5,5,False
ORD102904,2025-01-08,CUST00158,new,45-54,social_media,mobile,electronics,118.21,20,2,189.14,6,5,False
ORD103945,2025-01-08,CUST01262,new,18-24,organic,mobile,electronics,74.51,0,2,149.02,5,4,False
ORD103555,2025-01-08,CUST01342,new,18-24,search_ads,mobile,clothing,61.74,15,2,104.96,9,5,False
ORD100522,2025-01-08,CUST00313,new,25-34,search_ads,mobile,clothing,35.89,30,1,25.12,5,5,False
ORD104798,2025-01-08,CUST01313,new,35-44,search_ads,mobile,clothing,36.31,10,3,98.04,3,4,False
ORD104562,2025-01-08,CUST00855,returning,35-44,organic,mobile,electronics,140.05,5,3,399.14,5,5,False
ORD103417,2025-01-08,CUST02924,returning,25-34,organic,mobile,home,94.67,20,3,227.21,5,5,True
ORD100575,2025-01-08,CUST01481,returning,35-44,search_ads,mobile,beauty,31.62,15,1,26.88,4,5,False
ORD100846,2025-01-08,CUST01211,new,25-34,email,desktop,clothing,40.91,0,2,81.82,6,4,False
ORD101432,2025-01-08,CUST00104,new,45-54,organic,mobile,home,56.9,5,1,54.05,6,4,False
ORD103023,2025-01-08,CUST01615,returning,18-24,social_media,mobile,beauty,29.24,15,1,24.85,5,4,False
ORD100379,2025-01-08,CUST01417,new,45-54,search_ads,mobile,clothing,43.57,20,1,34.86,3,5,False
ORD102639,2025-01-08,CUST02318,returning,25-34,social_media,desktop,home,253.34,5,1,240.67,8,5,False
ORD101102,2025-01-08,CUST01509,new,35-44,referral,mobile,beauty,45.44,10,2,81.79,7,5,False
ORD100374,2025-01-08,CUST02423,returning,35-44,organic,desktop,clothing,31.81,15,2,54.08,5,5,False
ORD102392,2025-01-08,CUST02965,new,35-44,referral,desktop,electronics,460.24,10,1,414.22,11,5,False
ORD104254,2025-01-08,CUST00486,returning,35-44,referral,mobile,clothing,21.24,10,2,38.23,2,5,False
ORD103498,2025-01-08,CUST02943,new,35-44,referral,desktop,electronics,312.41,10,2,562.34,4,5,False
ORD101121,2025-01-08,CUST03182,new,45-54,organic,mobile,electronics,142.42,0,1,142.42,8,4,False
ORD100423,2025-01-08,CUST00560,returning,35-44,organic,desktop,clothing,57.25,5,1,54.39,10,4,False
ORD100172,2025-01-08,CUST02988,new,45-54,organic,desktop,beauty,78.43,15,1,66.67,1,5,False
ORD103069,2025-01-08,CUST01265,returning,25-34,organic,desktop,clothing,33.38,30,3,70.1,4,4,True
ORD104390,2025-01-08,CUST01155,new,18-24,search_ads,mobile,clothing,70.34,0,3,211.02,6,5,False
ORD101128,2025-01-08,CUST01506,new,55+,email,desktop,electronics,260.48,0,3,781.44,9,4,False
ORD103081,2025-01-08,CUST00367,new,35-44,social_media,mobile,clothing,72.7,0,2,145.4,3,3,False
ORD105144,2025-01-08,CUST01761,new,35-44,organic,desktop,beauty,36.7,0,1,36.7,5,5,False
ORD101037,2025-01-08,CUST00178,new,18-24,social_media,mobile,beauty,21.33,20,1,17.06,7,4,False
ORD101366,2025-01-08,CUST02717,returning,55+,email,desktop,sports,70.2,10,2,126.36,3,5,False
ORD105132,2025-01-08,CUST01814,returning,25-34,email,mobile,home,40.35,0,1,40.35,3,5,False
ORD103458,2025-01-08,CUST02884,returning,25-34,social_media,mobile,clothing,55.47,5,1,52.7,4,5,False
ORD104814,2025-01-08,CUST02542,returning,55+,search_ads,mobile,electronics,113.76,15,1,96.7,7,4,False
ORD101763,2025-01-08,CUST01901,returning,45-54,search_ads,mobile,clothing,26.94,0,1,26.94,5,5,False
ORD100266,2025-01-08,CUST01386,new,18-24,referral,desktop,clothing,72.2,0,1,72.2,3,5,False
ORD104413,2025-01-08,CUST00478,returning,45-54,organic,mobile,clothing,18.62,10,3,50.27,2,5,False
ORD101665,2025-01-08,CUST01124,returning,35-44,organic,desktop,sports,78.68,20,2,125.89,4,4,False
ORD102640,2025-01-08,CUST00923,returning,25-34,search_ads,mobile,electronics,189.35,15,1,160.95,6,5,True
ORD100380,2025-01-08,CUST02620,new,35-44,social_media,mobile,beauty,38.32,10,2,68.98,5,5,False
ORD102203,2025-01-08,CUST00854,new,55+,email,desktop,electronics,504.19,15,1,428.56,8,5,False
ORD101555,2025-01-08,CUST01166,new,25-34,social_media,desktop,clothing,40.52,0,1,40.52,3,5,False
ORD104622,2025-01-08,CUST00939,returning,25-34,social_media,desktop,clothing,37.21,0,3,111.63,4,5,False
ORD103832,2025-01-08,CUST00069,returning,25-34,organic,desktop,electronics,127.26,5,1,120.9,11,5,False
ORD100968,2025-01-08,CUST00410,new,18-24,social_media,mobile,home,71.52,5,2,135.89,8,5,False
ORD103740,2025-01-08,CUST00750,new,18-24,organic,desktop,beauty,10.52,20,3,25.25,5,5,False
ORD104465,2025-01-08,CUST00396,new,18-24,email,mobile,beauty,16.94,0,1,16.94,6,5,False
ORD102700,2025-01-08,CUST02358,new,35-44,referral,mobile,home,72.53,0,1,72.53,6,5,False
ORD102784,2025-01-08,CUST02454,returning,18-24,social_media,mobile,clothing,56.85,15,1,48.32,5,5,False
ORD101834,2025-01-08,CUST00087,new,35-44,organic,mobile,home,95.76,10,3,258.55,4,5,False
ORD103736,2025-01-08,CUST00555,returning,35-44,social_media,mobile,home,63.16,0,2,126.32,5,5,False
ORD103316,2025-01-08,CUST01672,new,45-54,search_ads,mobile,sports,33.9,20,3,81.36,8,4,False
ORD104177,2025-01-08,CUST02815,returning,25-34,email,mobile,sports,67.19,30,2,94.07,5,5,True
ORD103342,2025-01-08,CUST00762,new,35-44,search_ads,mobile,clothing,61.94,10,1,55.75,6,5,False
ORD103728,2025-01-08,CUST03181,new,35-44,organic,mobile,beauty,54.25,10,2,97.65,7,5,True
ORD100965,2025-01-08,CUST03106,returning,25-34,organic,desktop,clothing,39.9,30,1,27.93,6,5,False
ORD101821,2025-01-08,CUST00027,new,18-24,social_media,mobile,clothing,20.38,20,3,48.91,5,5,True
ORD103222,2025-01-08,CUST02029,returning,45-54,social_media,desktop,electronics,73.08,15,2,124.24,7,5,False
ORD101707,2025-01-08,CUST01726,new,55+,search_ads,mobile,electronics,151.25,0,2,302.5,8,5,False
ORD102527,2025-01-08,CUST01677,returning,25-34,search_ads,mobile,electronics,52.74,30,2,73.84,8,4,True
ORD104868,2025-01-08,CUST02380,returning,55+,social_media,desktop,electronics,111.98,30,3,235.16,8,3,False
ORD102193,2025-01-08,CUST00232,returning,35-44,organic,desktop,electronics,409.32,15,2,695.84,9,5,False
ORD102842,2025-01-08,CUST02347,new,18-24,organic,mobile,clothing,68.34,20,3,164.02,2,5,False
ORD100887,2025-01-08,CUST01832,new,25-34,email,mobile,electronics,100.39,5,2,190.74,5,5,False
ORD100096,2025-01-08,CUST02969,new,25-34,organic,mobile,home,87.11,10,3,235.2,8,5,True
ORD100386,2025-01-08,CUST02965,returning,35-44,social_media,desktop,beauty,54.44,0,3,163.32,8,4,False
ORD101925,2025-01-08,CUST02956,new,25-34,organic,desktop,home,49.93,5,1,47.43,3,5,False
ORD100496,2025-01-08,CUST01388,returning,18-24,email,desktop,electronics,382.71,5,3,1090.72,13,4,False
ORD101537,2025-01-08,CUST01416,new,35-44,social_media,mobile,electronics,149.95,10,2,269.91,8,4,False
ORD103793,2025-01-08,CUST01002,returning,18-24,organic,mobile,electronics,141.57,15,2,240.67,6,5,False
ORD102018,2025-01-08,CUST00321,new,45-54,email,mobile,home,46.19,10,1,41.57,3,5,False
ORD102364,2025-01-08,CUST02648,new,55+,social_media,mobile,electronics,233.82,5,2,444.26,1,5,False
ORD103821,2025-01-08,CUST00466,new,55+,search_ads,mobile,electronics,195.1,10,1,175.59,4,4,False
ORD104885,2025-01-09,CUST02145,returning,55+,social_media,mobile,electronics,304.25,15,1,258.61,6,5,False
ORD100723,2025-01-09,CUST01820,new,18-24,social_media,desktop,clothing,43.77,10,1,39.39,4,5,False
ORD101406,2025-01-09,CUST01014,returning,25-34,social_media,mobile,clothing,113.69,0,3,341.07,5,5,False
ORD100192,2025-01-09,CUST01485,new,45-54,search_ads,mobile,sports,27.84,15,1,23.66,6,5,False
ORD102191,2025-01-09,CUST02149,new,25-34,social_media,mobile,home,79.52,5,2,151.09,7,4,False
ORD101099,2025-01-09,CUST00249,returning,35-44,search_ads,mobile,beauty,34.09,15,1,28.98,6,4,False
ORD101416,2025-01-09,CUST00491,new,45-54,email,mobile,clothing,79.6,0,2,159.2,3,4,False
ORD103041,2025-01-09,CUST03017,returning,18-24,social_media,mobile,electronics,78.57,0,2,157.14,6,4,False
ORD104346,2025-01-09,CUST03169,new,35-44,email,desktop,sports,67.08,10,1,60.37,1,5,False
ORD101367,2025-01-09,CUST00842,returning,45-54,social_media,desktop,electronics,195.38,10,1,175.84,7,5,False
ORD100772,2025-01-09,CUST03061,new,25-34,social_media,mobile,sports,55.9,10,1,50.31,3,5,False
ORD101676,2025-01-09,CUST01268,returning,45-54,search_ads,desktop,home,28.88,0,2,57.76,2,5,False
ORD101228,2025-01-09,CUST02265,returning,55+,referral,desktop,home,75.3,10,1,67.77,3,5,False
ORD104634,2025-01-09,CUST02721,new,55+,email,desktop,electronics,180.73,5,2,343.39,6,5,False
ORD100239,2025-01-09,CUST01077,returning,25-34,search_ads,mobile,electronics,75.2,10,3,203.04,6,5,False
ORD103230,2025-01-09,CUST00254,returning,55+,email,desktop,electronics,149.25,15,1,126.86,5,5,False
ORD103133,2025-01-09,CUST02485,returning,55+,organic,mobile,clothing,30.06,0,1,30.06,9,3,False
ORD104257,2025-01-09,CUST02867,new,45-54,social_media,desktop,home,44.14,20,2,70.62,4,5,False
ORD104202,2025-01-09,CUST02747,returning,45-54,email,desktop,electronics,323.45,0,1,323.45,6,5,True
ORD103150,2025-01-09,CUST01569,new,18-24,social_media,mobile,clothing,37.1,5,2,70.49,5,5,False
ORD105035,2025-01-09,CUST00760,returning,45-54,referral,desktop,sports,119.65,10,1,107.68,4,5,False
ORD104628,2025-01-09,CUST00054,new,35-44,organic,mobile,clothing,20.78,20,3,49.87,2,5,False
ORD100255,2025-01-09,CUST01985,new,45-54,social_media,mobile,clothing,32.69,10,1,29.42,4,5,False
ORD105067,2025-01-09,CUST03120,new,45-54,email,mobile,sports,48.41,5,2,91.98,1,5,False
ORD100046,2025-01-09,CUST01297,returning,35-44,organic,desktop,clothing,60.42,15,1,51.36,5,5,False
ORD101651,2025-01-09,CUST01242,returning,25-34,organic,mobile,sports,31.05,0,3,93.15,5,5,False
ORD101936,2025-01-09,CUST03070,new,55+,social_media,desktop,sports,86.22,10,1,77.6,4,5,False
ORD101986,2025-01-09,CUST02850,returning,45-54,search_ads,mobile,beauty,10.06,30,2,14.08,5,5,False
ORD100321,2025-01-09,CUST02379,returning,45-54,social_media,desktop,home,125.42,0,1,125.42,7,3,False
ORD103946,2025-01-09,CUST00162,returning,45-54,email,desktop,beauty,36.28,20,1,29.02,2,5,False
ORD104682,2025-01-09,CUST03177,returning,35-44,organic,mobile,clothing,61.18,5,2,116.24,3,4,False
ORD100352,2025-01-09,CUST01054,returning,45-54,organic,desktop,clothing,14.18,0,1,14.18,8,4,False
ORD103654,2025-01-09,CUST03134,new,35-44,social_media,mobile,home,92.05,15,2,156.48,8,5,True
ORD103612,2025-01-09,CUST00164,returning,25-34,referral,mobile,beauty,21.38,10,2,38.48,9,5,False
ORD100165,2025-01-09,CUST01691,new,55+,email,mobile,clothing,22.15,5,1,21.04,5,5,False
ORD103618,2025-01-09,CUST01114,new,25-34,search_ads,desktop,sports,70.75,15,1,60.14,6,5,False
ORD100512,2025-01-09,CUST00558,new,18-24,search_ads,desktop,electronics,44.75,15,3,114.11,5,5,False
ORD100858,2025-01-09,CUST02184,new,35-44,referral,mobile,sports,42.36,5,1,40.24,6,5,False
ORD103922,2025-01-09,CUST01584,returning,35-44,social_media,mobile,clothing,83.11,0,1,83.11,5,5,False
ORD102675,2025-01-09,CUST02149,new,55+,email,mobile,beauty,54.89,5,3,156.44,5,4,False
ORD104407,2025-01-09,CUST01056,returning,45-54,social_media,mobile,clothing,36.29,10,1,32.66,4,5,False
ORD102687,2025-01-09,CUST00737,new,45-54,organic,desktop,beauty,17.31,0,1,17.31,3,5,False
ORD104964,2025-01-09,CUST02476,new,25-34,search_ads,desktop,beauty,38.19,15,1,32.46,6,5,False
ORD103595,2025-01-09,CUST02868,returning,45-54,email,mobile,electronics,131.76,20,1,105.41,14,3,True
ORD102944,2025-01-09,CUST02147,returning,18-24,social_media,mobile,sports,42.22,10,2,76.0,7,3,True
ORD102926,2025-01-09,CUST01169,new,18-24,social_media,mobile,home,59.44,0,1,59.44,3,5,True
ORD103569,2025-01-09,CUST02453,new,35-44,search_ads,mobile,clothing,67.7,10,2,121.86,9,5,False
ORD100363,2025-01-09,CUST02372,new,35-44,email,desktop,beauty,46.22,0,1,46.22,4,5,False
ORD105175,2025-01-09,CUST03013,new,55+,social_media,desktop,home,37.21,5,1,35.35,4,5,False
ORD103757,2025-01-09,CUST00108,new,45-54,referral,desktop,electronics,164.31,0,2,328.62,7,5,True
ORD104499,2025-01-09,CUST01171,new,18-24,organic,desktop,beauty,18.39,20,1,14.71,3,5,False
ORD102264,2025-01-09,CUST00375,returning,25-34,search_ads,mobile,clothing,27.01,30,2,37.81,9,5,True
ORD100959,2025-01-09,CUST02972,new,25-34,referral,desktop,clothing,30.69,15,1,26.09,2,5,False
ORD100142,2025-01-09,CUST00827,new,55+,organic,mobile,clothing,63.1,10,1,56.79,5,5,False
ORD100952,2025-01-09,CUST01995,new,18-24,email,mobile,electronics,310.62,0,3,931.86,4,5,False
ORD100925,2025-01-09,CUST00156,returning,35-44,organic,desktop,home,98.6,10,1,88.74,6,4,False
ORD102642,2025-01-09,CUST02980,new,35-44,organic,desktop,home,84.7,5,3,241.4,4,5,False
ORD104710,2025-01-09,CUST00384,returning,45-54,social_media,mobile,sports,85.45,15,2,145.27,7,5,False
ORD100555,2025-01-09,CUST02150,new,35-44,search_ads,mobile,home,41.12,10,2,74.02,4,4,False
ORD101953,2025-01-10,CUST02321,new,18-24,organic,desktop,electronics,218.33,0,2,436.66,8,5,False
ORD103419,2025-01-10,CUST00986,returning,55+,social_media,desktop,electronics,281.4,15,1,239.19,8,3,False
ORD101620,2025-01-10,CUST03194,new,55+,search_ads,mobile,electronics,226.93,20,2,363.09,12,4,False
ORD104966,2025-01-10,CUST02156,returning,18-24,organic,desktop,home,128.54,20,1,102.83,4,5,False
ORD101010,2025-01-10,CUST00554,new,35-44,organic,mobile,beauty,47.84,0,1,47.84,2,4,False
ORD102539,2025-01-10,CUST01692,returning,35-44,search_ads,mobile,sports,56.36,15,1,47.91,3,5,False
ORD103813,2025-01-10,CUST02441,new,45-54,search_ads,mobile,clothing,43.5,15,1,36.98,5,5,False
ORD104877,2025-01-10,CUST00997,returning,25-34,social_media,desktop,home,69.89,0,2,139.78,5,4,False
ORD101298,2025-01-10,CUST01817,returning,25-34,email,mobile,home,58.87,10,1,52.98,5,5,False
ORD102760,2025-01-10,CUST01601,new,45-54,organic,mobile,sports,53.45,10,2,96.21,5,5,False
ORD101508,2025-01-10,CUST00558,new,35-44,social_media,desktop,sports,44.01,15,1,37.41,6,5,False
ORD101550,2025-01-10,CUST00536,returning,35-44,referral,desktop,home,56.99,10,1,51.29,3,5,False
ORD104973,2025-01-10,CUST01506,new,35-44,social_media,mobile,electronics,138.86,5,1,131.92,4,5,False
ORD104440,2025-01-10,CUST01399,new,25-34,social_media,mobile,beauty,28.94,5,1,27.49,5,5,False
ORD100220,2025-01-10,CUST00587,returning,45-54,search_ads,mobile,clothing,129.77,30,2,181.68,3,5,False
ORD101852,2025-01-10,CUST02380,returning,25-34,search_ads,mobile,electronics,353.73,0,1,353.73,12,5,False
ORD100346,2025-01-10,CUST00489,new,25-34,organic,desktop,clothing,83.21,5,2,158.1,6,5,False
ORD100319,2025-01-10,CUST01817,new,18-24,organic,desktop,sports,73.04,10,1,65.74,5,5,False
ORD105122,2025-01-10,CUST02544,new,25-34,social_media,mobile,home,37.79,20,2,60.46,3,4,False
ORD103848,2025-01-10,CUST02309,returning,18-24,social_media,desktop,home,144.92,15,2,246.36,4,5,False
ORD104461,2025-01-10,CUST00978,new,45-54,social_media,mobile,beauty,25.52,0,2,51.04,4,5,False
ORD103842,2025-01-10,CUST02106,new,18-24,organic,mobile,home,52.82,30,1,36.97,4,5,False
ORD104142,2025-01-10,CUST03011,returning,25-34,referral,desktop,home,89.92,5,1,85.42,7,4,False
ORD100032,2025-01-10,CUST00577,returning,35-44,search_ads,mobile,clothing,22.05,20,2,35.28,5,4,False
ORD103280,2025-01-10,CUST01127,new,18-24,email,mobile,beauty,35.9,5,1,34.1,5,5,False
ORD103291,2025-01-10,CUST01920,new,25-34,social_media,mobile,clothing,64.71,10,1,58.24,4,5,False
ORD101338,2025-01-10,CUST00801,returning,55+,social_media,mobile,clothing,66.92,0,3,200.76,6,4,False
ORD101393,2025-01-10,CUST02045,new,25-34,social_media,mobile,sports,90.76,5,1,86.22,4,5,False
ORD101089,2025-01-10,CUST01550,returning,35-44,organic,desktop,electronics,108.32,15,2,184.14,7,5,False
ORD104806,2025-01-10,CUST01641,returning,18-24,organic,mobile,home,24.3,0,2,48.6,8,5,True
ORD105031,2025-01-10,CUST02222,returning,35-44,organic,desktop,home,66.99,0,2,133.98,3,5,False
ORD104956,2025-01-10,CUST01564,returning,35-44,email,mobile,home,109.38,10,1,98.44,9,4,False
ORD102256,2025-01-10,CUST01418,new,55+,organic,mobile,clothing,28.26,20,1,22.61,6,5,False
ORD102460,2025-01-10,CUST02390,new,35-44,referral,mobile,clothing,22.32,0,1,22.32,4,4,False
ORD101911,2025-01-10,CUST01662,new,35-44,social_media,mobile,clothing,53.51,30,1,37.46,4,5,False
ORD102672,2025-01-10,CUST02700,new,35-44,email,mobile,home,90.27,20,1,72.22,8,4,False
ORD100762,2025-01-10,CUST01216,new,45-54,organic,desktop,home,96.46,15,1,81.99,8,4,False
ORD101362,2025-01-10,CUST00073,new,45-54,social_media,desktop,electronics,145.92,20,1,116.74,3,5,False
ORD101473,2025-01-10,CUST00501,new,45-54,social_media,mobile,clothing,18.95,0,3,56.85,3,5,False
ORD100292,2025-01-10,CUST01468,returning,18-24,referral,desktop,beauty,8.54,0,1,8.54,6,5,False
ORD103598,2025-01-10,CUST00518,returning,55+,organic,mobile,electronics,96.45,0,1,96.45,6,5,False
ORD103455,2025-01-10,CUST01693,new,55+,organic,desktop,clothing,126.14,20,1,100.91,8,5,False
ORD100176,2025-01-10,CUST00732,returning,25-34,social_media,desktop,beauty,25.9,10,1,23.31,1,5,False
ORD102618,2025-01-10,CUST01018,new,55+,organic,mobile,electronics,181.36,10,3,489.67,7,4,False
ORD104591,2025-01-10,CUST02770,new,25-34,social_media,mobile,home,38.38,5,2,72.92,3,5,False
ORD100757,2025-01-10,CUST00535,returning,45-54,social_media,mobile,clothing,24.25,10,2,43.65,5,5,False
ORD103620,2025-01-10,CUST00219,returning,25-34,social_media,mobile,electronics,172.81,5,2,328.34,9,4,False
ORD103048,2025-01-10,CUST01309,returning,35-44,referral,mobile,sports,29.23,20,1,23.38,6,4,False
ORD100568,2025-01-10,CUST00191,returning,25-34,social_media,desktop,sports,57.01,0,1,57.01,3,4,True
ORD101346,2025-01-10,CUST03033,new,35-44,social_media,mobile,clothing,35.7,15,3,91.04,5,5,False
ORD101110,2025-01-10,CUST00110,new,35-44,search_ads,mobile,clothing,29.39,10,1,26.45,4,5,False
ORD100373,2025-01-10,CUST02970,returning,55+,referral,desktop,sports,68.34,10,1,61.51,2,5,False
ORD103525,2025-01-10,CUST00532,new,55+,email,desktop,sports,24.36,15,3,62.12,11,4,False
ORD102438,2025-01-10,CUST00059,returning,35-44,social_media,mobile,sports,41.08,5,1,39.03,5,5,False
ORD101757,2025-01-11,CUST00099,returning,18-24,search_ads,mobile,clothing,76.48,10,2,137.66,6,5,False
ORD104008,2025-01-11,CUST00171,new,45-54,search_ads,desktop,clothing,86.91,0,2,173.82,4,5,False
ORD100913,2025-01-11,CUST02104,returning,45-54,organic,mobile,clothing,66.62,5,1,63.29,4,4,False
ORD100390,2025-01-11,CUST03006,returning,45-54,organic,mobile,sports,88.02,0,1,88.02,7,4,False
ORD101888,2025-01-11,CUST00231,returning,25-34,social_media,desktop,electronics,305.33,10,2,549.59,5,5,False
ORD104785,2025-01-11,CUST02210,new,35-44,organic,mobile,electronics,75.38,15,1,64.07,6,5,False
ORD104789,2025-01-11,CUST00998,new,35-44,email,mobile,sports,55.31,20,2,88.5,2,4,False
ORD102198,2025-01-11,CUST02032,returning,25-34,social_media,mobile,home,214.62,0,2,429.24,4,5,False
ORD101935,2025-01-11,CUST00697,new,18-24,organic,desktop,clothing,71.13,20,1,56.9,5,5,False
ORD101894,2025-01-11,CUST00056,new,25-34,social_media,desktop,beauty,20.41,15,2,34.7,5,5,False
ORD104163,2025-01-11,CUST01125,returning,35-44,social_media,mobile,home,51.49,0,3,154.47,5,3,False
ORD102277,2025-01-11,CUST03144,returning,18-24,social_media,mobile,sports,44.31,5,3,126.28,4,5,False
ORD101908,2025-01-11,CUST02297,returning,18-24,social_media,mobile,clothing,75.35,10,3,203.44,8,4,False
ORD100845,2025-01-11,CUST01664,new,25-34,organic,desktop,beauty,50.07,5,1,47.57,7,4,True
ORD104824,2025-01-11,CUST01024,new,25-34,social_media,desktop,sports,74.3,5,2,141.17,4,5,False
ORD104815,2025-01-11,CUST01026,returning,55+,social_media,desktop,beauty,28.07,15,1,23.86,4,5,False
ORD101750,2025-01-11,CUST01004,returning,25-34,organic,mobile,beauty,8.66,15,1,7.36,2,5,False
ORD104810,2025-01-11,CUST03047,returning,25-34,social_media,mobile,electronics,160.59,0,1,160.59,8,3,False
ORD103650,2025-01-11,CUST02701,new,35-44,organic,mobile,clothing,71.36,5,3,203.38,4,4,False
ORD104062,2025-01-11,CUST01760,new,25-34,social_media,desktop,sports,75.54,0,1,75.54,6,4,False
ORD100087,2025-01-11,CUST01977,returning,25-34,organic,desktop,clothing,43.8,10,2,78.84,4,5,False
ORD101205,2025-01-11,CUST02587,returning,55+,organic,mobile,sports,37.0,15,3,94.35,3,5,False
ORD102311,2025-01-11,CUST01767,new,35-44,organic,desktop,electronics,51.89,20,3,124.54,8,4,True
ORD101794,2025-01-11,CUST00839,returning,25-34,search_ads,desktop,home,138.91,20,1,111.13,6,5,False
ORD101005,2025-01-11,CUST01137,returning,25-34,social_media,mobile,home,106.56,5,2,202.46,3,5,False
ORD103656,2025-01-11,CUST00765,new,25-34,referral,mobile,clothing,21.76,0,1,21.76,5,5,False
ORD104120,2025-01-11,CUST02130,new,25-34,organic,mobile,electronics,196.19,0,1,196.19,10,4,False
ORD104056,2025-01-11,CUST00506,new,35-44,email,mobile,home,33.06,5,1,31.41,4,5,False
ORD105136,2025-01-11,CUST02972,returning,18-24,email,mobile,clothing,61.26,5,1,58.2,3,5,False
ORD103351,2025-01-11,CUST01655,returning,25-34,social_media,desktop,beauty,38.35,0,3,115.05,6,4,False
ORD102734,2025-01-11,CUST03004,new,25-34,email,desktop,clothing,40.71,5,2,77.35,1,5,False
ORD100692,2025-01-11,CUST02528,new,18-24,social_media,mobile,home,215.5,0,1,215.5,6,5,False
ORD100594,2025-01-11,CUST02403,returning,18-24,search_ads,mobile,home,38.11,15,3,97.18,8,5,False
ORD100540,2025-01-11,CUST00866,new,45-54,organic,desktop,home,175.67,5,1,166.89,1,5,False
ORD104414,2025-01-11,CUST00802,returning,55+,referral,mobile,home,67.45,5,1,64.08,6,5,False
ORD100660,2025-01-11,CUST01084,returning,45-54,social_media,mobile,clothing,33.36,5,1,31.69,5,5,False
ORD104244,2025-01-11,CUST00059,returning,25-34,organic,mobile,clothing,29.68,10,1,26.71,1,5,False
ORD104213,2025-01-11,CUST01559,new,25-34,social_media,mobile,sports,67.33,5,2,127.93,8,5,False
ORD102789,2025-01-11,CUST00436,new,25-34,social_media,mobile,beauty,17.71,10,2,31.88,5,5,False
ORD101504,2025-01-11,CUST02297,returning,35-44,social_media,mobile,beauty,42.27,0,1,42.27,4,5,False
ORD102157,2025-01-11,CUST00111,new,25-34,email,mobile,beauty,20.84,0,2,41.68,4,4,False
ORD100158,2025-01-11,CUST00224,new,45-54,organic,mobile,home,103.53,10,3,279.53,5,5,False
ORD104438,2025-01-11,CUST00503,new,55+,email,mobile,home,91.09,0,2,182.18,4,4,False
ORD103185,2025-01-11,CUST02445,new,25-34,search_ads,desktop,clothing,50.72,10,1,45.65,4,4,False
ORD105019,2025-01-11,CUST00553,returning,35-44,referral,mobile,beauty,20.29,15,3,51.74,6,5,False
ORD104993,2025-01-11,CUST01474,new,18-24,email,mobile,home,82.81,30,1,57.97,4,5,False
ORD102010,2025-01-11,CUST00002,new,18-24,search_ads,mobile,home,77.29,15,2,131.39,6,5,False
ORD104916,2025-01-11,CUST01940,returning,45-54,organic,mobile,clothing,81.69,0,2,163.38,3,5,False
ORD101988,2025-01-11,CUST02802,returning,18-24,search_ads,mobile,sports,81.21,15,2,138.06,4,5,True
ORD100106,2025-01-11,CUST01472,new,18-24,email,mobile,clothing,60.42,10,1,54.38,2,5,False
ORD101316,2025-01-11,CUST01264,new,18-24,organic,desktop,clothing,51.73,5,2,98.29,6,5,False
ORD100461,2025-01-11,CUST01211,returning,25-34,social_media,mobile,clothing,43.43,10,2,78.17,5,4,True
ORD102746,2025-01-11,CUST02458,new,55+,organic,mobile,beauty,10.7,20,1,8.56,10,4,False
ORD101245,2025-01-11,CUST02233,new,25-34,organic,mobile,electronics,153.14,20,2,245.02,8,4,False
ORD102656,2025-01-11,CUST01989,new,25-34,social_media,mobile,electronics,196.29,0,1,196.29,8,3,False
ORD100578,2025-01-11,CUST01393,new,45-54,email,mobile,clothing,78.76,15,2,133.89,5,5,False
ORD101457,2025-01-11,CUST01519,new,35-44,social_media,mobile,electronics,176.16,0,1,176.16,4,5,False
ORD102625,2025-01-11,CUST00524,new,35-44,social_media,mobile,clothing,17.09,15,2,29.05,6,5,False
ORD101979,2025-01-11,CUST00352,returning,25-34,search_ads,desktop,clothing,28.37,20,1,22.7,7,5,False
ORD102093,2025-01-12,CUST02639,new,45-54,referral,desktop,clothing,97.56,20,1,78.05,9,5,False
ORD100615,2025-01-12,CUST02472,returning,25-34,search_ads,mobile,home,87.63,20,2,140.21,8,3,True
ORD103690,2025-01-12,CUST02946,new,18-24,referral,desktop,electronics,458.74,10,1,412.87,10,5,False
ORD104260,2025-01-12,CUST02047,new,45-54,social_media,desktop,home,171.74,30,1,120.22,9,5,False
ORD102319,2025-01-12,CUST00837,returning,45-54,email,mobile,home,77.55,0,2,155.1,7,4,False
ORD104368,2025-01-12,CUST03142,new,45-54,social_media,mobile,beauty,25.45,15,1,21.63,4,5,False
ORD101426,2025-01-12,CUST00037,new,35-44,organic,mobile,clothing,45.9,0,1,45.9,6,5,False
ORD102135,2025-01-12,CUST02824,new,25-34,organic,desktop,home,80.33,10,1,72.3,3,5,False
ORD100805,2025-01-12,CUST02688,returning,55+,search_ads,desktop,home,96.05,15,2,163.28,5,4,False
ORD100286,2025-01-12,CUST02496,returning,55+,search_ads,mobile,clothing,90.31,20,3,216.74,2,5,False
ORD103701,2025-01-12,CUST00910,returning,45-54,organic,desktop,sports,58.61,20,1,46.89,7,4,False
ORD101684,2025-01-12,CUST03162,new,55+,organic,desktop,home,24.96,10,2,44.93,8,5,False
ORD100513,2025-01-12,CUST01514,returning,35-44,search_ads,mobile,sports,54.14,10,1,48.73,1,4,True
ORD103602,2025-01-12,CUST01997,new,25-34,organic,mobile,beauty,10.28,0,1,10.28,6,5,False
ORD101066,2025-01-12,CUST01039,returning,55+,organic,desktop,sports,69.67,15,2,118.44,5,4,False
ORD102028,2025-01-12,CUST02946,new,45-54,social_media,mobile,home,90.59,5,1,86.06,4,5,False
ORD100369,2025-01-12,CUST00351,new,25-34,search_ads,mobile,home,114.6,30,2,160.44,10,5,False
ORD104426,2025-01-12,CUST00952,returning,25-34,social_media,mobile,electronics,97.89,10,1,88.1,4,5,False
ORD102443,2025-01-12,CUST01228,new,35-44,social_media,desktop,beauty,15.88,0,1,15.88,7,4,False
ORD100078,2025-01-12,CUST00550,new,55+,social_media,desktop,electronics,250.53,0,1,250.53,7,3,False
ORD104321,2025-01-12,CUST01987,new,18-24,organic,mobile,sports,9.94,15,1,8.45,5,5,False
ORD102222,2025-01-12,CUST01066,new,25-34,organic,mobile,clothing,71.11,10,1,64.0,3,5,False
ORD104422,2025-01-12,CUST03145,new,35-44,social_media,mobile,electronics,166.46,10,2,299.63,6,5,False
ORD104023,2025-01-12,CUST00807,new,25-34,organic,desktop,clothing,40.2,20,2,64.32,5,5,True
ORD100550,2025-01-12,CUST00636,new,25-34,email,mobile,home,45.17,15,2,76.79,7,5,False
ORD101471,2025-01-12,CUST02493,returning,45-54,organic,mobile,electronics,60.07,0,2,120.14,3,4,False
ORD104338,2025-01-12,CUST01967,new,18-24,social_media,desktop,clothing,52.24,0,3,156.72,4,5,False
ORD100115,2025-01-12,CUST01359,new,55+,search_ads,desktop,electronics,282.29,15,2,479.89,5,4,False
ORD104170,2025-01-12,CUST01756,new,18-24,social_media,mobile,electronics,109.14,15,2,185.54,9,4,True
ORD100886,2025-01-12,CUST02996,returning,25-34,organic,desktop,beauty,26.82,5,1,25.48,4,5,False
ORD103406,2025-01-12,CUST02346,new,25-34,organic,desktop,beauty,52.73,5,2,100.19,4,5,False
ORD101260,2025-01-12,CUST01406,new,25-34,organic,desktop,electronics,261.81,0,2,523.62,9,4,False
ORD103824,2025-01-12,CUST02817,new,35-44,email,mobile,sports,32.92,30,1,23.04,3,5,False
ORD102777,2025-01-12,CUST02133,new,45-54,organic,desktop,beauty,34.94,0,1,34.94,5,5,False
ORD100068,2025-01-12,CUST02143,returning,35-44,organic,desktop,home,238.56,20,2,381.7,6,5,False
ORD103258,2025-01-12,CUST02678,returning,25-34,search_ads,desktop,clothing,41.77,0,1,41.77,2,5,False
ORD104114,2025-01-12,CUST01875,new,45-54,organic,mobile,clothing,24.49,10,1,22.04,5,5,False
ORD103327,2025-01-12,CUST01143,new,55+,organic,mobile,clothing,82.34,5,1,78.22,6,5,False
ORD101561,2025-01-12,CUST00018,returning,35-44,social_media,desktop,sports,46.38,5,2,88.12,5,5,False
ORD100035,2025-01-12,CUST00631,new,25-34,organic,mobile,clothing,80.76,5,3,230.17,7,3,True
ORD104110,2025-01-12,CUST01575,returning,25-34,organic,mobile,sports,31.5,0,2,63.0,5,5,False
ORD101210,2025-01-12,CUST00161,new,18-24,email,mobile,clothing,24.34,15,3,62.07,3,4,False
ORD101582,2025-01-12,CUST02977,returning,18-24,organic,mobile,electronics,299.06,10,3,807.46,7,4,False
ORD105044,2025-01-12,CUST01878,returning,35-44,social_media,desktop,home,65.58,0,1,65.58,2,5,False
ORD103746,2025-01-12,CUST01252,returning,35-44,search_ads,mobile,clothing,29.74,20,1,23.79,2,5,False
ORD102038,2025-01-12,CUST02587,returning,18-24,social_media,desktop,clothing,118.36,0,1,118.36,6,4,True
ORD100395,2025-01-12,CUST01810,new,35-44,organic,desktop,electronics,281.68,10,2,507.02,5,5,False
ORD100396,2025-01-12,CUST02134,returning,25-34,email,mobile,clothing,39.16,0,3,117.48,6,4,False
ORD101310,2025-01-12,CUST00661,returning,45-54,referral,mobile,electronics,157.73,20,2,252.37,7,4,True
ORD104172,2025-01-12,CUST02698,returning,45-54,social_media,mobile,clothing,66.67,10,2,120.01,4,4,False
ORD103283,2025-01-12,CUST00220,returning,45-54,organic,mobile,home,74.35,30,1,52.04,4,5,False
ORD102812,2025-01-12,CUST03117,returning,55+,search_ads,mobile,clothing,73.67,0,2,147.34,2,5,False
ORD102337,2025-01-12,CUST02653,returning,45-54,email,desktop,home,158.86,10,1,142.97,2,5,False
ORD100694,2025-01-12,CUST00764,returning,35-44,social_media,desktop,clothing,39.32,30,1,27.52,6,5,False
ORD102014,2025-01-12,CUST01294,new,45-54,social_media,desktop,beauty,17.27,30,1,12.09,3,5,False
ORD100643,2025-01-12,CUST03037,new,45-54,search_ads,mobile,beauty,61.39,20,3,147.34,5,5,False
ORD102810,2025-01-12,CUST00111,returning,25-34,organic,desktop,clothing,28.58,0,1,28.58,8,3,False
ORD103267,2025-01-12,CUST03028,new,55+,organic,mobile,clothing,52.57,10,3,141.94,5,4,False
ORD100329,2025-01-12,CUST00922,new,18-24,organic,desktop,home,57.39,5,1,54.52,2,5,False
ORD103339,2025-01-12,CUST02627,new,25-34,email,desktop,beauty,23.98,5,2,45.56,7,4,False
ORD101061,2025-01-13,CUST01744,returning,25-34,social_media,mobile,home,30.93,0,1,30.93,7,5,False
ORD101067,2025-01-13,CUST02529,new,18-24,social_media,desktop,beauty,25.33,0,2,50.66,2,5,False
ORD104578,2025-01-13,CUST00322,returning,25-34,organic,desktop,home,98.71,10,1,88.84,3,5,False
ORD104503,2025-01-13,CUST01589,new,18-24,email,mobile,electronics,234.24,10,2,421.63,7,4,False
ORD100954,2025-01-13,CUST03170,new,25-34,search_ads,mobile,home,108.04,10,1,97.24,4,5,False
ORD103760,2025-01-13,CUST02596,returning,25-34,referral,mobile,electronics,105.12,0,1,105.12,6,5,False
ORD101600,2025-01-13,CUST01135,new,45-54,social_media,mobile,clothing,31.37,10,1,28.23,4,5,False
ORD101993,2025-01-13,CUST02691,new,35-44,email,mobile,sports,53.89,0,3,161.67,8,4,False
ORD104721,2025-01-13,CUST00481,returning,45-54,organic,mobile,beauty,19.99,0,1,19.99,2,4,False
ORD101021,2025-01-13,CUST02118,new,35-44,search_ads,desktop,clothing,27.18,10,2,48.92,5,5,False
ORD104490,2025-01-13,CUST01380,new,25-34,organic,mobile,clothing,35.04,0,3,105.12,3,4,False
ORD100560,2025-01-13,CUST02651,returning,25-34,organic,mobile,electronics,202.59,10,1,182.33,6,5,False
ORD103716,2025-01-13,CUST00842,returning,45-54,organic,mobile,clothing,75.93,10,3,205.01,9,5,False
ORD100497,2025-01-13,CUST01448,returning,35-44,organic,mobile,electronics,152.23,15,1,129.4,8,5,False
ORD100498,2025-01-13,CUST00232,returning,18-24,organic,mobile,electronics,93.32,20,1,74.66,4,5,True
ORD103881,2025-01-13,CUST01978,new,18-24,social_media,mobile,electronics,46.98,0,1,46.98,6,5,False
ORD100990,2025-01-13,CUST00886,returning,25-34,referral,mobile,clothing,46.03,10,1,41.43,5,5,False
ORD104468,2025-01-13,CUST00974,new,25-34,search_ads,mobile,beauty,17.54,10,3,47.36,4,5,False
ORD105120,2025-01-13,CUST00747,new,55+,search_ads,mobile,beauty,47.92,20,3,115.01,7,4,True
ORD104474,2025-01-13,CUST02813,returning,55+,search_ads,mobile,home,104.19,0,3,312.57,3,5,False
ORD101483,2025-01-13,CUST03075,new,25-34,email,mobile,clothing,40.82,5,1,38.78,7,5,False
ORD103908,2025-01-13,CUST03092,returning,55+,organic,mobile,beauty,19.24,0,1,19.24,3,5,False
ORD103649,2025-01-13,CUST00321,returning,25-34,organic,mobile,beauty,9.32,0,1,9.32,2,5,False
ORD103634,2025-01-13,CUST02375,new,25-34,organic,mobile,home,71.15,0,1,71.15,3,3,False
ORD103632,2025-01-13,CUST01846,new,25-34,organic,mobile,electronics,216.18,5,1,205.37,10,5,False
ORD101864,2025-01-13,CUST03125,returning,55+,email,mobile,home,50.69,15,3,129.26,15,4,False
ORD103823,2025-01-13,CUST01056,new,35-44,organic,mobile,clothing,26.25,0,1,26.25,2,5,False
ORD102333,2025-01-13,CUST01907,new,45-54,email,desktop,home,31.04,15,1,26.38,4,5,False
ORD100470,2025-01-13,CUST01718,returning,18-24,social_media,mobile,electronics,99.45,10,3,268.52,4,5,False
ORD101574,2025-01-13,CUST00800,new,45-54,organic,desktop,clothing,65.09,0,1,65.09,4,4,False
ORD102387,2025-01-13,CUST02968,returning,25-34,email,desktop,clothing,82.05,0,1,82.05,4,5,False
ORD104970,2025-01-13,CUST01458,returning,55+,email,mobile,home,81.72,0,1,81.72,7,5,True
ORD103985,2025-01-13,CUST02733,new,35-44,social_media,desktop,electronics,144.18,0,1,144.18,8,5,False
ORD104727,2025-01-13,CUST00488,returning,25-34,social_media,desktop,sports,58.82,15,1,50.0,4,5,False
ORD104802,2025-01-13,CUST00494,returning,35-44,organic,mobile,clothing,13.92,10,3,37.58,8,5,False
ORD104910,2025-01-13,CUST00341,new,45-54,organic,mobile,clothing,53.29,10,1,47.96,2,5,False
ORD101104,2025-01-13,CUST01777,new,25-34,organic,mobile,electronics,402.04,5,1,381.94,7,5,False
ORD102240,2025-01-13,CUST00632,new,25-34,search_ads,mobile,home,83.86,20,2,134.18,5,5,False
ORD102133,2025-01-13,CUST01061,new,25-34,email,mobile,sports,94.22,15,2,160.17,6,5,False
ORD104034,2025-01-13,CUST00346,new,25-34,social_media,desktop,clothing,56.83,10,1,51.15,10,4,False
ORD102582,2025-01-13,CUST00956,new,45-54,search_ads,desktop,clothing,43.79,15,2,74.44,2,5,False
ORD101165,2025-01-13,CUST02568,returning,45-54,organic,mobile,clothing,70.74,5,1,67.2,2,5,False
ORD103058,2025-01-13,CUST02292,new,35-44,organic,mobile,home,90.33,15,1,76.78,8,3,False
ORD100603,2025-01-13,CUST00535,returning,18-24,search_ads,desktop,sports,86.89,0,2,173.78,5,5,False
ORD102170,2025-01-13,CUST02176,returning,35-44,search_ads,desktop,sports,151.95,30,1,106.36,3,5,False
ORD104839,2025-01-13,CUST00773,new,45-54,email,mobile,clothing,64.94,30,3,136.37,2,4,False
ORD100455,2025-01-13,CUST02501,new,25-34,organic,desktop,home,135.09,0,1,135.09,5,5,False
ORD103109,2025-01-13,CUST01020,new,25-34,search_ads,mobile,electronics,60.53,10,2,108.95,6,5,False
ORD100662,2025-01-13,CUST01847,new,18-24,social_media,desktop,beauty,80.88,15,1,68.75,4,5,False
ORD102499,2025-01-13,CUST02319,new,35-44,email,mobile,electronics,220.53,10,1,198.48,8,4,False
ORD101408,2025-01-13,CUST02193,returning,25-34,organic,desktop,clothing,47.79,0,1,47.79,5,5,False
ORD101361,2025-01-13,CUST01951,new,45-54,email,mobile,clothing,69.89,0,1,69.89,7,5,False
ORD101706,2025-01-13,CUST02016,new,35-44,social_media,mobile,beauty,16.48,0,2,32.96,8,4,True
ORD104783,2025-01-13,CUST03003,new,25-34,search_ads,mobile,beauty,18.37,20,3,44.09,3,5,False
ORD101183,2025-01-13,CUST01333,returning,35-44,search_ads,desktop,electronics,161.05,0,1,161.05,11,4,False
ORD103545,2025-01-13,CUST00229,returning,55+,organic,mobile,electronics,187.08,5,1,177.73,3,5,False
ORD100250,2025-01-13,CUST02411,returning,55+,email,mobile,home,24.84,15,3,63.34,3,5,False
ORD104862,2025-01-13,CUST03077,new,18-24,organic,desktop,electronics,37.86,15,1,32.18,5,4,False
ORD104911,2025-01-13,CUST01593,returning,55+,social_media,mobile,electronics,211.14,0,2,422.28,12,5,False
ORD102952,2025-01-13,CUST01290,new,55+,organic,desktop,beauty,37.56,0,2,75.12,5,4,False
ORD103526,2025-01-13,CUST00777,returning,55+,search_ads,mobile,home,55.88,0,2,111.76,4,3,False
ORD104231,2025-01-13,CUST00614,returning,18-24,social_media,mobile,electronics,149.75,0,2,299.5,7,3,False
ORD104598,2025-01-13,CUST03128,returning,35-44,organic,desktop,sports,44.52,10,1,40.07,4,5,False
ORD101439,2025-01-13,CUST03033,new,55+,organic,mobile,clothing,84.84,10,1,76.36,3,4,False
ORD103193,2025-01-13,CUST01863,new,18-24,search_ads,desktop,clothing,72.95,15,3,186.02,4,5,False
ORD104211,2025-01-14,CUST00748,returning,45-54,email,mobile,beauty,21.05,10,2,37.89,7,3,False
ORD103120,2025-01-14,CUST01715,new,55+,search_ads,mobile,sports,9.74,15,1,8.28,4,4,False
ORD103829,2025-01-14,CUST00242,new,55+,social_media,mobile,electronics,166.33,10,1,149.7,6,4,False
ORD102368,2025-01-14,CUST00119,new,55+,social_media,mobile,electronics,106.71,0,3,320.13,7,5,False
ORD100500,2025-01-14,CUST00706,new,18-24,organic,mobile,sports,57.93,10,3,156.41,3,4,False
ORD100156,2025-01-14,CUST03196,returning,45-54,search_ads,mobile,home,73.52,10,2,132.34,2,4,False
ORD101355,2025-01-14,CUST01604,returning,35-44,search_ads,desktop,electronics,221.33,10,2,398.39,5,4,False
ORD103878,2025-01-14,CUST01733,new,25-34,search_ads,mobile,beauty,11.38,20,1,9.1,6,5,False
ORD103873,2025-01-14,CUST00544,new,25-34,organic,desktop,beauty,76.59,0,1,76.59,4,5,False
ORD100476,2025-01-14,CUST02576,new,25-34,social_media,mobile,sports,25.51,5,2,48.47,5,5,False
ORD100622,2025-01-14,CUST01592,returning,25-34,email,mobile,home,120.29,0,2,240.58,5,5,False
ORD103129,2025-01-14,CUST01818,new,25-34,referral,mobile,electronics,65.62,10,1,59.06,6,5,False
ORD102814,2025-01-14,CUST03176,new,55+,social_media,mobile,sports,61.8,15,2,105.06,2,5,False
ORD104818,2025-01-14,CUST02813,returning,18-24,organic,mobile,sports,69.55,30,1,48.68,4,5,False
ORD101715,2025-01-14,CUST01730,returning,35-44,referral,desktop,clothing,33.31,0,2,66.62,8,5,True
ORD101814,2025-01-14,CUST01268,new,25-34,organic,mobile,home,49.82,5,2,94.66,6,5,False
ORD103427,2025-01-14,CUST02909,new,45-54,search_ads,desktop,sports,49.0,15,1,41.65,2,5,False
ORD103732,2025-01-14,CUST01340,returning,45-54,email,mobile,electronics,33.15,0,1,33.15,8,4,False
ORD102064,2025-01-14,CUST00440,new,55+,referral,mobile,clothing,45.93,0,1,45.93,4,5,False
ORD104072,2025-01-14,CUST01872,new,25-34,social_media,mobile,home,69.44,0,1,69.44,8,5,True
ORD104082,2025-01-14,CUST00192,returning,35-44,social_media,mobile,electronics,228.81,20,1,183.05,6,5,False
ORD100646,2025-01-14,CUST01870,returning,25-34,search_ads,mobile,clothing,40.37,10,1,36.33,3,5,False
ORD105079,2025-01-14,CUST01998,returning,35-44,search_ads,mobile,home,61.32,15,3,156.37,4,4,False
ORD102300,2025-01-14,CUST02785,returning,18-24,search_ads,mobile,beauty,61.58,20,1,49.26,2,5,False
ORD100018,2025-01-14,CUST00778,new,45-54,social_media,desktop,beauty,14.25,0,1,14.25,8,4,False
ORD100056,2025-01-14,CUST01702,new,25-34,social_media,mobile,home,20.17,10,3,54.46,5,4,False
ORD102184,2025-01-14,CUST02732,returning,35-44,organic,mobile,electronics,266.75,20,2,426.8,9,4,False
ORD101470,2025-01-14,CUST02027,new,25-34,search_ads,desktop,home,118.23,20,3,283.75,4,5,False
ORD101732,2025-01-14,CUST01280,new,35-44,organic,desktop,beauty,16.74,15,2,28.46,4,4,False
ORD100790,2025-01-14,CUST02131,new,55+,search_ads,mobile,home,54.56,20,2,87.3,5,5,False
ORD104677,2025-01-14,CUST02889,returning,35-44,social_media,desktop,electronics,196.48,0,2,392.96,5,4,False
ORD102031,2025-01-14,CUST02292,returning,55+,social_media,mobile,clothing,89.41,5,1,84.94,4,5,False
ORD103594,2025-01-14,CUST00933,returning,25-34,organic,mobile,clothing,38.96,0,1,38.96,6,5,False
ORD103573,2025-01-14,CUST01738,new,18-24,organic,mobile,sports,103.71,5,1,98.52,5,5,False
ORD104615,2025-01-14,CUST02516,new,25-34,social_media,desktop,clothing,93.93,0,3,281.79,5,4,False
ORD101091,2025-01-14,CUST00198,new,55+,referral,desktop,clothing,45.25,5,3,128.96,8,5,False
ORD103969,2025-01-14,CUST01117,new,25-34,organic,desktop,clothing,34.48,5,3,98.27,2,4,False
ORD100799,2025-01-14,CUST01096,returning,45-54,social_media,mobile,electronics,113.01,10,1,101.71,9,4,False
ORD101451,2025-01-14,CUST03124,returning,25-34,email,desktop,clothing,36.08,10,2,64.94,6,5,False
ORD100813,2025-01-14,CUST03111,returning,45-54,search_ads,mobile,clothing,58.15,10,1,52.34,6,5,False
ORD105028,2025-01-14,CUST01023,returning,45-54,search_ads,mobile,home,48.31,30,1,33.82,4,5,False
ORD101854,2025-01-14,CUST02261,new,45-54,email,desktop,electronics,112.5,0,1,112.5,7,3,True
ORD105189,2025-01-14,CUST00001,new,25-34,social_media,desktop,clothing,32.37,10,2,58.27,4,5,False
ORD102235,2025-01-14,CUST00911,new,25-34,social_media,desktop,clothing,24.19,15,2,41.12,6,4,False
ORD103074,2025-01-14,CUST02850,returning,45-54,email,mobile,sports,48.47,0,2,96.94,3,5,False
ORD102881,2025-01-14,CUST00337,returning,35-44,email,mobile,clothing,39.9,15,1,33.92,4,5,False
ORD100859,2025-01-14,CUST01900,new,35-44,social_media,desktop,electronics,195.6,5,1,185.82,8,4,False
ORD100370,2025-01-14,CUST00187,returning,45-54,social_media,mobile,clothing,32.13,10,3,86.75,5,4,False
ORD100222,2025-01-14,CUST00099,new,18-24,organic,desktop,clothing,44.05,5,3,125.54,4,5,False
ORD104969,2025-01-14,CUST02250,new,55+,organic,mobile,sports,64.61,0,3,193.83,8,5,False
ORD101497,2025-01-14,CUST02673,new,25-34,search_ads,mobile,clothing,97.19,30,2,136.07,10,4,False
ORD102117,2025-01-14,CUST01248,new,25-34,organic,mobile,electronics,104.93,30,2,146.9,3,5,False
ORD100711,2025-01-14,CUST00037,returning,55+,organic,desktop,home,22.37,20,1,17.9,6,5,False
ORD101966,2025-01-14,CUST00831,new,35-44,organic,desktop,home,68.95,10,1,62.06,7,4,False
ORD104965,2025-01-14,CUST00568,new,35-44,organic,mobile,clothing,101.17,15,1,85.99,6,5,False
ORD104027,2025-01-14,CUST00385,new,35-44,search_ads,mobile,electronics,110.77,15,1,94.15,5,5,False
ORD102080,2025-01-14,CUST02754,new,35-44,email,mobile,clothing,27.47,30,3,57.69,4,5,False
ORD101222,2025-01-14,CUST01619,new,35-44,organic,mobile,clothing,21.31,10,2,38.36,6,5,False
ORD103805,2025-01-15,CUST00767,returning,25-34,search_ads,desktop,electronics,137.59,10,2,247.66,8,4,False
ORD103233,2025-01-15,CUST02690,new,25-34,email,mobile,sports,89.32,10,1,80.39,6,5,False
ORD105013,2025-01-15,CUST01248,new,45-54,organic,mobile,home,66.17,10,2,119.11,3,5,False
ORD105066,2025-01-15,CUST01093,new,25-34,organic,desktop,electronics,223.86,5,2,425.33,6,5,False
ORD101215,2025-01-15,CUST02176,new,25-34,social_media,desktop,beauty,29.32,10,2,52.78,4,4,False
ORD101447,2025-01-15,CUST01858,new,25-34,organic,mobile,electronics,112.63,15,1,95.74,8,5,True
ORD103378,2025-01-15,CUST00901,new,35-44,search_ads,mobile,home,70.31,10,2,126.56,3,5,False
ORD101638,2025-01-15,CUST00004,new,35-44,organic,desktop,clothing,55.99,0,3,167.97,3,5,False
ORD104940,2025-01-15,CUST00999,returning,35-44,social_media,mobile,beauty,3.88,0,2,7.76,4,4,False
ORD101462,2025-01-15,CUST02508,new,45-54,referral,mobile,electronics,55.34,0,1,55.34,6,4,True
ORD104937,2025-01-15,CUST02034,new,25-34,organic,mobile,beauty,26.98,15,1,22.93,5,5,False
ORD101401,2025-01-15,CUST01739,new,35-44,social_media,desktop,home,172.19,15,1,146.36,7,5,False
ORD101041,2025-01-15,CUST02763,new,18-24,email,desktop,home,182.91,10,2,329.24,5,5,False
ORD103050,2025-01-15,CUST02368,returning,45-54,search_ads,mobile,electronics,110.65,10,2,199.17,3,5,False
ORD103065,2025-01-15,CUST00463,returning,25-34,social_media,desktop,sports,45.69,15,1,38.84,4,5,False
ORD101673,2025-01-15,CUST01430,new,35-44,social_media,mobile,clothing,8.9,20,2,14.24,6,5,False
ORD100131,2025-01-15,CUST00551,returning,35-44,search_ads,mobile,electronics,99.76,15,1,84.8,4,5,True
ORD102383,2025-01-15,CUST01248,new,25-34,search_ads,desktop,beauty,20.14,30,2,28.2,3,4,False
ORD104807,2025-01-15,CUST02707,new,25-34,social_media,desktop,home,40.42,10,3,109.13,5,5,False
ORD103472,2025-01-15,CUST02321,new,25-34,search_ads,mobile,clothing,23.22,10,3,62.69,2,5,False
ORD101510,2025-01-15,CUST03145,returning,18-24,search_ads,mobile,sports,84.2,10,1,75.78,4,5,False
ORD103077,2025-01-15,CUST02216,new,35-44,search_ads,desktop,beauty,45.85,30,2,64.19,2,5,True
ORD102372,2025-01-15,CUST01574,new,25-34,email,mobile,home,188.79,0,3,566.37,2,4,False
ORD101532,2025-01-15,CUST00511,returning,25-34,organic,desktop,electronics,59.72,5,1,56.73,8,5,True
ORD103710,2025-01-15,CUST01147,new,25-34,organic,mobile,clothing,33.41,0,1,33.41,7,4,True
ORD103147,2025-01-15,CUST01614,new,35-44,email,desktop,home,105.97,10,2,190.75,7,4,False
ORD101751,2025-01-15,CUST00667,new,45-54,social_media,desktop,clothing,59.87,0,2,119.74,5,5,False
ORD103733,2025-01-15,CUST02732,returning,45-54,search_ads,mobile,sports,55.12,0,2,110.24,4,5,False
ORD102494,2025-01-15,CUST01060,returning,25-34,organic,desktop,home,104.42,10,2,187.96,6,5,False
ORD101818,2025-01-15,CUST01513,returning,55+,referral,desktop,electronics,215.53,0,1,215.53,9,5,True
ORD105203,2025-01-15,CUST03142,returning,25-34,search_ads,mobile,electronics,157.63,30,1,110.34,10,4,False
ORD100686,2025-01-15,CUST01150,returning,35-44,email,mobile,sports,107.38,5,1,102.01,3,5,False
ORD105161,2025-01-15,CUST00082,returning,25-34,email,desktop,electronics,135.25,10,2,243.45,8,4,False
ORD100665,2025-01-15,CUST02726,returning,35-44,search_ads,desktop,electronics,132.2,15,1,112.37,8,3,False
ORD100651,2025-01-15,CUST00416,new,18-24,search_ads,mobile,home,102.76,10,3,277.45,6,4,False
ORD104219,2025-01-15,CUST01868,new,45-54,organic,desktop,clothing,24.91,5,1,23.66,5,4,False
ORD100569,2025-01-15,CUST00171,new,25-34,email,mobile,electronics,158.33,10,2,284.99,7,3,False
ORD104488,2025-01-15,CUST00370,new,35-44,social_media,mobile,clothing,19.13,5,3,54.52,6,5,False
ORD104227,2025-01-15,CUST01930,new,55+,search_ads,mobile,home,29.64,30,3,62.24,10,5,False
ORD100678,2025-01-15,CUST00828,new,25-34,social_media,mobile,electronics,168.4,15,3,429.42,9,3,False
ORD100721,2025-01-15,CUST03101,new,45-54,organic,desktop,clothing,48.86,10,2,87.95,4,5,False
ORD102138,2025-01-15,CUST02373,new,25-34,social_media,desktop,home,39.41,0,1,39.41,5,4,False
ORD104255,2025-01-15,CUST02587,returning,35-44,organic,desktop,clothing,64.77,0,3,194.31,5,4,False
ORD100488,2025-01-15,CUST02021,new,45-54,email,mobile,sports,48.17,10,2,86.71,7,5,False
ORD100439,2025-01-15,CUST00698,new,45-54,social_media,mobile,sports,93.83,10,3,253.34,4,5,True
ORD104329,2025-01-15,CUST00812,returning,18-24,search_ads,mobile,electronics,157.28,20,1,125.82,10,4,True
ORD105183,2025-01-15,CUST00133,new,35-44,social_media,mobile,clothing,69.48,0,2,138.96,3,5,False
ORD100499,2025-01-15,CUST01820,new,25-34,search_ads,desktop,electronics,108.23,10,1,97.41,8,5,False
ORD104016,2025-01-15,CUST02086,new,45-54,organic,desktop,sports,62.55,20,1,50.04,9,5,False
ORD104540,2025-01-15,CUST01438,new,35-44,organic,mobile,clothing,48.81,5,1,46.37,5,5,False
ORD103231,2025-01-16,CUST00167,new,25-34,organic,desktop,beauty,23.31,5,1,22.14,4,4,False
ORD100004,2025-01-16,CUST01578,new,18-24,organic,mobile,clothing,76.61,10,1,68.95,11,4,True
ORD102657,2025-01-16,CUST00290,new,25-34,organic,mobile,clothing,28.94,20,1,23.15,7,4,False
ORD101808,2025-01-16,CUST02141,returning,45-54,organic,mobile,beauty,32.67,20,2,52.27,3,5,False
ORD102425,2025-01-16,CUST01694,returning,55+,email,mobile,electronics,274.26,5,1,260.55,6,5,False
ORD104192,2025-01-16,CUST02291,new,25-34,organic,mobile,sports,52.49,0,1,52.49,5,5,False
ORD103891,2025-01-16,CUST01221,new,35-44,organic,mobile,home,113.25,5,2,215.18,3,4,False
ORD102783,2025-01-16,CUST02461,returning,25-34,social_media,mobile,electronics,269.1,30,3,565.11,8,5,False
ORD102996,2025-01-16,CUST00058,new,35-44,organic,mobile,beauty,23.11,0,2,46.22,2,4,False
ORD102066,2025-01-16,CUST00510,returning,25-34,email,desktop,beauty,58.35,10,2,105.03,6,5,False
ORD100179,2025-01-16,CUST01894,returning,35-44,social_media,mobile,clothing,110.51,0,1,110.51,4,5,False
ORD104200,2025-01-16,CUST03166,returning,55+,social_media,mobile,electronics,65.22,5,2,123.92,9,4,False
ORD103493,2025-01-16,CUST00191,returning,25-34,organic,desktop,clothing,55.19,0,1,55.19,3,5,True
ORD103014,2025-01-16,CUST01201,returning,25-34,organic,mobile,clothing,39.98,30,1,27.99,4,5,False
ORD103499,2025-01-16,CUST01124,returning,35-44,organic,mobile,home,75.6,10,1,68.04,6,4,False
ORD101615,2025-01-16,CUST00829,returning,35-44,email,mobile,clothing,28.47,15,3,72.6,5,5,False
ORD100993,2025-01-16,CUST01848,returning,25-34,organic,desktop,electronics,279.26,10,1,251.33,7,5,False
ORD102893,2025-01-16,CUST00715,returning,55+,email,mobile,electronics,219.64,0,1,219.64,9,5,False
ORD104623,2025-01-16,CUST01112,new,35-44,referral,desktop,clothing,34.99,0,2,69.98,5,5,False
ORD100098,2025-01-16,CUST00673,new,35-44,organic,desktop,home,58.8,0,1,58.8,6,5,False
ORD103068,2025-01-16,CUST01382,returning,25-34,organic,mobile,electronics,109.01,10,1,98.11,8,4,True
ORD100749,2025-01-16,CUST01290,returning,35-44,email,desktop,clothing,54.33,5,2,103.23,4,4,False
ORD100272,2025-01-16,CUST02264,returning,35-44,organic,mobile,clothing,118.7,0,1,118.7,1,4,False
ORD102419,2025-01-16,CUST02553,returning,35-44,organic,mobile,electronics,198.65,15,1,168.85,7,4,False
ORD100429,2025-01-16,CUST00400,returning,55+,social_media,desktop,home,54.03,0,1,54.03,4,5,False
ORD103413,2025-01-16,CUST00053,new,25-34,organic,mobile,electronics,172.37,15,2,293.03,9,4,False
ORD104764,2025-01-16,CUST01600,new,25-34,search_ads,desktop,beauty,26.1,15,1,22.18,3,5,False
ORD102088,2025-01-16,CUST02122,new,35-44,organic,desktop,home,82.61,10,1,74.35,4,4,False
ORD103333,2025-01-16,CUST02468,returning,25-34,search_ads,desktop,electronics,159.67,20,2,255.47,9,5,False
ORD100741,2025-01-16,CUST00640,returning,45-54,organic,desktop,home,16.95,0,2,33.9,8,3,False
ORD103958,2025-01-16,CUST02803,returning,25-34,social_media,mobile,clothing,39.98,0,2,79.96,6,5,False
ORD104635,2025-01-16,CUST01082,new,55+,referral,desktop,sports,89.88,15,3,229.19,6,5,False
ORD103467,2025-01-16,CUST01168,new,45-54,referral,desktop,clothing,58.66,20,3,140.78,7,5,True
ORD100571,2025-01-16,CUST02259,new,25-34,organic,desktop,home,31.96,0,2,63.92,6,5,False
ORD102102,2025-01-16,CUST00741,new,35-44,email,desktop,electronics,197.27,10,2,355.09,9,4,True
ORD103359,2025-01-16,CUST02384,new,45-54,social_media,mobile,clothing,52.44,10,3,141.59,3,4,False
ORD103471,2025-01-16,CUST02942,returning,18-24,social_media,desktop,beauty,94.85,5,1,90.11,6,5,True
ORD101131,2025-01-16,CUST02598,new,18-24,social_media,mobile,clothing,39.96,0,2,79.92,6,5,False
ORD100173,2025-01-16,CUST01942,returning,35-44,search_ads,mobile,beauty,29.58,0,1,29.58,4,5,False
ORD103882,2025-01-16,CUST02606,new,45-54,email,mobile,electronics,64.51,10,2,116.12,6,5,False
ORD105074,2025-01-16,CUST00431,returning,25-34,social_media,desktop,electronics,177.15,0,1,177.15,9,4,True
ORD101829,2025-01-16,CUST00842,returning,18-24,organic,desktop,clothing,30.64,10,2,55.15,9,4,False
ORD101713,2025-01-16,CUST01381,returning,35-44,email,mobile,clothing,36.96,15,1,31.42,6,5,False
ORD103159,2025-01-16,CUST01907,returning,45-54,email,mobile,clothing,37.39,0,2,74.78,5,5,False
ORD104262,2025-01-16,CUST02705,new,55+,social_media,desktop,beauty,28.01,0,2,56.02,10,5,False
ORD100945,2025-01-16,CUST02777,returning,25-34,search_ads,desktop,clothing,108.26,20,2,173.22,5,4,False
ORD102740,2025-01-16,CUST01308,new,25-34,social_media,desktop,beauty,12.7,20,3,30.48,4,5,False
ORD102584,2025-01-16,CUST01786,new,45-54,email,desktop,electronics,83.36,30,1,58.35,8,4,False
ORD103179,2025-01-16,CUST01297,returning,18-24,organic,mobile,sports,46.48,0,3,139.44,8,4,False
ORD100598,2025-01-16,CUST02217,new,25-34,referral,mobile,beauty,21.93,10,2,39.47,6,5,False
ORD104943,2025-01-16,CUST01048,returning,35-44,email,mobile,beauty,30.13,20,1,24.1,3,5,False
ORD100003,2025-01-16,CUST02758,returning,25-34,social_media,mobile,beauty,20.93,5,1,19.88,5,5,False
ORD100987,2025-01-16,CUST02692,returning,25-34,email,mobile,clothing,40.04,10,2,72.07,4,5,False
ORD105162,2025-01-16,CUST01913,returning,35-44,search_ads,mobile,home,90.02,30,2,126.03,2,4,False
ORD103696,2025-01-16,CUST02445,returning,18-24,organic,mobile,electronics,498.05,5,1,473.15,8,4,True
ORD102772,2025-01-16,CUST01106,returning,35-44,social_media,desktop,clothing,46.16,30,3,96.94,4,5,False
ORD103718,2025-01-16,CUST03018,new,55+,organic,mobile,sports,28.35,0,1,28.35,2,5,False
ORD102739,2025-01-16,CUST02394,returning,25-34,social_media,mobile,beauty,40.45,0,3,121.35,3,5,False
ORD102062,2025-01-17,CUST03057,returning,18-24,referral,mobile,clothing,27.65,5,1,26.27,10,5,False
ORD100509,2025-01-17,CUST02627,new,25-34,social_media,mobile,clothing,37.9,10,3,102.33,7,3,False
ORD103049,2025-01-17,CUST01370,new,45-54,social_media,desktop,beauty,30.01,15,2,51.02,3,5,False
ORD100822,2025-01-17,CUST00993,returning,45-54,referral,mobile,beauty,37.34,0,2,74.68,7,5,False
ORD104931,2025-01-17,CUST01324,returning,35-44,email,mobile,electronics,119.75,0,1,119.75,5,5,False
ORD104805,2025-01-17,CUST02886,returning,25-34,organic,desktop,sports,33.86,15,2,57.56,5,5,False
ORD101177,2025-01-17,CUST01530,new,35-44,search_ads,desktop,clothing,97.67,10,2,175.81,5,5,False
ORD100625,2025-01-17,CUST00139,returning,18-24,organic,desktop,home,34.45,30,2,48.23,5,5,False
ORD102805,2025-01-17,CUST01121,returning,55+,search_ads,mobile,beauty,50.92,0,1,50.92,5,5,False
ORD101827,2025-01-17,CUST00198,new,25-34,email,desktop,clothing,46.36,5,1,44.04,1,5,False
ORD101342,2025-01-17,CUST01091,returning,35-44,social_media,mobile,clothing,58.44,10,3,157.79,2,5,False
ORD100626,2025-01-17,CUST00266,new,35-44,search_ads,desktop,sports,84.24,15,2,143.21,7,3,False
ORD102271,2025-01-17,CUST00156,new,18-24,organic,desktop,electronics,259.12,0,1,259.12,5,5,False
ORD103414,2025-01-17,CUST03184,new,45-54,email,mobile,beauty,28.63,15,1,24.34,4,5,False
ORD103423,2025-01-17,CUST02479,new,25-34,social_media,mobile,electronics,262.15,15,3,668.48,9,5,False
ORD104646,2025-01-17,CUST01785,new,25-34,search_ads,mobile,sports,28.54,15,3,72.78,4,5,False
ORD100028,2025-01-17,CUST02263,returning,18-24,search_ads,desktop,beauty,21.42,30,1,14.99,3,4,False
ORD102885,2025-01-17,CUST02396,new,35-44,social_media,desktop,home,103.58,5,2,196.8,4,5,False
ORD101109,2025-01-17,CUST02126,returning,25-34,email,mobile,electronics,138.28,10,2,248.9,4,5,False
ORD104974,2025-01-17,CUST02146,new,35-44,search_ads,desktop,beauty,62.1,15,2,105.57,4,4,False
ORD104535,2025-01-17,CUST02889,returning,25-34,email,mobile,sports,61.73,20,3,148.15,4,5,True
ORD100802,2025-01-17,CUST01634,new,25-34,organic,desktop,electronics,133.87,0,2,267.74,4,5,False
ORD101766,2025-01-17,CUST01555,returning,35-44,organic,mobile,sports,130.02,5,2,247.04,6,5,False
ORD104583,2025-01-17,CUST02548,new,25-34,social_media,desktop,sports,77.87,5,1,73.98,4,5,False
ORD104987,2025-01-17,CUST02637,returning,18-24,organic,mobile,clothing,32.84,0,3,98.52,6,5,False
ORD101781,2025-01-17,CUST01937,returning,55+,organic,desktop,home,58.44,0,1,58.44,4,5,False
ORD104039,2025-01-17,CUST00638,returning,55+,organic,desktop,clothing,30.78,30,2,43.09,6,4,False
ORD104045,2025-01-17,CUST02579,returning,25-34,social_media,mobile,clothing,19.71,0,1,19.71,9,4,False
ORD104269,2025-01-17,CUST01846,returning,18-24,social_media,desktop,beauty,47.77,10,1,42.99,6,5,False
ORD101187,2025-01-17,CUST01680,returning,55+,email,mobile,home,51.83,0,1,51.83,5,5,False
ORD103795,2025-01-17,CUST01567,returning,25-34,social_media,desktop,clothing,39.27,0,2,78.54,5,4,False
ORD105029,2025-01-17,CUST02991,new,25-34,organic,mobile,electronics,98.48,0,2,196.96,4,5,False
ORD101599,2025-01-17,CUST00218,new,18-24,organic,mobile,clothing,8.48,5,1,8.06,8,3,False
ORD102399,2025-01-17,CUST02333,new,35-44,referral,desktop,electronics,474.32,10,3,1280.66,15,5,False
ORD102778,2025-01-17,CUST00604,returning,25-34,search_ads,desktop,sports,49.34,10,2,88.81,4,4,False
ORD103266,2025-01-17,CUST01713,new,55+,organic,mobile,beauty,30.83,5,1,29.29,9,5,False
ORD104657,2025-01-17,CUST00964,returning,55+,social_media,desktop,beauty,69.96,10,2,125.93,3,4,False
ORD102786,2025-01-17,CUST02642,new,18-24,email,mobile,clothing,26.56,15,1,22.58,4,5,False
ORD104168,2025-01-17,CUST02592,returning,35-44,email,desktop,clothing,65.38,10,1,58.84,5,5,False
ORD101195,2025-01-17,CUST01875,returning,25-34,social_media,mobile,home,71.13,10,1,64.02,5,4,False
ORD104194,2025-01-17,CUST00218,new,35-44,organic,desktop,beauty,25.73,0,2,51.46,9,4,False
ORD100306,2025-01-17,CUST02543,returning,18-24,email,desktop,clothing,53.74,20,3,128.98,5,5,False
ORD100929,2025-01-17,CUST01847,new,18-24,social_media,mobile,electronics,93.89,0,2,187.78,4,4,False
ORD104351,2025-01-17,CUST01839,new,45-54,social_media,mobile,clothing,34.16,10,1,30.74,3,5,False
ORD104180,2025-01-17,CUST02289,new,55+,social_media,mobile,beauty,25.22,10,1,22.7,7,4,False
ORD102561,2025-01-17,CUST02603,new,35-44,search_ads,mobile,home,27.88,30,1,19.52,6,4,True
ORD104373,2025-01-17,CUST01884,new,35-44,social_media,desktop,electronics,124.5,15,2,211.65,9,4,True
ORD103166,2025-01-17,CUST02433,new,45-54,search_ads,desktop,beauty,33.99,20,2,54.38,9,4,False
ORD102990,2025-01-17,CUST02279,returning,18-24,organic,mobile,beauty,23.54,0,1,23.54,5,4,False
ORD105039,2025-01-17,CUST01899,new,25-34,search_ads,mobile,electronics,170.67,10,2,307.21,11,3,False
ORD101196,2025-01-17,CUST01050,new,45-54,organic,mobile,home,42.71,10,1,38.44,4,5,False
ORD103947,2025-01-17,CUST00188,returning,45-54,organic,mobile,electronics,108.31,0,2,216.62,4,5,False
ORD103363,2025-01-17,CUST02074,new,55+,organic,mobile,clothing,53.72,10,3,145.04,7,5,False
ORD103822,2025-01-17,CUST01385,returning,25-34,social_media,desktop,electronics,87.11,0,1,87.11,5,4,False
ORD104109,2025-01-17,CUST01367,new,18-24,organic,mobile,home,47.46,30,3,99.67,6,4,False
ORD101033,2025-01-17,CUST00884,new,55+,social_media,mobile,beauty,21.32,10,1,19.19,4,4,False
ORD103004,2025-01-17,CUST02077,new,55+,social_media,mobile,beauty,8.17,10,1,7.35,4,4,False
ORD100583,2025-01-17,CUST00374,new,35-44,organic,desktop,clothing,23.56,0,3,70.68,2,5,True
ORD104958,2025-01-17,CUST00669,new,35-44,social_media,mobile,sports,29.64,0,2,59.28,3,5,False
ORD100216,2025-01-17,CUST02444,new,45-54,organic,desktop,clothing,50.97,10,2,91.75,5,5,False
ORD105127,2025-01-17,CUST02443,returning,35-44,email,desktop,home,93.45,5,1,88.78,2,5,False
ORD102530,2025-01-17,CUST01594,new,45-54,referral,mobile,electronics,99.27,10,1,89.34,8,5,False
ORD103188,2025-01-18,CUST01998,returning,18-24,referral,mobile,home,41.39,30,1,28.97,4,5,True
ORD104587,2025-01-18,CUST00563,new,35-44,search_ads,mobile,clothing,67.08,20,1,53.66,5,5,False
ORD100511,2025-01-18,CUST02941,new,25-34,search_ads,desktop,beauty,33.58,10,1,30.22,4,5,False
ORD102999,2025-01-18,CUST02443,returning,45-54,referral,mobile,home,191.43,15,1,162.72,7,5,False
ORD100574,2025-01-18,CUST02371,new,45-54,organic,mobile,clothing,24.17,20,1,19.34,4,5,True
ORD101389,2025-01-18,CUST02028,returning,25-34,email,mobile,beauty,19.04,20,1,15.23,4,4,False
ORD102624,2025-01-18,CUST03019,returning,18-24,organic,desktop,clothing,8.71,0,1,8.71,6,5,False
ORD101434,2025-01-18,CUST02878,new,25-34,organic,mobile,electronics,109.22,20,1,87.38,6,5,False
ORD103137,2025-01-18,CUST02134,new,25-34,social_media,desktop,beauty,37.88,10,2,68.18,2,5,False
ORD103111,2025-01-18,CUST01800,returning,45-54,social_media,mobile,sports,90.18,0,2,180.36,5,4,False
ORD104933,2025-01-18,CUST02536,new,35-44,search_ads,mobile,sports,49.16,30,2,68.82,5,5,False
ORD103407,2025-01-18,CUST00087,new,45-54,social_media,desktop,electronics,112.08,5,2,212.95,5,5,False
ORD100720,2025-01-18,CUST00479,new,25-34,search_ads,mobile,sports,75.87,20,1,60.7,6,5,False
ORD102578,2025-01-18,CUST02014,new,25-34,email,mobile,electronics,118.11,0,2,236.22,4,5,False
ORD100712,2025-01-18,CUST01570,returning,45-54,search_ads,mobile,clothing,44.56,15,3,113.63,3,4,False
ORD101169,2025-01-18,CUST01023,new,25-34,organic,mobile,home,83.09,15,1,70.63,2,5,False
ORD101167,2025-01-18,CUST03042,returning,25-34,email,desktop,clothing,41.63,10,2,74.93,9,5,False
ORD100207,2025-01-18,CUST02885,new,25-34,social_media,desktop,clothing,75.63,30,3,158.82,4,5,False
ORD101231,2025-01-18,CUST02093,new,55+,email,desktop,electronics,40.11,15,2,68.19,9,5,False
ORD101444,2025-01-18,CUST02344,new,35-44,email,desktop,clothing,24.83,10,2,44.69,5,5,False
ORD100617,2025-01-18,CUST00912,returning,35-44,social_media,mobile,home,60.45,0,1,60.45,7,4,False
ORD104243,2025-01-18,CUST00957,returning,25-34,email,mobile,home,89.76,0,1,89.76,5,4,False
ORD100271,2025-01-18,CUST02638,new,25-34,referral,desktop,electronics,105.43,20,1,84.34,8,4,False
ORD100759,2025-01-18,CUST02240,returning,25-34,organic,desktop,electronics,228.62,0,1,228.62,8,3,False
ORD105051,2025-01-18,CUST00127,returning,55+,organic,desktop,clothing,74.68,15,2,126.96,4,5,False
ORD103292,2025-01-18,CUST01169,new,45-54,social_media,desktop,clothing,73.6,30,1,51.52,6,5,False
ORD101311,2025-01-18,CUST02559,returning,25-34,social_media,mobile,beauty,43.61,20,1,34.89,2,4,False
ORD104209,2025-01-18,CUST02599,new,25-34,social_media,mobile,sports,47.5,10,2,85.5,5,5,False
ORD102465,2025-01-18,CUST02936,new,45-54,organic,mobile,clothing,105.01,5,1,99.76,4,4,False
ORD101849,2025-01-18,CUST02193,new,35-44,organic,mobile,clothing,49.94,0,1,49.94,6,5,False
ORD100941,2025-01-18,CUST00018,returning,35-44,search_ads,mobile,electronics,172.46,0,1,172.46,5,5,False
ORD100295,2025-01-18,CUST00851,new,55+,search_ads,mobile,sports,129.19,20,1,103.35,5,5,True
ORD100335,2025-01-18,CUST02253,returning,45-54,search_ads,mobile,electronics,162.21,15,1,137.88,5,5,False
ORD101549,2025-01-18,CUST00619,returning,18-24,search_ads,mobile,home,40.17,0,3,120.51,10,4,False
ORD105001,2025-01-18,CUST00882,returning,18-24,organic,mobile,sports,38.13,10,2,68.63,3,5,False
ORD100817,2025-01-18,CUST03037,returning,35-44,referral,mobile,clothing,67.15,20,2,107.44,3,5,False
ORD103561,2025-01-18,CUST01576,new,25-34,organic,mobile,beauty,22.05,15,1,18.74,8,5,False
ORD101869,2025-01-18,CUST00935,returning,35-44,organic,mobile,electronics,83.51,20,3,200.42,6,5,False
ORD103621,2025-01-18,CUST02700,returning,18-24,organic,mobile,beauty,13.38,5,1,12.71,9,3,False
ORD100935,2025-01-18,CUST01054,returning,45-54,email,mobile,electronics,391.29,0,1,391.29,7,5,False
ORD103747,2025-01-18,CUST03150,new,18-24,social_media,mobile,beauty,65.52,10,1,58.97,5,5,False
ORD103841,2025-01-18,CUST02765,new,35-44,referral,mobile,electronics,138.99,0,1,138.99,5,5,False
ORD100153,2025-01-18,CUST00557,new,55+,organic,desktop,clothing,26.2,0,1,26.2,5,5,False
ORD103936,2025-01-18,CUST02377,new,45-54,email,desktop,clothing,47.82,30,1,33.47,5,5,False
ORD103920,2025-01-18,CUST01651,returning,25-34,organic,mobile,beauty,80.09,5,1,76.09,9,3,True
ORD101596,2025-01-18,CUST00307,new,35-44,organic,mobile,sports,36.2,10,2,65.16,8,4,False
ORD104523,2025-01-18,CUST01124,new,45-54,email,mobile,clothing,60.5,0,1,60.5,11,4,True
ORD100873,2025-01-18,CUST01432,returning,35-44,social_media,desktop,clothing,35.01,20,1,28.01,7,5,False
ORD103849,2025-01-18,CUST02763,returning,55+,social_media,mobile,sports,56.99,30,1,39.89,3,4,False
ORD100506,2025-01-18,CUST00458,returning,45-54,search_ads,desktop,sports,34.12,20,1,27.3,8,5,False
ORD103863,2025-01-18,CUST01889,new,35-44,search_ads,desktop,clothing,20.5,0,2,41.0,4,4,False
ORD105137,2025-01-18,CUST01038,new,45-54,search_ads,mobile,beauty,74.86,0,2,149.72,2,4,False
ORD102774,2025-01-18,CUST03036,returning,18-24,referral,desktop,electronics,16.08,30,3,33.77,8,5,False
ORD101690,2025-01-19,CUST00400,returning,25-34,organic,mobile,electronics,83.29,0,3,249.87,9,4,True
ORD103227,2025-01-19,CUST01971,returning,55+,search_ads,desktop,clothing,98.0,15,3,249.9,1,5,False
ORD102670,2025-01-19,CUST01364,new,25-34,referral,mobile,beauty,56.09,0,2,112.18,6,5,False
ORD102480,2025-01-19,CUST00329,new,45-54,organic,mobile,clothing,25.57,0,1,25.57,7,4,False
ORD104962,2025-01-19,CUST02974,new,35-44,email,desktop,home,57.77,10,2,103.99,6,5,False
ORD101548,2025-01-19,CUST03071,returning,25-34,search_ads,desktop,electronics,193.91,20,1,155.13,5,5,False
ORD101702,2025-01-19,CUST01734,returning,35-44,social_media,mobile,clothing,13.94,5,2,26.49,3,5,False
ORD102415,2025-01-19,CUST00562,returning,18-24,organic,mobile,clothing,24.23,10,2,43.61,6,5,False
ORD100589,2025-01-19,CUST00122,returning,25-34,search_ads,mobile,sports,44.0,0,1,44.0,6,5,False
ORD103786,2025-01-19,CUST01814,new,55+,organic,desktop,beauty,66.73,30,3,140.13,5,5,False
ORD100742,2025-01-19,CUST00271,new,25-34,social_media,desktop,clothing,51.97,15,1,44.17,7,5,True
ORD102520,2025-01-19,CUST02901,returning,55+,email,mobile,electronics,94.79,15,1,80.57,6,5,False
ORD101627,2025-01-19,CUST01869,returning,25-34,email,desktop,home,113.97,30,1,79.78,6,5,False
ORD101055,2025-01-19,CUST00069,new,45-54,organic,desktop,home,55.47,0,3,166.41,9,5,False
ORD102925,2025-01-19,CUST03148,new,25-34,social_media,desktop,beauty,25.98,15,2,44.17,3,5,False
ORD100572,2025-01-19,CUST03030,returning,18-24,organic,desktop,clothing,98.11,0,1,98.11,9,3,False
ORD103122,2025-01-19,CUST00573,new,25-34,social_media,desktop,electronics,90.91,0,2,181.82,11,4,False
ORD101836,2025-01-19,CUST02287,returning,25-34,social_media,desktop,home,307.6,5,1,292.22,4,4,False
ORD103125,2025-01-19,CUST01268,new,25-34,referral,mobile,home,62.75,15,2,106.68,5,5,False
ORD103358,2025-01-19,CUST01212,returning,35-44,search_ads,mobile,clothing,28.68,20,1,22.94,7,5,False
ORD101924,2025-01-19,CUST02328,new,45-54,referral,mobile,clothing,37.44,5,2,71.14,3,5,False
ORD100861,2025-01-19,CUST03063,new,25-34,referral,mobile,clothing,60.28,10,1,54.25,7,5,False
ORD100674,2025-01-19,CUST01931,returning,35-44,organic,desktop,home,116.41,0,1,116.41,2,5,False
ORD100102,2025-01-19,CUST00213,new,55+,email,desktop,beauty,50.17,0,2,100.34,3,5,False
ORD104349,2025-01-19,CUST02677,new,18-24,email,desktop,home,137.42,10,2,247.36,6,5,False
ORD104174,2025-01-19,CUST00484,returning,45-54,organic,mobile,electronics,97.62,0,1,97.62,7,4,False
ORD103642,2025-01-19,CUST00678,new,25-34,social_media,mobile,sports,79.28,0,2,158.56,3,5,False
ORD104915,2025-01-19,CUST01181,new,25-34,organic,desktop,home,197.58,0,3,592.74,5,4,False
ORD101313,2025-01-19,CUST02279,new,55+,email,mobile,home,42.12,10,1,37.91,8,4,False
ORD104594,2025-01-19,CUST00927,returning,18-24,search_ads,mobile,beauty,12.44,0,1,12.44,2,5,False
ORD101816,2025-01-19,CUST00553,new,35-44,organic,mobile,clothing,31.4,0,1,31.4,3,5,False
ORD104888,2025-01-19,CUST00440,new,35-44,search_ads,mobile,home,46.98,0,1,46.98,4,4,False
ORD104156,2025-01-19,CUST00529,new,55+,organic,mobile,clothing,38.95,0,1,38.95,1,4,False
ORD104889,2025-01-19,CUST01972,returning,25-34,organic,desktop,sports,75.61,15,3,192.81,5,4,False
ORD100043,2025-01-19,CUST02522,new,25-34,organic,mobile,home,104.59,10,2,188.26,5,5,False
ORD104890,2025-01-19,CUST00377,new,45-54,search_ads,mobile,electronics,186.96,30,2,261.74,8,5,False
ORD104124,2025-01-19,CUST01602,new,55+,organic,desktop,beauty,45.1,0,1,45.1,5,5,False
ORD104480,2025-01-19,CUST01968,returning,45-54,organic,mobile,electronics,128.47,0,2,256.94,5,4,False
ORD100145,2025-01-19,CUST02302,new,45-54,organic,desktop,home,99.1,10,2,178.38,8,5,True
ORD103674,2025-01-19,CUST00428,new,35-44,social_media,desktop,electronics,531.58,0,2,1063.16,5,5,False
ORD103254,2025-01-19,CUST00930,new,45-54,search_ads,mobile,electronics,85.66,20,1,68.53,4,5,False
ORD102742,2025-01-19,CUST02618,new,18-24,email,mobile,beauty,24.75,20,1,19.8,6,5,False
ORD104389,2025-01-19,CUST01480,returning,35-44,search_ads,mobile,beauty,57.92,20,3,139.01,3,5,False
ORD100419,2025-01-19,CUST00879,new,18-24,social_media,mobile,clothing,95.87,10,1,86.28,6,5,False
ORD100775,2025-01-19,CUST02706,returning,25-34,organic,mobile,electronics,145.23,10,1,130.71,10,5,False
ORD102839,2025-01-19,CUST01780,new,18-24,organic,mobile,electronics,165.21,20,2,264.34,10,4,False
ORD104003,2025-01-19,CUST00692,new,45-54,social_media,mobile,clothing,18.31,5,3,52.18,2,5,False
ORD103796,2025-01-19,CUST00378,new,35-44,referral,mobile,clothing,62.0,5,3,176.7,7,5,False
ORD100011,2025-01-19,CUST02088,returning,25-34,search_ads,mobile,electronics,172.98,0,1,172.98,9,5,False
ORD102903,2025-01-19,CUST01095,new,25-34,search_ads,mobile,home,162.93,15,3,415.47,4,4,False
ORD100937,2025-01-19,CUST01313,returning,55+,search_ads,mobile,sports,14.06,15,2,23.9,6,5,False
ORD100527,2025-01-19,CUST02708,new,25-34,search_ads,desktop,sports,55.44,10,2,99.79,5,5,False
ORD104306,2025-01-19,CUST01610,new,25-34,referral,desktop,sports,122.68,0,1,122.68,1,5,False
ORD104778,2025-01-19,CUST00499,new,55+,search_ads,desktop,beauty,49.4,30,2,69.16,6,5,False
ORD104048,2025-01-19,CUST00717,returning,25-34,search_ads,mobile,electronics,497.98,10,1,448.18,8,5,False
ORD100012,2025-01-19,CUST02058,returning,25-34,referral,desktop,sports,49.99,5,1,47.49,2,5,False
ORD100502,2025-01-19,CUST00764,returning,55+,email,desktop,clothing,42.96,15,1,36.52,4,5,False
ORD103815,2025-01-19,CUST01564,new,35-44,social_media,mobile,home,56.06,0,3,168.18,8,5,False
ORD101134,2025-01-19,CUST03030,returning,45-54,email,desktop,clothing,113.38,10,2,204.08,3,5,False
ORD103253,2025-01-20,CUST02485,new,18-24,social_media,mobile,sports,68.26,0,1,68.26,6,5,False
ORD104387,2025-01-20,CUST00188,new,35-44,referral,desktop,sports,75.15,0,3,225.45,3,5,False
ORD101368,2025-01-20,CUST02801,new,18-24,organic,desktop,electronics,161.84,10,1,145.66,6,5,False
ORD102367,2025-01-20,CUST02152,new,18-24,search_ads,desktop,electronics,124.02,10,1,111.62,10,5,False
ORD100202,2025-01-20,CUST02108,new,25-34,referral,mobile,electronics,249.22,10,2,448.6,4,4,False
ORD104355,2025-01-20,CUST00877,returning,55+,organic,desktop,sports,57.14,0,2,114.28,5,5,False
ORD102916,2025-01-20,CUST01269,returning,35-44,social_media,mobile,clothing,90.04,0,2,180.08,5,5,False
ORD104379,2025-01-20,CUST01866,returning,35-44,search_ads,mobile,beauty,34.98,15,1,29.73,5,5,False
ORD102552,2025-01-20,CUST01729,returning,25-34,social_media,mobile,electronics,135.87,0,1,135.87,5,5,False
ORD102886,2025-01-20,CUST03192,returning,55+,search_ads,desktop,clothing,106.19,15,2,180.52,1,5,False
ORD104186,2025-01-20,CUST01991,new,18-24,search_ads,mobile,beauty,25.89,0,1,25.89,6,4,False
ORD102615,2025-01-20,CUST01326,returning,18-24,referral,desktop,sports,76.54,5,3,218.14,5,5,False
ORD103648,2025-01-20,CUST02581,returning,45-54,social_media,mobile,beauty,14.75,10,2,26.55,8,5,True
ORD103110,2025-01-20,CUST01112,returning,45-54,referral,mobile,clothing,16.6,20,1,13.28,5,5,False
ORD102764,2025-01-20,CUST03146,new,45-54,organic,mobile,sports,58.54,20,3,140.5,7,4,False
ORD104876,2025-01-20,CUST01948,returning,35-44,social_media,mobile,clothing,85.37,10,2,153.67,4,4,False
ORD103938,2025-01-20,CUST02649,returning,45-54,search_ads,mobile,home,55.57,10,1,50.01,3,5,False
ORD102459,2025-01-20,CUST02898,returning,35-44,email,mobile,beauty,14.52,10,1,13.07,2,5,False
ORD103927,2025-01-20,CUST00774,new,55+,referral,mobile,clothing,16.49,10,1,14.84,8,4,False
ORD102307,2025-01-20,CUST01392,returning,55+,email,desktop,sports,73.33,15,2,124.66,5,5,False
ORD103481,2025-01-20,CUST00856,new,25-34,organic,mobile,beauty,17.97,5,1,17.07,6,5,False
ORD100730,2025-01-20,CUST00553,new,25-34,email,mobile,clothing,16.7,5,2,31.73,5,5,False
ORD104972,2025-01-20,CUST01617,returning,35-44,organic,desktop,sports,50.9,15,2,86.53,2,5,False
ORD104268,2025-01-20,CUST00807,new,35-44,social_media,mobile,electronics,146.28,10,1,131.65,5,4,True
ORD104577,2025-01-20,CUST01432,new,35-44,referral,mobile,sports,20.42,0,3,61.26,6,5,False
ORD104218,2025-01-20,CUST01654,new,25-34,social_media,mobile,clothing,41.43,10,1,37.29,5,5,False
ORD104090,2025-01-20,CUST01569,new,25-34,organic,desktop,electronics,183.87,10,1,165.48,5,4,False
ORD104701,2025-01-20,CUST02063,new,18-24,email,mobile,electronics,193.66,0,1,193.66,8,3,False
ORD101292,2025-01-20,CUST00841,returning,35-44,organic,mobile,clothing,20.59,10,3,55.59,7,4,False
ORD100507,2025-01-20,CUST00337,new,18-24,referral,desktop,clothing,53.72,10,1,48.35,7,5,False
ORD100047,2025-01-20,CUST02991,new,45-54,social_media,desktop,electronics,354.79,0,1,354.79,8,4,False
ORD101583,2025-01-20,CUST02813,new,55+,organic,mobile,electronics,81.36,5,2,154.58,8,4,False
ORD104723,2025-01-20,CUST00877,new,45-54,search_ads,desktop,home,73.08,10,2,131.54,4,5,False
ORD103998,2025-01-20,CUST03069,returning,25-34,email,mobile,sports,66.13,20,2,105.81,2,5,False
ORD103028,2025-01-20,CUST00627,new,25-34,referral,mobile,electronics,108.44,15,3,276.52,8,5,False
ORD101745,2025-01-20,CUST00280,new,18-24,social_media,mobile,beauty,33.2,0,1,33.2,4,5,False
ORD101485,2025-01-20,CUST02213,new,25-34,social_media,desktop,beauty,36.21,15,2,61.56,5,5,True
ORD105113,2025-01-20,CUST03102,new,45-54,email,mobile,electronics,22.43,15,2,38.13,8,5,False
ORD104417,2025-01-20,CUST03094,new,45-54,organic,desktop,sports,87.35,15,1,74.25,5,5,False
ORD102110,2025-01-20,CUST01601,returning,35-44,social_media,mobile,clothing,78.57,5,1,74.64,4,4,False
ORD104232,2025-01-20,CUST01042,returning,45-54,search_ads,mobile,home,22.19,10,1,19.97,5,4,False
ORD100317,2025-01-20,CUST00539,returning,18-24,social_media,mobile,clothing,51.41,15,2,87.4,3,5,False
ORD102407,2025-01-20,CUST00169,returning,55+,organic,mobile,electronics,134.89,0,1,134.89,5,5,False
ORD100060,2025-01-20,CUST01577,returning,45-54,email,desktop,home,79.42,10,2,142.96,4,4,False
ORD101970,2025-01-20,CUST01878,new,25-34,referral,desktop,home,221.01,0,1,221.01,3,4,True
ORD103097,2025-01-20,CUST02969,new,35-44,organic,desktop,home,39.19,10,2,70.54,8,4,False
ORD100773,2025-01-21,CUST02784,returning,55+,organic,mobile,beauty,30.77,0,1,30.77,9,4,False
ORD104240,2025-01-21,CUST01494,new,35-44,social_media,mobile,clothing,26.2,15,1,22.27,5,5,False
ORD105102,2025-01-21,CUST02018,returning,25-34,search_ads,mobile,electronics,146.77,15,2,249.51,5,5,False
ORD102633,2025-01-21,CUST01259,new,45-54,email,mobile,electronics,164.5,0,1,164.5,7,5,False
ORD104309,2025-01-21,CUST01713,returning,45-54,email,desktop,home,67.22,0,2,134.44,4,4,False
ORD104908,2025-01-21,CUST01758,returning,25-34,search_ads,mobile,clothing,70.44,15,2,119.75,7,3,False
ORD103512,2025-01-21,CUST00704,returning,55+,organic,mobile,electronics,38.58,10,2,69.44,13,4,False
ORD101108,2025-01-21,CUST00083,returning,25-34,search_ads,mobile,sports,48.69,30,2,68.17,6,5,False
ORD102845,2025-01-21,CUST00088,new,18-24,search_ads,mobile,beauty,18.17,30,1,12.72,5,4,False
ORD101815,2025-01-21,CUST00180,new,55+,social_media,mobile,clothing,19.71,5,2,37.45,4,5,False
ORD101779,2025-01-21,CUST02088,new,55+,social_media,mobile,electronics,172.68,20,1,138.14,10,5,False
ORD102125,2025-01-21,CUST02825,new,55+,organic,desktop,clothing,44.29,0,3,132.87,5,5,False
ORD102156,2025-01-21,CUST02373,returning,25-34,search_ads,desktop,home,116.54,10,3,314.66,4,5,False
ORD105178,2025-01-21,CUST02794,new,35-44,social_media,desktop,clothing,56.66,20,1,45.33,2,5,False
ORD100023,2025-01-21,CUST02421,new,55+,organic,mobile,beauty,16.84,15,1,14.31,3,4,False
ORD101204,2025-01-21,CUST01172,new,55+,referral,mobile,clothing,32.12,10,2,57.82,3,5,False
ORD104491,2025-01-21,CUST03078,new,35-44,organic,mobile,clothing,34.86,5,1,33.12,3,5,False
ORD102816,2025-01-21,CUST02282,new,45-54,social_media,desktop,beauty,21.99,30,1,15.39,7,5,False
ORD101142,2025-01-21,CUST01175,new,25-34,search_ads,desktop,clothing,50.95,30,3,107.0,6,5,False
ORD101785,2025-01-21,CUST02323,returning,18-24,social_media,mobile,electronics,76.73,10,1,69.06,8,3,False
ORD101391,2025-01-21,CUST02435,returning,18-24,organic,mobile,electronics,67.39,20,1,53.91,4,5,False
ORD104103,2025-01-21,CUST01702,returning,55+,email,desktop,sports,32.96,0,1,32.96,8,5,False
ORD102483,2025-01-21,CUST01757,returning,55+,referral,desktop,electronics,127.91,0,2,255.82,10,5,False
ORD100769,2025-01-21,CUST02916,returning,35-44,social_media,mobile,home,47.2,0,1,47.2,2,5,False
ORD104476,2025-01-21,CUST00917,new,45-54,organic,desktop,sports,80.54,15,1,68.46,3,5,True
ORD103797,2025-01-21,CUST03067,returning,45-54,social_media,desktop,beauty,48.22,10,1,43.4,5,5,False
ORD104322,2025-01-21,CUST02357,new,45-54,referral,desktop,home,53.14,15,1,45.17,3,4,False
ORD104511,2025-01-21,CUST03009,new,55+,social_media,mobile,electronics,174.46,5,3,497.21,11,4,True
ORD100624,2025-01-21,CUST01396,new,25-34,search_ads,desktop,beauty,38.6,15,2,65.62,9,5,False
ORD102688,2025-01-21,CUST02027,new,25-34,organic,desktop,clothing,74.09,10,2,133.36,7,4,False
ORD101623,2025-01-21,CUST00500,returning,18-24,social_media,mobile,home,45.54,0,2,91.08,4,5,True
ORD104263,2025-01-21,CUST03041,new,35-44,referral,mobile,clothing,20.75,20,2,33.2,4,5,False
ORD102478,2025-01-21,CUST00900,returning,45-54,social_media,mobile,electronics,335.48,0,2,670.96,12,3,False
ORD104568,2025-01-21,CUST01476,returning,25-34,referral,desktop,clothing,78.06,5,1,74.16,3,5,False
ORD102145,2025-01-21,CUST01253,new,35-44,organic,mobile,beauty,28.24,10,1,25.42,5,5,False
ORD100729,2025-01-21,CUST02637,returning,25-34,search_ads,mobile,clothing,25.28,15,1,21.49,5,5,False
ORD100515,2025-01-21,CUST01851,new,25-34,organic,desktop,home,114.12,20,2,182.59,7,4,True
ORD103168,2025-01-21,CUST02686,new,45-54,organic,desktop,electronics,159.49,15,1,135.57,10,4,True
ORD102705,2025-01-21,CUST01095,returning,25-34,social_media,mobile,home,50.34,10,1,45.31,4,5,False
ORD101973,2025-01-21,CUST01880,returning,25-34,referral,mobile,sports,51.21,0,2,102.42,4,5,False
ORD101799,2025-01-21,CUST02727,new,25-34,organic,mobile,electronics,92.05,15,2,156.48,7,4,False
ORD101560,2025-01-21,CUST00246,new,45-54,search_ads,desktop,sports,32.89,20,1,26.31,3,5,False
ORD100811,2025-01-21,CUST02653,new,35-44,organic,mobile,beauty,20.5,30,3,43.05,5,5,False
ORD102659,2025-01-21,CUST02309,new,55+,search_ads,mobile,beauty,5.87,30,2,8.22,7,5,False
ORD101226,2025-01-21,CUST02899,returning,55+,search_ads,desktop,clothing,31.21,15,2,53.06,6,5,False
ORD101635,2025-01-21,CUST01624,returning,25-34,organic,mobile,electronics,23.82,0,1,23.82,6,4,False
ORD102818,2025-01-21,CUST01884,returning,25-34,social_media,mobile,home,40.47,30,1,28.33,1,5,False
ORD102897,2025-01-21,CUST00277,returning,45-54,social_media,mobile,home,68.36,10,2,123.05,4,5,False
ORD101070,2025-01-21,CUST00458,returning,25-34,email,desktop,electronics,91.02,5,2,172.94,4,5,True
ORD103154,2025-01-21,CUST00438,new,45-54,organic,mobile,clothing,79.37,10,3,214.3,5,5,False
ORD103989,2025-01-21,CUST01382,new,25-34,search_ads,mobile,clothing,53.84,20,3,129.22,1,5,False
ORD104489,2025-01-22,CUST00728,returning,18-24,social_media,desktop,clothing,32.37,0,2,64.74,4,4,False
ORD101345,2025-01-22,CUST03142,new,45-54,organic,mobile,beauty,71.32,20,1,57.06,7,4,False
ORD101603,2025-01-22,CUST02109,returning,25-34,referral,mobile,home,84.11,15,1,71.49,3,5,False
ORD101327,2025-01-22,CUST02372,returning,35-44,search_ads,mobile,electronics,186.32,10,1,167.69,4,5,False
ORD104936,2025-01-22,CUST00704,returning,35-44,referral,desktop,clothing,56.47,0,3,169.41,3,4,False
ORD103026,2025-01-22,CUST02286,new,18-24,social_media,desktop,home,44.25,0,1,44.25,6,5,True
ORD104715,2025-01-22,CUST02549,new,45-54,organic,mobile,home,69.46,15,1,59.04,3,5,True
ORD103720,2025-01-22,CUST01572,new,35-44,search_ads,mobile,electronics,252.12,0,2,504.24,6,5,False
ORD103063,2025-01-22,CUST01978,returning,18-24,email,mobile,electronics,147.95,0,3,443.85,2,5,False
ORD104730,2025-01-22,CUST02407,new,25-34,social_media,desktop,clothing,35.7,30,2,49.98,10,4,True
ORD103044,2025-01-22,CUST00582,new,25-34,email,desktop,clothing,50.58,0,1,50.58,1,5,False
ORD103767,2025-01-22,CUST02420,returning,35-44,search_ads,mobile,sports,51.06,20,1,40.85,5,5,False
ORD103521,2025-01-22,CUST00196,new,45-54,social_media,desktop,beauty,15.48,0,3,46.44,8,5,False
ORD100475,2025-01-22,CUST02318,returning,25-34,referral,desktop,beauty,29.22,0,2,58.44,6,5,False
ORD102175,2025-01-22,CUST01370,returning,45-54,organic,mobile,sports,51.67,0,1,51.67,6,5,False
ORD102285,2025-01-22,CUST01682,new,25-34,search_ads,desktop,beauty,22.87,10,1,20.58,4,5,False
ORD105150,2025-01-22,CUST01942,new,35-44,organic,desktop,beauty,13.34,15,1,11.34,4,5,False
ORD100728,2025-01-22,CUST02229,new,18-24,referral,mobile,electronics,112.36,20,1,89.89,8,5,False
ORD101459,2025-01-22,CUST01318,returning,35-44,organic,mobile,electronics,313.07,10,2,563.53,7,4,True
ORD100836,2025-01-22,CUST01414,returning,35-44,email,desktop,clothing,36.43,10,2,65.57,6,5,False
ORD105023,2025-01-22,CUST02861,returning,55+,email,desktop,clothing,68.04,15,3,173.5,4,4,False
ORD100253,2025-01-22,CUST02792,new,25-34,organic,desktop,home,25.93,5,1,24.63,7,3,False
ORD103949,2025-01-22,CUST01858,returning,25-34,email,mobile,sports,54.18,5,2,102.94,3,5,False
ORD100548,2025-01-22,CUST03061,new,45-54,organic,mobile,sports,99.9,5,2,189.81,4,5,False
ORD101049,2025-01-22,CUST00302,new,35-44,social_media,mobile,electronics,99.87,0,1,99.87,6,4,False
ORD105093,2025-01-22,CUST02014,returning,55+,email,mobile,clothing,82.39,0,2,164.78,3,5,False
ORD101878,2025-01-22,CUST02976,returning,35-44,social_media,desktop,home,59.18,0,1,59.18,5,5,False
ORD101161,2025-01-22,CUST00772,new,25-34,email,mobile,clothing,53.48,5,3,152.42,3,5,False
ORD100528,2025-01-22,CUST00375,new,25-34,social_media,mobile,home,118.3,0,2,236.6,5,5,False
ORD102900,2025-01-22,CUST00487,new,45-54,email,mobile,electronics,180.24,5,1,171.23,5,4,False
ORD100010,2025-01-22,CUST02460,new,45-54,search_ads,desktop,electronics,191.43,20,3,459.43,11,5,False
ORD103459,2025-01-22,CUST01964,new,35-44,email,mobile,sports,70.21,0,1,70.21,6,5,False
ORD103978,2025-01-22,CUST01876,new,45-54,referral,desktop,beauty,50.34,20,1,40.27,8,4,True
ORD101499,2025-01-22,CUST00603,returning,45-54,social_media,mobile,clothing,25.12,5,3,71.59,5,4,True
ORD102692,2025-01-22,CUST02596,returning,35-44,organic,mobile,sports,119.56,15,2,203.25,6,5,False
ORD105070,2025-01-22,CUST01712,new,45-54,organic,mobile,electronics,294.9,0,1,294.9,4,4,False
ORD102401,2025-01-22,CUST01188,returning,18-24,referral,mobile,home,100.42,0,1,100.42,8,5,False
ORD103315,2025-01-22,CUST00204,returning,25-34,organic,mobile,electronics,66.83,0,2,133.66,8,5,False
ORD104313,2025-01-22,CUST02767,returning,25-34,organic,mobile,sports,50.14,15,1,42.62,4,5,False
ORD102293,2025-01-22,CUST01062,returning,18-24,organic,mobile,electronics,154.62,0,3,463.86,9,4,False
ORD103284,2025-01-22,CUST02982,new,25-34,search_ads,mobile,clothing,30.43,15,1,25.87,4,5,False
ORD103895,2025-01-22,CUST02277,new,18-24,organic,mobile,electronics,79.85,10,1,71.86,8,4,False
ORD103246,2025-01-22,CUST00860,returning,55+,email,mobile,home,85.67,15,1,72.82,6,5,False
ORD103883,2025-01-22,CUST00586,new,18-24,referral,mobile,home,43.75,5,1,41.56,5,5,False
ORD104356,2025-01-22,CUST03072,returning,35-44,search_ads,mobile,home,71.23,15,2,121.09,4,5,True
ORD101241,2025-01-22,CUST00356,returning,18-24,referral,mobile,beauty,8.88,0,1,8.88,6,4,False
ORD101425,2025-01-22,CUST00738,returning,45-54,email,mobile,electronics,137.92,5,3,393.07,7,5,False
ORD102296,2025-01-22,CUST01080,new,25-34,social_media,mobile,electronics,128.16,30,1,89.71,7,5,False
ORD102980,2025-01-22,CUST01002,returning,35-44,search_ads,desktop,sports,31.22,30,2,43.71,4,5,True
ORD102366,2025-01-23,CUST01958,new,18-24,social_media,mobile,home,64.3,15,3,163.96,6,5,False
ORD100870,2025-01-23,CUST01891,new,25-34,social_media,desktop,beauty,23.01,5,1,21.86,4,5,False
ORD102077,2025-01-23,CUST02777,returning,18-24,social_media,desktop,clothing,36.52,0,2,73.04,3,4,False
ORD100753,2025-01-23,CUST02546,returning,55+,organic,mobile,beauty,29.52,5,2,56.09,4,5,False
ORD103968,2025-01-23,CUST01154,new,45-54,search_ads,mobile,home,120.45,0,1,120.45,2,5,False
ORD102918,2025-01-23,CUST02713,new,35-44,social_media,mobile,home,90.86,15,1,77.23,5,5,False
ORD100947,2025-01-23,CUST00975,returning,35-44,organic,mobile,clothing,73.41,0,3,220.23,3,4,False
ORD102462,2025-01-23,CUST02479,returning,25-34,organic,desktop,home,67.71,5,3,192.97,4,5,False
ORD103452,2025-01-23,CUST00600,new,35-44,organic,mobile,beauty,29.57,0,3,88.71,4,5,False
ORD100936,2025-01-23,CUST01768,returning,35-44,email,desktop,beauty,66.6,20,1,53.28,7,5,False
ORD100948,2025-01-23,CUST01946,returning,18-24,search_ads,desktop,beauty,23.78,30,2,33.29,4,5,False
ORD101132,2025-01-23,CUST01989,new,25-34,social_media,mobile,clothing,14.36,20,2,22.98,4,5,False
ORD100402,2025-01-23,CUST02253,new,25-34,organic,mobile,home,70.83,5,3,201.87,3,5,False
ORD104668,2025-01-23,CUST00110,new,35-44,search_ads,desktop,home,126.0,10,3,340.2,8,5,False
ORD103860,2025-01-23,CUST02660,new,18-24,search_ads,desktop,sports,60.24,10,1,54.22,6,5,False
ORD101677,2025-01-23,CUST02786,new,45-54,referral,mobile,electronics,136.17,10,1,122.55,7,5,False
ORD103543,2025-01-23,CUST02825,returning,35-44,email,desktop,electronics,54.74,10,1,49.27,10,5,True
ORD104733,2025-01-23,CUST02236,returning,25-34,social_media,mobile,electronics,237.0,20,1,189.6,4,5,False
ORD100923,2025-01-23,CUST01823,returning,55+,social_media,desktop,electronics,178.44,20,2,285.5,6,5,False
ORD102857,2025-01-23,CUST01798,new,55+,organic,desktop,beauty,9.8,15,2,16.66,6,5,False
ORD102867,2025-01-23,CUST02162,returning,25-34,social_media,mobile,home,106.17,30,1,74.32,4,4,True
ORD102434,2025-01-23,CUST03139,new,35-44,referral,mobile,clothing,45.74,20,1,36.59,7,5,False
ORD105126,2025-01-23,CUST01128,new,25-34,search_ads,mobile,clothing,33.94,30,1,23.76,5,5,False
ORD104524,2025-01-23,CUST01572,new,25-34,email,desktop,sports,48.51,0,3,145.53,6,5,False
ORD103584,2025-01-23,CUST00528,new,18-24,referral,mobile,sports,71.12,10,1,64.01,3,5,False
ORD103140,2025-01-23,CUST01353,returning,55+,email,mobile,electronics,104.81,0,2,209.62,5,5,False
ORD103368,2025-01-23,CUST02531,returning,35-44,search_ads,mobile,home,49.8,0,3,149.4,6,3,False
ORD104105,2025-01-23,CUST03033,returning,18-24,organic,mobile,beauty,39.69,15,2,67.47,8,5,False
ORD100183,2025-01-23,CUST00305,new,45-54,referral,mobile,electronics,198.65,15,2,337.7,4,4,False
ORD100709,2025-01-23,CUST00301,new,55+,referral,desktop,sports,53.99,10,1,48.59,3,5,False
ORD100114,2025-01-23,CUST02143,new,25-34,organic,desktop,beauty,56.39,10,1,50.75,5,5,False
ORD100966,2025-01-23,CUST01404,returning,25-34,search_ads,mobile,beauty,38.25,15,3,97.54,4,5,False
ORD102511,2025-01-23,CUST00092,new,25-34,social_media,mobile,home,114.17,0,1,114.17,4,5,False
ORD103139,2025-01-23,CUST00784,returning,55+,social_media,mobile,home,41.65,0,2,83.3,7,5,False
ORD101036,2025-01-23,CUST01348,new,18-24,organic,desktop,home,90.98,15,2,154.67,6,5,False
ORD104761,2025-01-23,CUST00687,new,25-34,email,mobile,clothing,41.72,20,1,33.38,2,5,False
ORD101752,2025-01-23,CUST02214,new,55+,organic,desktop,home,37.41,10,3,101.01,5,5,False
ORD102790,2025-01-23,CUST00840,new,45-54,search_ads,mobile,clothing,21.67,15,1,18.42,3,5,False
ORD102797,2025-01-23,CUST00320,new,18-24,social_media,mobile,beauty,41.98,0,1,41.98,7,5,False
ORD101977,2025-01-23,CUST02540,new,18-24,search_ads,mobile,home,53.17,20,3,127.61,5,5,False
ORD103320,2025-01-23,CUST03039,new,35-44,organic,mobile,sports,45.72,10,1,41.15,8,5,False
ORD103783,2025-01-23,CUST02659,returning,45-54,referral,mobile,electronics,116.2,0,1,116.2,3,5,False
ORD103409,2025-01-23,CUST01022,new,35-44,social_media,mobile,clothing,34.13,20,1,27.3,4,4,False
ORD103124,2025-01-23,CUST01716,new,25-34,social_media,mobile,beauty,10.13,0,2,20.26,5,5,False
ORD104720,2025-01-23,CUST02856,new,18-24,social_media,mobile,home,61.96,0,3,185.88,5,5,False
ORD101576,2025-01-23,CUST00505,returning,35-44,social_media,mobile,sports,107.32,0,1,107.32,4,5,False
ORD104582,2025-01-24,CUST02966,new,25-34,email,mobile,electronics,140.83,0,3,422.49,5,4,False
ORD102959,2025-01-24,CUST03194,returning,18-24,search_ads,mobile,sports,92.54,20,2,148.06,4,5,False
ORD102776,2025-01-24,CUST01981,new,18-24,referral,desktop,clothing,22.48,10,1,20.23,6,5,False
ORD103045,2025-01-24,CUST01407,returning,55+,organic,mobile,electronics,290.27,0,1,290.27,5,4,False
ORD104483,2025-01-24,CUST01567,new,18-24,organic,desktop,clothing,20.67,30,1,14.47,2,5,False
ORD104942,2025-01-24,CUST00335,new,45-54,email,desktop,clothing,36.61,0,1,36.61,9,4,False
ORD100151,2025-01-24,CUST00052,new,18-24,social_media,mobile,sports,37.12,5,2,70.53,4,5,False
ORD104531,2025-01-24,CUST02803,new,25-34,search_ads,desktop,clothing,46.5,20,1,37.2,4,5,False
ORD100457,2025-01-24,CUST02647,new,55+,email,mobile,electronics,210.23,0,1,210.23,5,5,False
ORD102976,2025-01-24,CUST00036,new,18-24,email,mobile,beauty,34.66,5,3,98.78,2,4,False
ORD103057,2025-01-24,CUST00621,new,45-54,organic,desktop,home,70.55,0,2,141.1,2,5,False
ORD100930,2025-01-24,CUST02640,new,18-24,social_media,mobile,electronics,243.57,15,1,207.03,6,5,False
ORD104154,2025-01-24,CUST01998,new,25-34,search_ads,mobile,beauty,46.57,0,2,93.14,5,4,False
ORD101376,2025-01-24,CUST00580,returning,45-54,social_media,mobile,sports,109.91,15,1,93.42,6,5,False
ORD103538,2025-01-24,CUST02066,returning,45-54,organic,mobile,clothing,63.4,0,1,63.4,3,5,False
ORD103540,2025-01-24,CUST02920,new,18-24,organic,desktop,clothing,30.33,15,3,77.34,5,4,False
ORD103428,2025-01-24,CUST02038,returning,25-34,email,desktop,sports,48.52,0,1,48.52,5,5,False
ORD102217,2025-01-24,CUST00853,new,25-34,email,desktop,home,39.86,20,2,63.78,2,5,False
ORD103424,2025-01-24,CUST00138,returning,35-44,referral,mobile,sports,32.92,20,3,79.01,4,5,False
ORD100107,2025-01-24,CUST00884,new,35-44,organic,mobile,clothing,24.11,5,2,45.81,7,4,True
ORD100885,2025-01-24,CUST02051,new,35-44,referral,desktop,sports,72.14,15,2,122.64,4,5,False
ORD100666,2025-01-24,CUST02027,new,55+,email,desktop,clothing,22.25,0,2,44.5,4,4,False
ORD105090,2025-01-24,CUST01411,returning,25-34,referral,desktop,sports,33.96,10,1,30.56,6,4,False
ORD101271,2025-01-24,CUST02946,returning,25-34,referral,desktop,sports,42.89,20,1,34.31,4,5,False
ORD102508,2025-01-24,CUST00107,new,45-54,referral,mobile,home,19.88,15,2,33.8,3,4,False
ORD103659,2025-01-24,CUST02561,new,35-44,search_ads,mobile,beauty,25.07,15,2,42.62,1,5,False
ORD102505,2025-01-24,CUST01942,new,45-54,search_ads,mobile,beauty,27.75,15,2,47.18,5,5,False
ORD104775,2025-01-24,CUST02418,returning,25-34,organic,mobile,beauty,20.04,5,3,57.11,10,5,False
ORD102211,2025-01-24,CUST01948,returning,35-44,search_ads,desktop,home,87.18,20,1,69.74,9,4,True
ORD103303,2025-01-24,CUST03051,returning,25-34,social_media,mobile,electronics,253.32,0,1,253.32,7,5,False
ORD100095,2025-01-24,CUST01832,returning,25-34,search_ads,mobile,beauty,80.18,10,3,216.49,3,4,False
ORD101048,2025-01-24,CUST02188,new,45-54,organic,desktop,clothing,39.08,0,1,39.08,6,5,False
ORD103365,2025-01-24,CUST00048,new,25-34,social_media,mobile,beauty,21.4,15,2,36.38,8,5,False
ORD103966,2025-01-24,CUST01790,returning,25-34,search_ads,mobile,electronics,171.41,0,1,171.41,8,5,True
ORD101871,2025-01-24,CUST01284,new,35-44,organic,desktop,beauty,28.3,0,2,56.6,7,5,False
ORD104122,2025-01-24,CUST00935,returning,35-44,search_ads,mobile,clothing,51.84,30,3,108.86,5,5,False
ORD100754,2025-01-24,CUST02874,returning,35-44,organic,mobile,home,140.97,0,1,140.97,4,4,False
ORD100639,2025-01-24,CUST02955,new,35-44,email,mobile,beauty,15.94,10,1,14.35,6,5,False
ORD100898,2025-01-24,CUST01577,new,55+,email,mobile,home,42.05,5,1,39.95,2,5,True
ORD102432,2025-01-24,CUST01512,returning,45-54,organic,mobile,electronics,169.72,30,1,118.8,7,4,False
ORD103116,2025-01-24,CUST01343,returning,18-24,social_media,desktop,sports,62.08,30,2,86.91,2,5,False
ORD101351,2025-01-24,CUST01473,returning,35-44,organic,desktop,sports,88.98,0,2,177.96,3,5,False
ORD103995,2025-01-24,CUST00642,new,35-44,search_ads,mobile,sports,91.84,30,1,64.29,5,5,False
ORD102130,2025-01-24,CUST01300,returning,25-34,search_ads,mobile,home,111.54,20,2,178.46,6,4,False
ORD102356,2025-01-24,CUST01270,new,18-24,organic,desktop,home,66.5,5,1,63.18,7,5,False
ORD103791,2025-01-24,CUST01150,new,35-44,social_media,desktop,home,83.94,15,1,71.35,8,4,False
ORD104279,2025-01-24,CUST03148,new,45-54,email,mobile,electronics,152.62,20,1,122.1,7,4,False
ORD101370,2025-01-24,CUST01474,returning,35-44,social_media,desktop,beauty,45.82,0,1,45.82,8,3,False
ORD103485,2025-01-24,CUST01509,returning,25-34,social_media,desktop,electronics,51.2,10,2,92.16,9,3,False
ORD103453,2025-01-24,CUST02784,new,35-44,organic,mobile,home,105.86,10,1,95.27,5,5,False
ORD104650,2025-01-24,CUST02953,new,25-34,referral,mobile,sports,77.16,20,2,123.46,6,5,False
ORD101326,2025-01-24,CUST02147,new,25-34,organic,mobile,clothing,24.92,10,2,44.86,4,4,False
ORD100917,2025-01-24,CUST00545,returning,35-44,referral,desktop,electronics,96.44,0,1,96.44,9,5,True
ORD100934,2025-01-24,CUST01103,returning,18-24,referral,desktop,electronics,282.11,0,3,846.33,6,5,False
ORD101140,2025-01-24,CUST00927,new,35-44,referral,desktop,home,136.01,0,1,136.01,4,5,False
ORD100543,2025-01-25,CUST01510,returning,18-24,organic,mobile,home,107.44,10,1,96.7,7,4,False
ORD102796,2025-01-25,CUST01601,returning,18-24,organic,mobile,home,199.27,15,1,169.38,8,5,False
ORD105094,2025-01-25,CUST00072,new,35-44,email,mobile,sports,45.85,15,2,77.95,5,5,False
ORD101185,2025-01-25,CUST00702,new,25-34,referral,mobile,clothing,47.23,10,2,85.01,7,5,True
ORD104667,2025-01-25,CUST03027,returning,18-24,organic,mobile,beauty,29.24,30,3,61.4,6,5,False
ORD101469,2025-01-25,CUST00293,new,18-24,social_media,desktop,sports,108.62,5,2,206.38,6,5,False
ORD100164,2025-01-25,CUST01779,returning,25-34,organic,desktop,electronics,304.8,0,2,609.6,10,5,False
ORD101912,2025-01-25,CUST02693,returning,25-34,social_media,mobile,clothing,82.75,0,3,248.25,6,5,False
ORD100495,2025-01-25,CUST01514,returning,18-24,organic,mobile,electronics,75.93,0,3,227.79,8,5,False
ORD101786,2025-01-25,CUST01354,new,55+,email,mobile,electronics,50.41,0,1,50.41,10,4,False
ORD103973,2025-01-25,CUST01600,returning,25-34,organic,desktop,sports,74.84,0,2,149.68,3,5,False
ORD104410,2025-01-25,CUST02580,returning,45-54,search_ads,mobile,clothing,41.31,30,3,86.75,2,5,False
ORD104416,2025-01-25,CUST03022,returning,25-34,social_media,mobile,electronics,159.29,5,1,151.33,5,5,False
ORD101168,2025-01-25,CUST02213,new,25-34,organic,mobile,electronics,404.02,20,1,323.22,5,5,False
ORD102458,2025-01-25,CUST00135,new,35-44,referral,desktop,electronics,228.24,5,1,216.83,8,5,False
ORD101501,2025-01-25,CUST01336,new,45-54,search_ads,desktop,home,21.26,10,2,38.27,10,5,False
ORD100761,2025-01-25,CUST01114,returning,35-44,organic,desktop,clothing,97.78,0,3,293.34,7,4,False
ORD100130,2025-01-25,CUST02848,new,25-34,email,mobile,home,27.3,30,2,38.22,5,5,False
ORD103617,2025-01-25,CUST01315,new,18-24,referral,mobile,electronics,108.59,0,1,108.59,8,4,False
ORD102685,2025-01-25,CUST00466,returning,35-44,social_media,mobile,electronics,124.25,30,1,86.98,7,5,True
ORD101090,2025-01-25,CUST01342,new,25-34,organic,desktop,electronics,141.79,0,1,141.79,3,4,False
ORD102899,2025-01-25,CUST01227,returning,25-34,referral,desktop,beauty,61.99,0,1,61.99,11,5,False
ORD103487,2025-01-25,CUST00908,new,25-34,organic,desktop,clothing,62.16,15,1,52.84,4,5,False
ORD102406,2025-01-25,CUST00550,new,35-44,organic,mobile,electronics,122.67,0,1,122.67,9,5,False
ORD105069,2025-01-25,CUST00056,new,35-44,social_media,mobile,home,33.54,5,3,95.59,5,5,False
ORD105015,2025-01-25,CUST01421,returning,45-54,referral,desktop,clothing,58.01,10,1,52.21,3,5,False
ORD103858,2025-01-25,CUST01794,returning,18-24,email,mobile,clothing,52.22,0,3,156.66,2,4,False
ORD102949,2025-01-25,CUST01440,returning,25-34,social_media,desktop,home,140.21,10,1,126.19,4,4,False
ORD103204,2025-01-25,CUST00991,new,45-54,referral,mobile,sports,25.34,0,3,76.02,5,5,False
ORD103847,2025-01-25,CUST00492,new,45-54,email,desktop,beauty,24.54,15,1,20.86,7,4,False
ORD101951,2025-01-25,CUST00868,new,18-24,organic,desktop,clothing,107.87,10,1,97.08,3,4,False
ORD103195,2025-01-25,CUST01360,returning,18-24,organic,mobile,sports,62.35,30,2,87.29,2,5,False
ORD104706,2025-01-25,CUST02811,new,55+,social_media,desktop,beauty,32.78,0,1,32.78,5,4,False
ORD104233,2025-01-25,CUST02757,returning,18-24,social_media,desktop,home,194.92,5,2,370.35,6,4,False
ORD101581,2025-01-25,CUST02200,returning,45-54,email,mobile,sports,85.78,10,1,77.2,5,4,False
ORD100567,2025-01-25,CUST02223,returning,18-24,social_media,mobile,clothing,37.55,15,2,63.83,4,5,False
ORD103182,2025-01-25,CUST01206,new,45-54,organic,desktop,clothing,79.24,20,1,63.39,3,5,False
ORD103155,2025-01-25,CUST00379,returning,45-54,organic,desktop,beauty,67.62,10,2,121.72,5,5,False
ORD104252,2025-01-25,CUST03172,new,45-54,organic,mobile,clothing,13.6,20,2,21.76,5,5,False
ORD101332,2025-01-25,CUST01014,returning,35-44,referral,mobile,electronics,171.16,20,1,136.93,14,5,False
ORD102570,2025-01-25,CUST02726,new,45-54,email,mobile,clothing,42.41,0,2,84.82,9,5,False
ORD104325,2025-01-25,CUST02104,new,35-44,organic,desktop,home,15.16,20,2,24.26,2,5,False
ORD101399,2025-01-25,CUST02167,new,25-34,organic,mobile,home,249.37,20,2,398.99,8,5,True
ORD104729,2025-01-25,CUST03100,returning,18-24,social_media,desktop,home,106.03,5,1,100.73,3,5,False
ORD100593,2025-01-25,CUST01588,new,35-44,search_ads,mobile,clothing,27.82,10,1,25.04,2,5,False
ORD104934,2025-01-25,CUST02340,new,55+,email,desktop,clothing,53.42,15,1,45.41,7,5,False
ORD100912,2025-01-25,CUST02532,returning,35-44,organic,desktop,electronics,96.2,15,1,81.77,6,5,False
ORD101269,2025-01-25,CUST00327,new,25-34,social_media,desktop,beauty,35.37,15,2,60.13,4,5,False
ORD100133,2025-01-25,CUST01516,returning,25-34,organic,desktop,electronics,201.16,20,1,160.93,8,3,False
ORD104737,2025-01-25,CUST00326,returning,25-34,email,mobile,home,223.77,0,1,223.77,5,5,False
ORD104147,2025-01-25,CUST03180,new,35-44,social_media,mobile,electronics,160.29,0,1,160.29,9,5,False
ORD101926,2025-01-25,CUST03132,new,35-44,search_ads,mobile,home,61.04,15,3,155.65,2,4,False
ORD104153,2025-01-25,CUST02208,returning,55+,organic,mobile,electronics,136.77,5,2,259.86,5,5,False
ORD102229,2025-01-25,CUST02101,returning,35-44,social_media,mobile,electronics,251.53,30,2,352.14,6,4,True
ORD102389,2025-01-25,CUST00081,new,45-54,organic,mobile,home,152.27,20,2,243.63,4,5,False
ORD105151,2025-01-25,CUST01695,returning,55+,social_media,desktop,sports,28.71,10,1,25.84,4,4,False
ORD101853,2025-01-25,CUST01803,new,18-24,organic,mobile,home,148.1,5,3,422.08,6,5,False
ORD105154,2025-01-25,CUST01185,returning,25-34,search_ads,mobile,beauty,29.58,15,1,25.14,4,5,False
ORD102787,2025-01-25,CUST01287,new,35-44,search_ads,desktop,electronics,123.87,0,2,247.74,8,4,False
ORD100136,2025-01-25,CUST02981,new,25-34,email,mobile,home,83.64,20,3,200.74,5,5,False
ORD100185,2025-01-25,CUST02158,returning,25-34,search_ads,desktop,electronics,183.5,10,1,165.15,3,5,False
ORD104686,2025-01-26,CUST02149,new,18-24,email,desktop,clothing,65.95,0,1,65.95,3,5,False
ORD104991,2025-01-26,CUST02530,new,35-44,social_media,desktop,sports,62.44,5,1,59.32,5,5,False
ORD105115,2025-01-26,CUST02338,returning,35-44,search_ads,desktop,beauty,7.59,0,1,7.59,3,5,False
ORD102793,2025-01-26,CUST01990,returning,35-44,search_ads,desktop,beauty,23.29,15,1,19.8,5,5,False
ORD103689,2025-01-26,CUST01807,new,45-54,search_ads,mobile,electronics,210.6,0,3,631.8,7,4,False
ORD102357,2025-01-26,CUST01508,new,25-34,social_media,mobile,beauty,22.76,10,1,20.48,6,5,False
ORD105139,2025-01-26,CUST02821,new,45-54,referral,mobile,clothing,8.14,0,2,16.28,1,4,False
ORD100453,2025-01-26,CUST00674,new,55+,email,mobile,electronics,118.35,0,2,236.7,6,5,False
ORD100282,2025-01-26,CUST00477,returning,25-34,search_ads,desktop,beauty,12.17,10,1,10.95,5,5,False
ORD102691,2025-01-26,CUST01008,returning,35-44,social_media,mobile,beauty,15.84,0,1,15.84,5,5,False
ORD100826,2025-01-26,CUST02986,new,35-44,organic,mobile,beauty,33.19,10,2,59.74,1,5,False
ORD100868,2025-01-26,CUST01508,returning,18-24,social_media,desktop,clothing,23.12,0,2,46.24,4,5,False
ORD104685,2025-01-26,CUST02128,new,55+,organic,mobile,sports,19.1,0,1,19.1,4,5,False
ORD102720,2025-01-26,CUST01486,new,35-44,email,desktop,beauty,42.84,15,1,36.41,3,5,False
ORD100851,2025-01-26,CUST01843,returning,35-44,referral,mobile,clothing,49.15,0,3,147.45,4,5,False
ORD103939,2025-01-26,CUST01638,returning,25-34,search_ads,mobile,sports,12.6,15,2,21.42,3,5,False
ORD104456,2025-01-26,CUST00727,new,25-34,organic,mobile,home,62.53,15,2,106.3,5,5,False
ORD102422,2025-01-26,CUST02168,returning,35-44,organic,mobile,clothing,78.1,30,1,54.67,4,5,False
ORD102749,2025-01-26,CUST01638,returning,45-54,organic,desktop,electronics,222.09,10,1,199.88,11,3,False
ORD103826,2025-01-26,CUST01000,returning,35-44,social_media,mobile,home,61.79,0,1,61.79,6,5,False
ORD102694,2025-01-26,CUST00084,new,55+,social_media,mobile,beauty,27.44,10,1,24.7,5,5,False
ORD102253,2025-01-26,CUST02956,returning,18-24,social_media,mobile,beauty,30.95,0,2,61.9,6,5,False
ORD100195,2025-01-26,CUST03176,returning,35-44,organic,mobile,clothing,22.84,10,1,20.56,5,4,True
ORD101723,2025-01-26,CUST03089,returning,35-44,search_ads,desktop,clothing,54.17,10,3,146.26,4,5,False
ORD104009,2025-01-26,CUST01807,new,18-24,search_ads,mobile,clothing,40.11,0,2,80.22,4,5,False
ORD102941,2025-01-26,CUST03151,new,35-44,email,mobile,clothing,44.36,5,2,84.28,5,5,False
ORD104871,2025-01-26,CUST00081,new,25-34,social_media,mobile,home,118.84,10,3,320.87,4,4,False
ORD104874,2025-01-26,CUST00127,new,45-54,referral,desktop,clothing,14.72,0,2,29.44,3,5,False
ORD104178,2025-01-26,CUST00264,new,18-24,social_media,desktop,sports,85.67,0,2,171.34,4,4,False
ORD101192,2025-01-26,CUST00391,returning,35-44,social_media,desktop,clothing,29.76,10,1,26.78,5,5,True
ORD102933,2025-01-26,CUST01919,returning,18-24,social_media,desktop,electronics,345.97,0,1,345.97,9,5,True
ORD102648,2025-01-26,CUST00749,returning,55+,search_ads,mobile,electronics,355.53,15,1,302.2,4,5,False
ORD101722,2025-01-26,CUST01754,new,25-34,organic,desktop,clothing,37.02,10,2,66.64,5,5,False
ORD103236,2025-01-26,CUST02238,returning,25-34,organic,mobile,home,137.72,15,1,117.06,6,5,False
ORD101172,2025-01-26,CUST00384,new,18-24,email,mobile,clothing,48.72,5,3,138.85,3,5,False
ORD100570,2025-01-26,CUST02469,new,55+,social_media,mobile,home,136.09,10,1,122.48,4,5,False
ORD104083,2025-01-26,CUST02689,new,55+,email,mobile,beauty,24.26,5,3,69.14,4,5,False
ORD100653,2025-01-26,CUST01287,new,25-34,organic,mobile,clothing,30.42,0,1,30.42,3,5,True
ORD104068,2025-01-26,CUST02944,new,25-34,social_media,mobile,electronics,234.78,0,1,234.78,5,5,False
ORD101295,2025-01-26,CUST01896,new,45-54,referral,desktop,clothing,95.33,0,1,95.33,3,5,False
ORD104139,2025-01-26,CUST02970,new,18-24,social_media,mobile,clothing,12.8,0,2,25.6,5,5,False
ORD101618,2025-01-26,CUST03024,new,18-24,referral,mobile,home,46.68,5,1,44.35,4,5,False
ORD100273,2025-01-26,CUST00022,returning,45-54,social_media,mobile,sports,78.09,5,1,74.19,6,4,False
ORD100092,2025-01-26,CUST01299,returning,35-44,social_media,desktop,beauty,123.62,20,1,98.9,1,5,False
ORD105146,2025-01-26,CUST01932,returning,18-24,email,desktop,beauty,32.93,30,1,23.05,4,5,False
ORD102589,2025-01-26,CUST01488,returning,45-54,social_media,mobile,home,132.48,10,1,119.23,5,4,False
ORD101130,2025-01-26,CUST01505,new,25-34,organic,desktop,beauty,30.1,0,1,30.1,8,5,False
ORD103141,2025-01-26,CUST01356,returning,18-24,organic,mobile,sports,52.09,30,2,72.93,8,5,False
ORD100763,2025-01-26,CUST00168,returning,18-24,organic,desktop,electronics,119.73,10,2,215.51,7,5,True
ORD103059,2025-01-27,CUST00064,new,45-54,organic,mobile,sports,40.21,0,3,120.63,5,3,False
ORD104954,2025-01-27,CUST02872,returning,25-34,search_ads,desktop,beauty,48.98,10,2,88.16,5,5,False
ORD103305,2025-01-27,CUST00508,new,35-44,organic,desktop,clothing,85.98,0,1,85.98,7,4,False
ORD100038,2025-01-27,CUST02732,returning,25-34,organic,mobile,electronics,102.08,0,1,102.08,7,4,False
ORD100607,2025-01-27,CUST03119,new,55+,social_media,desktop,home,80.05,0,2,160.1,5,5,False
ORD100672,2025-01-27,CUST00193,returning,45-54,organic,desktop,home,173.12,0,1,173.12,4,5,False
ORD100582,2025-01-27,CUST01925,new,45-54,search_ads,mobile,clothing,37.34,15,1,31.74,3,5,False
ORD105003,2025-01-27,CUST02215,returning,25-34,social_media,mobile,electronics,112.71,15,3,287.41,13,5,False
ORD103665,2025-01-27,CUST01947,new,25-34,search_ads,desktop,electronics,208.18,0,3,624.54,8,4,False
ORD104319,2025-01-27,CUST01991,returning,45-54,organic,mobile,beauty,105.74,0,2,211.48,4,5,False
ORD105008,2025-01-27,CUST00738,returning,35-44,social_media,desktop,beauty,26.61,0,2,53.22,3,5,False
ORD101962,2025-01-27,CUST01129,new,25-34,organic,desktop,beauty,15.24,5,2,28.96,9,4,False
ORD104365,2025-01-27,CUST01366,new,35-44,social_media,desktop,home,44.44,15,1,37.77,2,4,False
ORD100121,2025-01-27,CUST01612,returning,25-34,organic,desktop,beauty,22.25,20,1,17.8,6,4,False
ORD101300,2025-01-27,CUST00315,returning,25-34,organic,desktop,clothing,30.98,10,2,55.76,5,5,False
ORD101318,2025-01-27,CUST03136,new,35-44,social_media,desktop,clothing,52.51,10,3,141.78,2,5,False
ORD104277,2025-01-27,CUST00078,returning,25-34,search_ads,mobile,electronics,227.29,15,3,579.59,3,5,False
ORD101589,2025-01-27,CUST02904,new,55+,organic,mobile,clothing,39.36,10,2,70.85,6,5,False
ORD104038,2025-01-27,CUST03058,new,35-44,social_media,mobile,beauty,33.21,20,1,26.57,1,5,False
ORD104626,2025-01-27,CUST02798,new,45-54,search_ads,mobile,beauty,18.22,20,3,43.73,3,4,False
ORD102454,2025-01-27,CUST00449,returning,25-34,referral,mobile,clothing,27.05,0,1,27.05,7,5,False
ORD103523,2025-01-27,CUST00811,returning,35-44,social_media,mobile,home,27.46,15,1,23.34,4,5,False
ORD100798,2025-01-27,CUST02714,returning,25-34,organic,desktop,clothing,71.18,15,2,121.01,4,5,False
ORD101146,2025-01-27,CUST01717,new,35-44,search_ads,mobile,electronics,155.77,20,2,249.23,8,3,False
ORD100159,2025-01-27,CUST02728,returning,25-34,search_ads,desktop,beauty,46.91,15,1,39.87,5,5,False
ORD101522,2025-01-27,CUST03159,new,45-54,social_media,desktop,clothing,52.22,10,2,94.0,6,5,False
ORD102006,2025-01-27,CUST00333,new,35-44,search_ads,mobile,clothing,15.19,20,1,12.15,4,5,True
ORD104817,2025-01-27,CUST01586,returning,35-44,search_ads,mobile,sports,35.27,20,2,56.43,3,5,False
ORD101780,2025-01-27,CUST02066,new,25-34,social_media,desktop,electronics,225.22,10,3,608.09,7,4,False
ORD102828,2025-01-27,CUST02499,new,55+,email,mobile,clothing,75.71,10,2,136.28,5,5,False
ORD104638,2025-01-27,CUST00955,returning,25-34,search_ads,mobile,clothing,7.14,15,2,12.14,5,5,False
ORD104781,2025-01-27,CUST01865,returning,25-34,social_media,desktop,clothing,10.73,10,2,19.31,1,5,False
ORD105098,2025-01-27,CUST00783,new,25-34,search_ads,mobile,clothing,71.22,20,2,113.95,3,5,False
ORD103556,2025-01-27,CUST01429,returning,35-44,organic,desktop,beauty,69.95,10,1,62.96,2,5,False
ORD100536,2025-01-27,CUST02658,returning,25-34,social_media,desktop,beauty,29.74,15,1,25.28,2,4,False
ORD102678,2025-01-27,CUST00465,returning,35-44,social_media,desktop,electronics,97.5,5,3,277.88,9,4,False
ORD100490,2025-01-27,CUST00639,new,25-34,social_media,mobile,sports,89.78,0,1,89.78,5,5,False
ORD103606,2025-01-27,CUST02229,new,25-34,search_ads,mobile,electronics,168.39,20,2,269.42,7,4,False
ORD101743,2025-01-27,CUST00644,returning,25-34,email,desktop,electronics,337.19,5,2,640.66,7,4,False
ORD102666,2025-01-27,CUST00806,new,45-54,search_ads,mobile,home,68.21,30,1,47.75,4,4,False
ORD103384,2025-01-27,CUST02269,new,35-44,social_media,desktop,sports,27.61,0,1,27.61,2,4,False
ORD104095,2025-01-27,CUST02379,returning,25-34,email,mobile,home,49.76,20,3,119.42,4,5,False
ORD101753,2025-01-27,CUST01076,new,55+,email,mobile,electronics,159.06,10,3,429.46,8,3,False
ORD103967,2025-01-27,CUST02536,returning,18-24,organic,desktop,electronics,216.26,5,2,410.89,6,5,False
ORD103350,2025-01-27,CUST00845,returning,25-34,organic,mobile,beauty,15.15,0,3,45.45,6,5,False
ORD101179,2025-01-27,CUST02520,returning,35-44,social_media,desktop,electronics,125.96,0,1,125.96,6,5,False
ORD101699,2025-01-28,CUST00838,new,45-54,organic,desktop,clothing,65.4,10,2,117.72,4,5,False
ORD102534,2025-01-28,CUST02502,new,25-34,social_media,desktop,home,27.52,0,1,27.52,7,3,False
ORD102632,2025-01-28,CUST00978,new,55+,organic,mobile,electronics,121.24,5,2,230.36,8,4,False
ORD101885,2025-01-28,CUST00724,new,25-34,search_ads,mobile,electronics,243.47,10,3,657.37,8,3,False
ORD102377,2025-01-28,CUST01857,returning,18-24,organic,mobile,beauty,3.12,0,1,3.12,4,5,False
ORD102338,2025-01-28,CUST00881,new,18-24,social_media,desktop,electronics,353.46,0,2,706.92,8,4,False
ORD102410,2025-01-28,CUST02651,new,35-44,social_media,desktop,home,165.77,20,1,132.62,8,3,False
ORD101741,2025-01-28,CUST02634,new,25-34,organic,mobile,clothing,28.17,30,1,19.72,3,5,True
ORD102109,2025-01-28,CUST02921,new,35-44,search_ads,mobile,beauty,66.19,15,2,112.52,2,5,False
ORD105024,2025-01-28,CUST01842,new,18-24,email,desktop,clothing,75.43,15,1,64.12,3,5,False
ORD101721,2025-01-28,CUST03184,returning,25-34,referral,mobile,home,69.92,5,1,66.42,4,5,False
ORD103296,2025-01-28,CUST01400,returning,45-54,search_ads,mobile,home,75.06,30,1,52.54,5,5,True
ORD102738,2025-01-28,CUST00646,new,18-24,organic,mobile,clothing,42.93,10,1,38.64,8,4,False
ORD102920,2025-01-28,CUST01796,returning,35-44,social_media,mobile,electronics,239.56,10,3,646.81,3,5,False
ORD102931,2025-01-28,CUST00206,new,25-34,organic,desktop,electronics,97.85,0,2,195.7,10,5,False
ORD100780,2025-01-28,CUST00900,new,25-34,social_media,mobile,electronics,162.31,5,1,154.19,9,5,False
ORD104955,2025-01-28,CUST01931,returning,25-34,search_ads,mobile,electronics,137.98,30,1,96.59,10,5,False
ORD104670,2025-01-28,CUST02272,new,35-44,referral,mobile,home,53.95,0,2,107.9,5,5,False
ORD101414,2025-01-28,CUST00199,returning,25-34,email,desktop,electronics,73.59,20,1,58.87,8,4,True
ORD103909,2025-01-28,CUST02503,new,18-24,organic,mobile,clothing,22.4,10,3,60.48,6,4,False
ORD103901,2025-01-28,CUST02539,new,55+,email,desktop,clothing,59.76,20,1,47.81,2,5,False
ORD100194,2025-01-28,CUST01916,returning,25-34,social_media,mobile,electronics,39.45,0,1,39.45,10,5,False
ORD100953,2025-01-28,CUST03156,new,18-24,organic,desktop,electronics,69.57,10,2,125.23,10,4,False
ORD100962,2025-01-28,CUST00516,returning,45-54,referral,mobile,home,105.15,20,1,84.12,4,4,False
ORD100977,2025-01-28,CUST00021,new,55+,search_ads,desktop,electronics,435.28,20,3,1044.67,10,4,False
ORD101001,2025-01-28,CUST01771,new,18-24,organic,mobile,electronics,134.84,30,1,94.39,9,5,True
ORD104740,2025-01-28,CUST01019,new,25-34,organic,mobile,home,66.67,10,1,60.0,7,5,False
ORD103142,2025-01-28,CUST01475,returning,25-34,referral,desktop,electronics,214.4,15,1,182.24,4,4,False
ORD103483,2025-01-28,CUST00676,new,45-54,search_ads,mobile,clothing,63.31,30,2,88.63,5,5,False
ORD104819,2025-01-28,CUST02898,returning,25-34,social_media,mobile,sports,60.45,0,1,60.45,2,4,False
ORD103208,2025-01-28,CUST00659,returning,35-44,search_ads,mobile,beauty,35.2,20,1,28.16,6,5,False
ORD103401,2025-01-28,CUST01771,returning,45-54,organic,mobile,electronics,60.51,0,1,60.51,8,5,False
ORD104829,2025-01-28,CUST00535,returning,25-34,social_media,mobile,electronics,171.62,0,1,171.62,9,5,False
ORD103224,2025-01-28,CUST01504,new,35-44,search_ads,desktop,clothing,96.61,10,1,86.95,1,4,False
ORD102912,2025-01-28,CUST00102,new,25-34,search_ads,desktop,electronics,68.51,10,2,123.32,9,4,False
ORD101495,2025-01-28,CUST02754,returning,18-24,organic,desktop,home,83.38,5,3,237.63,7,4,False
ORD100838,2025-01-28,CUST00554,new,45-54,organic,mobile,electronics,100.44,15,2,170.75,11,5,False
ORD104982,2025-01-28,CUST01552,returning,25-34,search_ads,mobile,electronics,24.94,10,1,22.45,8,5,True
ORD104430,2025-01-28,CUST01637,returning,25-34,organic,mobile,beauty,37.88,0,1,37.88,3,5,False
ORD101553,2025-01-28,CUST02913,new,45-54,email,desktop,clothing,36.19,0,1,36.19,3,4,False
ORD104767,2025-01-29,CUST01159,returning,18-24,email,mobile,beauty,36.6,10,3,98.82,8,5,True
ORD101046,2025-01-29,CUST00260,returning,35-44,search_ads,mobile,beauty,36.56,15,1,31.08,5,5,False
ORD101040,2025-01-29,CUST02923,new,18-24,search_ads,mobile,beauty,25.62,15,3,65.33,7,5,False
ORD101030,2025-01-29,CUST02784,returning,35-44,social_media,mobile,electronics,101.83,30,3,213.84,9,5,True
ORD102393,2025-01-29,CUST01817,returning,25-34,search_ads,mobile,electronics,176.62,20,1,141.3,3,5,False
ORD101365,2025-01-29,CUST03087,new,18-24,social_media,mobile,sports,55.73,30,2,78.02,3,5,False
ORD105005,2025-01-29,CUST01201,new,25-34,referral,mobile,beauty,15.63,0,1,15.63,4,5,False
ORD102910,2025-01-29,CUST01561,returning,25-34,search_ads,desktop,beauty,16.34,0,1,16.34,2,5,False
ORD103079,2025-01-29,CUST02659,new,35-44,organic,mobile,beauty,31.89,0,3,95.67,6,5,False
ORD102714,2025-01-29,CUST01258,returning,55+,search_ads,desktop,home,74.45,10,2,134.01,4,5,False
ORD100544,2025-01-29,CUST00656,returning,25-34,email,desktop,clothing,54.43,0,3,163.29,10,3,False
ORD102313,2025-01-29,CUST02666,new,55+,social_media,mobile,electronics,172.38,10,1,155.14,3,5,False
ORD104692,2025-01-29,CUST01367,new,35-44,referral,mobile,beauty,16.94,0,1,16.94,8,5,False
ORD102113,2025-01-29,CUST00493,returning,35-44,social_media,mobile,electronics,214.6,20,3,515.04,5,5,True
ORD101662,2025-01-29,CUST00488,new,25-34,search_ads,mobile,home,37.02,10,2,66.64,7,4,False
ORD103583,2025-01-29,CUST02744,returning,35-44,organic,mobile,sports,49.95,10,1,44.96,8,4,True
ORD101994,2025-01-29,CUST01004,returning,25-34,organic,desktop,beauty,56.11,15,1,47.69,9,3,False
ORD101334,2025-01-29,CUST02012,returning,25-34,email,desktop,clothing,38.45,10,2,69.21,4,4,False
ORD105032,2025-01-29,CUST02460,returning,18-24,email,mobile,electronics,243.03,5,2,461.76,11,4,False
ORD104860,2025-01-29,CUST00396,new,18-24,referral,mobile,clothing,55.13,15,1,46.86,6,5,False
ORD101206,2025-01-29,CUST01965,new,35-44,organic,mobile,clothing,46.6,5,2,88.54,7,5,False
ORD103392,2025-01-29,CUST00275,new,55+,organic,mobile,electronics,137.73,15,3,351.21,7,3,False
ORD100446,2025-01-29,CUST01987,returning,25-34,referral,mobile,beauty,25.55,0,3,76.65,4,4,False
ORD102047,2025-01-29,CUST00716,returning,25-34,organic,mobile,clothing,88.04,15,2,149.67,5,4,False
ORD104901,2025-01-29,CUST00789,returning,25-34,social_media,desktop,clothing,101.47,10,2,182.65,5,5,False
ORD104826,2025-01-29,CUST03075,new,35-44,organic,mobile,clothing,36.23,30,2,50.72,8,4,False
ORD100264,2025-01-29,CUST02093,new,25-34,search_ads,desktop,sports,45.14,20,1,36.11,2,5,False
ORD102550,2025-01-29,CUST01475,returning,25-34,referral,desktop,electronics,413.92,20,1,331.14,10,5,False
ORD103443,2025-01-29,CUST01655,returning,35-44,social_media,mobile,sports,52.34,5,2,99.45,4,5,True
ORD101308,2025-01-29,CUST02405,new,25-34,search_ads,desktop,home,140.39,0,1,140.39,5,4,False
ORD103445,2025-01-29,CUST02360,new,35-44,organic,mobile,clothing,60.79,20,3,145.9,6,5,False
ORD103473,2025-01-29,CUST02182,new,45-54,organic,desktop,beauty,14.89,20,1,11.91,4,5,False
ORD101696,2025-01-29,CUST00284,returning,55+,email,mobile,sports,29.02,5,3,82.71,7,4,False
ORD103497,2025-01-29,CUST03115,returning,18-24,email,mobile,home,29.24,10,1,26.32,9,5,False
ORD101074,2025-01-29,CUST00189,new,35-44,social_media,mobile,beauty,32.39,5,1,30.77,3,5,False
ORD103047,2025-01-29,CUST02678,new,45-54,social_media,mobile,clothing,15.39,15,1,13.08,5,5,False
ORD103252,2025-01-29,CUST02321,new,25-34,organic,mobile,home,17.09,10,2,30.76,5,5,False
ORD103937,2025-01-29,CUST02791,returning,55+,social_media,mobile,home,59.15,5,1,56.19,3,4,False
ORD102896,2025-01-29,CUST02230,returning,35-44,email,desktop,beauty,70.26,15,1,59.72,6,4,False
ORD102915,2025-01-29,CUST01741,new,18-24,social_media,mobile,clothing,64.41,5,1,61.19,6,5,False
ORD104206,2025-01-29,CUST02203,returning,45-54,search_ads,desktop,home,108.95,15,3,277.82,2,5,False
ORD105021,2025-01-29,CUST00869,returning,55+,organic,desktop,sports,60.58,0,1,60.58,6,4,False
ORD100745,2025-01-29,CUST00587,new,45-54,referral,mobile,clothing,82.88,15,2,140.9,7,5,False
ORD104067,2025-01-29,CUST01317,new,35-44,search_ads,desktop,clothing,58.76,10,1,52.88,6,5,False
ORD100783,2025-01-29,CUST02032,new,25-34,email,mobile,clothing,28.39,0,1,28.39,5,5,False
ORD100855,2025-01-29,CUST02112,returning,35-44,social_media,desktop,beauty,25.11,0,1,25.11,4,5,False
ORD100051,2025-01-29,CUST00871,new,55+,referral,desktop,electronics,84.84,10,2,152.71,5,5,False
ORD102653,2025-01-29,CUST00264,new,45-54,social_media,mobile,electronics,148.77,10,3,401.68,6,5,False
ORD102995,2025-01-29,CUST02111,returning,35-44,social_media,mobile,electronics,454.68,10,3,1227.64,4,5,True
ORD100795,2025-01-29,CUST01119,new,25-34,organic,mobile,beauty,40.1,5,3,114.28,5,4,False
ORD103997,2025-01-29,CUST02591,returning,35-44,referral,desktop,clothing,63.51,0,1,63.51,3,5,False
ORD102646,2025-01-29,CUST02058,new,18-24,email,desktop,clothing,68.9,0,1,68.9,7,5,False
ORD100803,2025-01-29,CUST02242,new,45-54,email,mobile,clothing,45.29,5,3,129.08,6,4,False
ORD102237,2025-01-29,CUST00526,new,45-54,search_ads,mobile,beauty,29.24,10,3,78.95,7,4,False
ORD102258,2025-01-29,CUST00911,returning,25-34,social_media,mobile,home,62.2,0,2,124.4,4,4,False
ORD101724,2025-01-29,CUST03098,returning,35-44,referral,mobile,clothing,37.93,30,3,79.65,8,5,True
ORD102693,2025-01-29,CUST02143,new,18-24,organic,mobile,home,37.35,15,1,31.75,3,5,False
ORD102635,2025-01-29,CUST01788,returning,45-54,search_ads,desktop,home,102.46,0,1,102.46,6,5,False
ORD100807,2025-01-29,CUST01881,new,25-34,social_media,mobile,clothing,67.17,15,2,114.19,6,5,False
ORD104394,2025-01-30,CUST00712,new,45-54,organic,mobile,clothing,63.14,10,1,56.83,5,5,False
ORD105152,2025-01-30,CUST01539,new,18-24,email,mobile,sports,22.1,20,1,17.68,3,5,False
ORD104617,2025-01-30,CUST02343,new,45-54,search_ads,mobile,electronics,66.42,10,1,59.78,6,5,True
ORD101159,2025-01-30,CUST02960,new,18-24,social_media,mobile,beauty,21.12,5,2,40.13,5,5,False
ORD102466,2025-01-30,CUST02901,new,25-34,email,desktop,beauty,32.67,10,2,58.81,4,4,False
ORD102472,2025-01-30,CUST00094,new,25-34,social_media,desktop,home,34.53,5,1,32.8,4,5,False
ORD100510,2025-01-30,CUST03180,returning,25-34,organic,desktop,home,181.32,5,1,172.25,3,5,False
ORD100415,2025-01-30,CUST00205,new,18-24,social_media,mobile,clothing,26.2,20,3,62.88,3,4,False
ORD100587,2025-01-30,CUST00373,new,18-24,organic,mobile,electronics,177.13,15,1,150.56,6,4,False
ORD104450,2025-01-30,CUST02536,new,45-54,search_ads,desktop,home,88.12,0,3,264.36,5,4,False
ORD102137,2025-01-30,CUST02055,returning,18-24,referral,mobile,beauty,35.2,10,1,31.68,7,5,False
ORD104830,2025-01-30,CUST01202,returning,45-54,organic,mobile,clothing,71.2,20,1,56.96,4,5,False
ORD102174,2025-01-30,CUST02175,new,35-44,social_media,desktop,home,98.93,20,2,158.29,2,5,False
ORD102496,2025-01-30,CUST00462,returning,55+,referral,mobile,home,38.68,0,2,77.36,5,5,False
ORD104507,2025-01-30,CUST00768,new,55+,social_media,mobile,electronics,78.6,20,1,62.88,12,5,False
ORD104614,2025-01-30,CUST02472,new,18-24,email,desktop,electronics,100.23,5,1,95.22,6,5,False
ORD103950,2025-01-30,CUST00439,new,35-44,social_media,mobile,clothing,53.48,20,1,42.78,4,5,False
ORD101873,2025-01-30,CUST00947,returning,35-44,search_ads,mobile,electronics,58.65,30,1,41.06,4,5,False
ORD102212,2025-01-30,CUST00070,new,18-24,organic,mobile,clothing,59.76,0,3,179.28,8,4,False
ORD101813,2025-01-30,CUST00265,new,35-44,email,desktop,clothing,52.43,0,2,104.86,4,5,False
ORD103745,2025-01-30,CUST02676,returning,25-34,social_media,mobile,electronics,250.18,20,1,200.14,7,4,False
ORD100054,2025-01-30,CUST02344,new,55+,search_ads,desktop,clothing,55.49,0,1,55.49,6,5,False
ORD103759,2025-01-30,CUST01297,new,18-24,social_media,desktop,beauty,21.2,5,2,40.28,1,5,False
ORD102248,2025-01-30,CUST02417,returning,55+,referral,mobile,clothing,61.38,20,1,49.1,2,4,False
ORD104593,2025-01-30,CUST00716,new,55+,organic,mobile,electronics,80.71,0,1,80.71,5,5,False
ORD101898,2025-01-30,CUST00204,returning,25-34,organic,mobile,home,37.37,0,1,37.37,6,4,True
ORD104618,2025-01-30,CUST00007,returning,45-54,organic,desktop,clothing,40.61,10,3,109.65,3,4,False
ORD100524,2025-01-30,CUST00503,new,18-24,organic,mobile,home,87.43,10,1,78.69,7,4,False
ORD100334,2025-01-30,CUST02677,new,35-44,organic,desktop,home,109.94,10,1,98.95,6,4,False
ORD101972,2025-01-30,CUST02954,returning,45-54,organic,mobile,home,64.13,0,2,128.26,5,5,False
ORD103536,2025-01-30,CUST01896,new,55+,social_media,mobile,beauty,42.22,5,1,40.11,7,4,False
ORD100277,2025-01-30,CUST01114,new,25-34,social_media,mobile,beauty,16.65,0,1,16.65,6,5,False
ORD100418,2025-01-30,CUST02296,returning,18-24,search_ads,mobile,clothing,52.48,20,1,41.98,4,5,False
ORD101907,2025-01-30,CUST00185,returning,35-44,search_ads,desktop,beauty,75.53,10,1,67.98,4,5,False
ORD103855,2025-01-30,CUST00333,new,25-34,email,mobile,home,126.13,0,1,126.13,4,5,False
ORD101967,2025-01-30,CUST00771,returning,25-34,organic,mobile,home,80.47,20,1,64.38,6,5,False
ORD100328,2025-01-30,CUST00678,returning,55+,email,mobile,home,203.2,15,1,172.72,4,5,False
ORD104516,2025-01-30,CUST01434,new,25-34,social_media,mobile,home,108.96,15,1,92.62,6,4,False
ORD102619,2025-01-30,CUST02138,returning,25-34,organic,mobile,sports,85.32,0,2,170.64,3,5,False
ORD101720,2025-01-30,CUST00518,new,25-34,social_media,desktop,home,86.54,15,1,73.56,4,5,False
ORD105041,2025-01-30,CUST02579,returning,25-34,social_media,desktop,sports,58.07,15,1,49.36,1,5,False
ORD100204,2025-01-30,CUST01631,returning,35-44,organic,mobile,clothing,44.57,0,3,133.71,3,5,False
ORD103215,2025-01-30,CUST00577,new,25-34,email,mobile,electronics,51.99,0,2,103.98,9,5,False
ORD103214,2025-01-30,CUST00435,new,55+,organic,mobile,home,69.3,0,1,69.3,4,5,False
ORD103016,2025-01-30,CUST00005,new,45-54,organic,desktop,clothing,56.63,0,2,113.26,10,5,False
ORD103187,2025-01-30,CUST01512,new,45-54,organic,desktop,electronics,196.87,10,2,354.37,7,4,True
ORD103123,2025-01-30,CUST01835,returning,25-34,search_ads,mobile,clothing,51.41,0,1,51.41,2,5,False
ORD100129,2025-01-30,CUST01590,returning,45-54,organic,mobile,electronics,179.75,15,1,152.79,9,5,False
ORD102620,2025-01-30,CUST01247,returning,35-44,referral,mobile,home,112.04,0,3,336.12,4,5,False
ORD103053,2025-01-30,CUST01008,returning,55+,email,mobile,electronics,101.3,0,3,303.9,11,5,False
ORD102444,2025-01-31,CUST01302,returning,35-44,organic,mobile,beauty,31.53,30,3,66.21,8,5,True
ORD100596,2025-01-31,CUST00936,returning,25-34,organic,mobile,home,89.66,10,3,242.08,4,5,False
ORD102606,2025-01-31,CUST01736,new,45-54,social_media,desktop,clothing,38.53,10,2,69.35,4,5,False
ORD102144,2025-01-31,CUST03164,new,25-34,referral,mobile,beauty,24.3,20,1,19.44,5,5,False
ORD104926,2025-01-31,CUST01854,new,45-54,search_ads,mobile,clothing,42.7,30,1,29.89,7,4,False
ORD103504,2025-01-31,CUST02411,returning,25-34,email,mobile,beauty,29.96,20,1,23.97,7,5,False
ORD102597,2025-01-31,CUST02770,new,18-24,email,mobile,beauty,71.33,15,1,60.63,8,5,False
ORD102239,2025-01-31,CUST01062,returning,45-54,organic,mobile,electronics,203.69,0,1,203.69,5,5,True
ORD104728,2025-01-31,CUST02283,returning,55+,organic,mobile,clothing,78.59,20,3,188.62,4,5,False
ORD102379,2025-01-31,CUST02556,new,45-54,email,mobile,electronics,326.95,0,1,326.95,10,5,False
ORD100124,2025-01-31,CUST00474,returning,45-54,search_ads,mobile,electronics,169.62,10,2,305.32,7,3,False
ORD103644,2025-01-31,CUST01989,new,35-44,email,desktop,home,123.62,10,1,111.26,2,5,True
ORD104642,2025-01-31,CUST00025,returning,45-54,email,mobile,beauty,14.18,10,1,12.76,8,4,False
ORD104188,2025-01-31,CUST03067,new,25-34,organic,desktop,beauty,18.02,0,3,54.06,1,5,False
ORD104187,2025-01-31,CUST00551,new,45-54,search_ads,desktop,home,42.26,20,2,67.62,2,4,False
ORD100401,2025-01-31,CUST00532,new,45-54,search_ads,mobile,clothing,32.08,15,2,54.54,4,4,False
ORD102586,2025-01-31,CUST01613,new,25-34,search_ads,mobile,sports,46.2,0,2,92.4,11,4,False
ORD101801,2025-01-31,CUST01154,returning,35-44,organic,desktop,beauty,46.8,15,3,119.34,6,5,False
ORD103127,2025-01-31,CUST02448,returning,18-24,social_media,desktop,beauty,30.62,0,2,61.24,8,2,False
ORD104158,2025-01-31,CUST00354,returning,18-24,referral,mobile,home,65.91,5,1,62.61,7,5,False
ORD100998,2025-01-31,CUST00073,new,18-24,social_media,mobile,clothing,41.03,10,2,73.85,3,5,False
ORD101301,2025-01-31,CUST02377,new,55+,email,mobile,sports,58.52,15,1,49.74,2,4,False
ORD100573,2025-01-31,CUST01824,new,35-44,search_ads,mobile,clothing,19.46,30,1,13.62,4,4,False
ORD100097,2025-01-31,CUST01780,new,25-34,search_ads,desktop,home,52.66,30,1,36.86,4,5,False
ORD105134,2025-01-31,CUST02582,new,35-44,social_media,mobile,home,60.82,15,2,103.39,3,4,False
ORD104573,2025-01-31,CUST01024,new,35-44,email,mobile,sports,67.08,5,1,63.73,7,5,False
ORD101585,2025-01-31,CUST00356,new,25-34,social_media,desktop,home,145.95,15,2,248.11,4,5,False
ORD100016,2025-01-31,CUST01021,new,18-24,organic,mobile,clothing,27.8,0,1,27.8,4,5,False
ORD102636,2025-01-31,CUST00108,new,18-24,search_ads,mobile,clothing,13.6,10,2,24.48,2,5,False
ORD102747,2025-01-31,CUST01689,returning,45-54,organic,mobile,sports,75.49,10,2,135.88,3,4,False
ORD100244,2025-01-31,CUST00650,new,18-24,search_ads,mobile,clothing,37.25,30,1,26.08,4,5,False
ORD103916,2025-01-31,CUST01341,returning,35-44,organic,mobile,beauty,13.27,0,1,13.27,5,5,False
ORD103030,2025-01-31,CUST03189,returning,55+,email,mobile,clothing,46.51,0,1,46.51,2,5,False
ORD102308,2025-01-31,CUST01229,returning,45-54,email,desktop,clothing,67.39,0,1,67.39,6,5,False
ORD105181,2025-01-31,CUST03050,new,25-34,referral,mobile,beauty,17.88,5,1,16.99,9,5,True
ORD100915,2025-01-31,CUST02034,returning,45-54,organic,desktop,clothing,61.79,5,1,58.7,8,4,False
ORD103261,2025-01-31,CUST01846,returning,25-34,social_media,mobile,clothing,63.83,0,3,191.49,4,5,False
ORD100828,2025-01-31,CUST01981,new,45-54,social_media,mobile,electronics,213.71,0,2,427.42,8,4,True
ORD102097,2025-01-31,CUST03169,new,25-34,organic,mobile,beauty,42.4,20,1,33.92,4,5,False
ORD103913,2025-01-31,CUST03105,returning,55+,social_media,mobile,home,138.63,10,1,124.77,4,5,False
ORD103964,2025-01-31,CUST01879,returning,35-44,email,mobile,electronics,223.67,5,1,212.49,4,5,False
ORD100561,2025-01-31,CUST01517,new,35-44,email,mobile,clothing,36.76,0,1,36.76,2,5,False
ORD102092,2025-01-31,CUST02369,returning,55+,social_media,desktop,beauty,27.07,0,2,54.14,5,5,False
ORD104445,2025-01-31,CUST01865,new,18-24,search_ads,mobile,home,72.09,30,2,100.93,1,5,False
ORD102210,2025-02-01,CUST00165,returning,55+,organic,desktop,beauty,53.87,15,2,91.58,1,4,False
ORD100877,2025-02-01,CUST02072,returning,35-44,organic,desktop,clothing,70.98,15,1,60.33,4,5,False
ORD101917,2025-02-01,CUST02345,returning,18-24,organic,desktop,electronics,264.63,10,1,238.17,11,4,False
ORD102299,2025-02-01,CUST02386,new,18-24,search_ads,desktop,electronics,204.4,20,1,163.52,6,5,False
ORD103820,2025-02-01,CUST00878,new,18-24,social_media,mobile,sports,119.93,5,1,113.93,4,4,False
ORD100770,2025-02-01,CUST01140,new,25-34,organic,mobile,beauty,41.07,15,2,69.82,4,5,False
ORD100357,2025-02-01,CUST02776,new,25-34,social_media,desktop,sports,64.14,20,2,102.62,3,5,False
ORD104950,2025-02-01,CUST02121,new,35-44,organic,desktop,home,85.75,5,3,244.39,5,5,False
ORD101900,2025-02-01,CUST02801,returning,45-54,social_media,mobile,beauty,18.85,10,2,33.93,7,5,False
ORD102340,2025-02-01,CUST00894,new,25-34,search_ads,mobile,clothing,52.51,30,3,110.27,4,5,False
ORD102276,2025-02-01,CUST01940,new,35-44,social_media,mobile,clothing,26.96,30,3,56.62,5,5,False
ORD100788,2025-02-01,CUST00280,new,55+,search_ads,mobile,sports,52.35,0,2,104.7,7,2,False
ORD104951,2025-02-01,CUST00454,returning,25-34,search_ads,desktop,electronics,266.34,15,3,679.17,7,5,False
ORD103731,2025-02-01,CUST02644,new,55+,search_ads,desktop,sports,46.25,30,1,32.38,9,4,False
ORD102641,2025-02-01,CUST00086,new,18-24,social_media,desktop,sports,51.31,10,3,138.54,8,4,False
ORD100916,2025-02-01,CUST00417,new,25-34,email,desktop,beauty,21.65,0,2,43.3,7,4,False
ORD104069,2025-02-01,CUST00407,returning,45-54,search_ads,mobile,home,58.88,20,3,141.31,8,5,False
ORD104757,2025-02-01,CUST01179,returning,45-54,search_ads,desktop,electronics,110.07,15,3,280.68,8,5,False
ORD100831,2025-02-01,CUST00839,new,35-44,organic,desktop,electronics,140.31,20,3,336.74,3,5,False
ORD103575,2025-02-01,CUST01983,returning,45-54,email,desktop,sports,33.7,10,1,30.33,2,5,False
ORD104256,2025-02-01,CUST02429,new,25-34,social_media,mobile,electronics,412.97,5,2,784.64,3,4,False
ORD103484,2025-02-01,CUST00387,new,55+,search_ads,mobile,beauty,25.08,20,1,20.06,4,5,False
ORD102727,2025-02-01,CUST01709,new,55+,organic,desktop,clothing,60.42,5,1,57.4,3,5,False
ORD104310,2025-02-01,CUST00234,new,35-44,referral,mobile,home,85.66,5,1,81.38,5,5,False
ORD100019,2025-02-01,CUST02034,new,55+,organic,desktop,clothing,26.89,15,1,22.86,5,5,False
ORD104800,2025-02-01,CUST00715,new,55+,email,desktop,clothing,48.8,10,1,43.92,3,5,False
ORD101984,2025-02-01,CUST02699,new,55+,email,mobile,clothing,48.54,0,1,48.54,4,5,False
ORD103294,2025-02-01,CUST01387,returning,25-34,referral,desktop,electronics,231.56,0,2,463.12,8,4,False
ORD103520,2025-02-01,CUST02740,new,55+,email,mobile,electronics,144.25,0,1,144.25,9,5,False
ORD101610,2025-02-01,CUST00274,new,18-24,social_media,mobile,clothing,61.51,0,3,184.53,5,5,False
ORD101544,2025-02-01,CUST01925,returning,25-34,organic,mobile,home,174.89,30,1,122.42,1,4,False
ORD101568,2025-02-01,CUST00155,new,25-34,search_ads,mobile,home,43.49,20,1,34.79,4,5,False
ORD102536,2025-02-01,CUST02684,new,25-34,organic,mobile,electronics,200.78,0,1,200.78,7,5,False
ORD101083,2025-02-01,CUST00885,returning,25-34,social_media,desktop,sports,72.29,5,3,206.03,5,4,False
ORD102179,2025-02-01,CUST02615,new,25-34,organic,mobile,home,128.18,20,1,102.54,4,5,False
ORD101556,2025-02-01,CUST00065,returning,25-34,organic,mobile,clothing,78.42,15,2,133.31,3,5,False
ORD103562,2025-02-01,CUST02055,new,35-44,social_media,desktop,clothing,108.87,0,3,326.61,7,5,False
ORD102034,2025-02-01,CUST02204,returning,55+,search_ads,desktop,home,150.39,10,2,270.7,10,4,False
ORD100212,2025-02-01,CUST00194,returning,55+,email,mobile,sports,71.98,15,3,183.55,6,5,False
ORD103581,2025-02-01,CUST01709,returning,45-54,social_media,mobile,home,70.4,30,1,49.28,4,5,False
ORD104166,2025-02-01,CUST02936,returning,25-34,email,desktop,clothing,64.43,5,3,183.63,4,5,False
ORD100228,2025-02-01,CUST02211,new,55+,search_ads,mobile,beauty,20.66,10,3,55.78,3,4,False
ORD104579,2025-02-01,CUST00361,new,25-34,search_ads,desktop,beauty,47.87,0,1,47.87,10,4,False
ORD104165,2025-02-01,CUST01770,returning,25-34,organic,mobile,sports,76.22,5,1,72.41,5,5,False
ORD103153,2025-02-01,CUST01744,new,25-34,social_media,desktop,electronics,141.86,0,1,141.86,8,4,False
ORD101698,2025-02-01,CUST00991,new,18-24,social_media,mobile,electronics,293.89,0,2,587.78,10,3,False
ORD104533,2025-02-02,CUST00308,new,45-54,organic,mobile,beauty,37.7,15,1,32.04,8,4,False
ORD101418,2025-02-02,CUST01048,returning,55+,organic,mobile,beauty,71.16,10,3,192.13,4,5,False
ORD100013,2025-02-02,CUST02435,new,35-44,social_media,mobile,electronics,289.17,15,1,245.79,6,5,False
ORD103940,2025-02-02,CUST01713,new,35-44,referral,desktop,beauty,34.91,15,1,29.67,4,5,False
ORD101413,2025-02-02,CUST00204,returning,18-24,search_ads,desktop,clothing,118.63,30,3,249.12,3,4,True
ORD102048,2025-02-02,CUST02021,new,25-34,search_ads,mobile,home,72.25,15,1,61.41,9,5,False
ORD104479,2025-02-02,CUST02426,returning,45-54,email,desktop,electronics,304.16,10,1,273.74,5,5,True
ORD104517,2025-02-02,CUST01022,returning,18-24,social_media,desktop,electronics,148.91,15,3,379.72,6,4,False
ORD102730,2025-02-02,CUST02356,new,35-44,organic,desktop,electronics,201.53,15,1,171.3,6,5,False
ORD104576,2025-02-02,CUST02370,returning,18-24,referral,desktop,home,51.85,5,1,49.26,4,4,False
ORD102108,2025-02-02,CUST02106,new,25-34,search_ads,desktop,beauty,55.91,20,1,44.73,2,4,True
ORD102202,2025-02-02,CUST01694,new,35-44,referral,mobile,electronics,165.44,30,1,115.81,5,5,False
ORD101877,2025-02-02,CUST00958,returning,25-34,email,desktop,clothing,98.53,5,1,93.6,3,5,False
ORD104961,2025-02-02,CUST00500,returning,45-54,social_media,mobile,electronics,112.63,10,2,202.73,10,5,False
ORD104629,2025-02-02,CUST01320,new,18-24,social_media,mobile,electronics,115.93,0,1,115.93,8,4,False
ORD101918,2025-02-02,CUST00731,new,18-24,organic,mobile,clothing,91.15,30,1,63.8,5,5,False
ORD104963,2025-02-02,CUST01939,returning,55+,email,mobile,clothing,40.78,5,1,38.74,5,5,False
ORD101915,2025-02-02,CUST00891,new,25-34,organic,mobile,electronics,221.08,0,2,442.16,5,5,False
ORD101479,2025-02-02,CUST01000,new,25-34,email,mobile,clothing,40.5,20,1,32.4,3,5,False
ORD102171,2025-02-02,CUST00876,returning,35-44,search_ads,desktop,clothing,102.01,15,1,86.71,5,5,False
ORD101905,2025-02-02,CUST00039,returning,25-34,referral,mobile,clothing,46.85,10,2,84.33,8,5,False
ORD101639,2025-02-02,CUST00044,returning,18-24,organic,mobile,beauty,26.8,30,2,37.52,3,5,False
ORD100031,2025-02-02,CUST02166,new,35-44,social_media,mobile,sports,108.72,30,1,76.1,7,5,False
ORD104234,2025-02-02,CUST01147,returning,45-54,search_ads,mobile,electronics,133.89,20,2,214.22,10,4,False
ORD104012,2025-02-02,CUST01605,new,45-54,referral,mobile,home,56.07,10,1,50.46,5,4,False
ORD100636,2025-02-02,CUST01627,returning,18-24,referral,desktop,beauty,24.51,10,2,44.12,6,4,False
ORD100123,2025-02-02,CUST01342,returning,18-24,referral,mobile,beauty,27.84,0,1,27.84,6,4,False
ORD101431,2025-02-02,CUST00900,returning,25-34,email,desktop,home,100.47,30,2,140.66,2,4,True
ORD101472,2025-02-02,CUST01955,new,25-34,search_ads,mobile,beauty,21.54,20,1,17.23,7,5,False
ORD101880,2025-02-02,CUST02781,new,25-34,organic,desktop,home,92.53,0,1,92.53,5,3,False
ORD104369,2025-02-02,CUST02157,new,25-34,social_media,mobile,clothing,49.38,0,1,49.38,3,4,False
ORD103980,2025-02-02,CUST00522,returning,18-24,email,desktop,electronics,339.85,0,1,339.85,10,3,False
ORD101013,2025-02-02,CUST02628,returning,35-44,organic,mobile,electronics,129.37,15,2,219.93,3,5,True
ORD102354,2025-02-02,CUST02733,new,18-24,organic,mobile,clothing,37.15,10,1,33.44,3,5,False
ORD103627,2025-02-02,CUST01761,returning,35-44,search_ads,mobile,clothing,27.16,20,1,21.73,4,5,False
ORD102507,2025-02-02,CUST02270,returning,25-34,social_media,mobile,sports,55.99,20,1,44.79,5,5,False
ORD102506,2025-02-02,CUST01278,returning,25-34,organic,desktop,electronics,276.93,10,2,498.47,10,4,False
ORD102346,2025-02-02,CUST02333,new,25-34,search_ads,desktop,beauty,56.26,15,2,95.64,7,4,True
ORD103263,2025-02-02,CUST00146,returning,55+,social_media,mobile,clothing,71.69,20,1,57.35,5,5,False
ORD104755,2025-02-02,CUST01478,returning,18-24,social_media,mobile,home,63.15,10,1,56.84,7,5,False
ORD105030,2025-02-02,CUST01341,new,45-54,organic,desktop,clothing,23.19,0,1,23.19,6,5,False
ORD103056,2025-02-02,CUST00393,new,25-34,search_ads,mobile,clothing,9.41,10,3,25.41,5,5,False
ORD102516,2025-02-02,CUST01484,new,35-44,referral,mobile,clothing,41.54,5,1,39.46,5,5,False
ORD103083,2025-02-02,CUST01937,new,45-54,search_ads,mobile,sports,39.73,20,3,95.35,7,4,True
ORD102598,2025-02-02,CUST02176,returning,55+,social_media,mobile,home,73.26,5,2,139.19,3,5,False
ORD103326,2025-02-02,CUST01246,new,35-44,search_ads,mobile,clothing,28.66,30,3,60.19,6,5,False
ORD103438,2025-02-02,CUST00249,new,45-54,organic,mobile,beauty,3.58,10,3,9.67,6,5,False
ORD103071,2025-02-02,CUST00914,new,25-34,search_ads,mobile,clothing,45.55,20,1,36.44,2,4,True
ORD101076,2025-02-03,CUST02147,new,35-44,social_media,mobile,electronics,252.38,30,2,353.33,6,5,False
ORD102957,2025-02-03,CUST01493,new,18-24,search_ads,mobile,clothing,63.83,20,1,51.06,4,5,True
ORD103666,2025-02-03,CUST00209,new,25-34,organic,mobile,beauty,14.1,0,1,14.1,3,4,False
ORD100426,2025-02-03,CUST00664,new,55+,referral,mobile,electronics,93.37,5,1,88.7,5,4,False
ORD104777,2025-02-03,CUST01658,new,45-54,search_ads,mobile,sports,38.81,15,1,32.99,8,5,True
ORD103410,2025-02-03,CUST01099,returning,35-44,organic,desktop,beauty,74.5,10,1,67.05,3,4,False
ORD104195,2025-02-03,CUST02226,returning,35-44,referral,mobile,electronics,127.7,30,1,89.39,8,4,True
ORD104024,2025-02-03,CUST00819,new,45-54,search_ads,desktop,beauty,51.08,15,2,86.84,3,5,False
ORD105167,2025-02-03,CUST02002,new,45-54,organic,mobile,home,86.38,5,3,246.18,5,5,False
ORD104999,2025-02-03,CUST02764,new,55+,social_media,mobile,electronics,47.48,0,2,94.96,11,5,False
ORD100090,2025-02-03,CUST02106,new,18-24,social_media,desktop,clothing,70.54,5,2,134.03,5,5,False
ORD101305,2025-02-03,CUST00015,returning,45-54,referral,desktop,beauty,31.72,30,1,22.2,4,5,True
ORD104032,2025-02-03,CUST00385,returning,25-34,search_ads,mobile,clothing,51.37,15,1,43.66,4,5,False
ORD104747,2025-02-03,CUST00803,new,18-24,search_ads,mobile,beauty,19.58,10,2,35.24,2,5,False
ORD100073,2025-02-03,CUST01147,returning,35-44,email,mobile,clothing,51.21,0,1,51.21,5,5,False
ORD101454,2025-02-03,CUST01156,new,35-44,search_ads,mobile,clothing,42.49,30,1,29.74,5,5,False
ORD104261,2025-02-03,CUST00595,new,35-44,social_media,desktop,sports,41.75,0,1,41.75,4,5,False
ORD100652,2025-02-03,CUST01578,returning,35-44,social_media,desktop,home,88.59,10,2,159.46,9,4,False
ORD102898,2025-02-03,CUST03111,new,25-34,organic,mobile,sports,79.31,10,1,71.38,8,4,False
ORD101302,2025-02-03,CUST00708,new,35-44,organic,desktop,home,163.64,0,1,163.64,3,5,False
ORD102094,2025-02-03,CUST03029,returning,25-34,social_media,mobile,clothing,39.18,5,2,74.44,5,5,False
ORD103991,2025-02-03,CUST00686,returning,25-34,email,mobile,electronics,142.67,5,3,406.61,11,5,False
ORD101224,2025-02-03,CUST01985,new,25-34,search_ads,mobile,electronics,274.53,30,1,192.17,8,4,False
ORD103250,2025-02-03,CUST01698,new,25-34,organic,mobile,electronics,101.84,30,1,71.29,6,5,False
ORD104475,2025-02-03,CUST02968,new,25-34,email,desktop,beauty,43.12,0,2,86.24,5,4,False
ORD103093,2025-02-03,CUST00294,returning,18-24,search_ads,mobile,clothing,18.2,30,3,38.22,6,5,False
ORD104928,2025-02-03,CUST01400,new,55+,social_media,desktop,electronics,186.09,0,2,372.18,9,5,False
ORD102329,2025-02-03,CUST02822,new,25-34,social_media,desktop,sports,48.96,20,2,78.34,6,5,False
ORD102748,2025-02-03,CUST01438,new,55+,organic,desktop,sports,31.66,0,3,94.98,2,4,True
ORD102585,2025-02-03,CUST03089,new,35-44,email,mobile,home,95.77,0,2,191.54,11,5,False
ORD102756,2025-02-03,CUST00091,new,25-34,organic,mobile,home,50.06,0,1,50.06,5,4,False
ORD101841,2025-02-03,CUST01535,returning,35-44,social_media,desktop,beauty,52.99,15,2,90.08,4,5,False
ORD100040,2025-02-03,CUST00140,new,25-34,social_media,desktop,beauty,45.39,15,2,77.16,7,4,False
ORD102652,2025-02-03,CUST00451,new,18-24,organic,desktop,home,115.89,20,2,185.42,4,4,False
ORD104224,2025-02-03,CUST00993,returning,45-54,organic,desktop,home,114.42,5,3,326.1,3,5,False
ORD102000,2025-02-03,CUST02818,returning,35-44,search_ads,desktop,clothing,48.27,20,1,38.62,6,5,False
ORD102073,2025-02-03,CUST02818,new,35-44,social_media,mobile,electronics,327.4,20,1,261.92,6,5,False
ORD104947,2025-02-03,CUST02285,returning,35-44,referral,desktop,sports,76.14,10,2,137.05,4,4,False
ORD103220,2025-02-03,CUST01934,returning,25-34,organic,desktop,sports,74.91,5,2,142.33,2,5,False
ORD103976,2025-02-03,CUST00028,new,18-24,email,mobile,home,43.13,0,1,43.13,2,4,False
ORD102260,2025-02-03,CUST00015,new,35-44,organic,desktop,electronics,257.6,15,1,218.96,5,4,False
ORD104851,2025-02-03,CUST02395,returning,45-54,email,mobile,sports,51.54,0,3,154.62,4,4,False
ORD103388,2025-02-03,CUST00610,returning,45-54,email,mobile,beauty,32.94,0,1,32.94,5,5,False
ORD104152,2025-02-03,CUST00837,returning,35-44,organic,desktop,electronics,76.78,15,1,65.26,3,5,False
ORD104702,2025-02-03,CUST02715,returning,55+,organic,desktop,clothing,141.56,0,3,424.68,3,5,False
ORD102435,2025-02-04,CUST02877,returning,35-44,organic,mobile,sports,16.22,20,1,12.98,3,5,False
ORD100349,2025-02-04,CUST00739,returning,35-44,search_ads,mobile,sports,26.44,30,1,18.51,4,4,False
ORD101942,2025-02-04,CUST00677,returning,55+,referral,mobile,clothing,32.25,0,1,32.25,5,5,False
ORD100215,2025-02-04,CUST01293,new,35-44,search_ads,desktop,electronics,225.33,0,1,225.33,3,5,True
ORD104249,2025-02-04,CUST02267,returning,35-44,organic,mobile,sports,44.14,20,1,35.31,2,5,False
ORD102856,2025-02-04,CUST02203,new,45-54,organic,desktop,clothing,49.27,0,1,49.27,6,5,False
ORD101519,2025-02-04,CUST02369,new,55+,organic,mobile,home,41.26,10,2,74.27,2,4,False
ORD104358,2025-02-04,CUST02274,new,45-54,organic,mobile,electronics,72.49,5,1,68.87,9,5,True
ORD103211,2025-02-04,CUST02917,new,35-44,referral,mobile,beauty,30.5,10,2,54.9,3,5,False
ORD100547,2025-02-04,CUST00242,new,45-54,social_media,desktop,electronics,169.89,0,3,509.67,4,5,False
ORD100144,2025-02-04,CUST00841,returning,25-34,search_ads,desktop,sports,32.38,30,3,68.0,4,5,False
ORD101212,2025-02-04,CUST00171,new,18-24,organic,mobile,clothing,46.87,5,1,44.53,4,5,False
ORD104861,2025-02-04,CUST02820,new,35-44,email,desktop,sports,30.06,0,2,60.12,6,4,False
ORD104437,2025-02-04,CUST02349,new,25-34,social_media,mobile,clothing,37.18,0,1,37.18,1,5,False
ORD104451,2025-02-04,CUST02812,new,25-34,referral,desktop,clothing,63.95,20,2,102.32,9,5,False
ORD102055,2025-02-04,CUST01482,new,25-34,social_media,mobile,home,53.82,10,1,48.44,9,3,False
ORD105072,2025-02-04,CUST02007,new,25-34,email,desktop,clothing,90.42,0,2,180.84,4,5,False
ORD104167,2025-02-04,CUST01227,returning,35-44,email,mobile,electronics,183.76,15,3,468.59,8,4,False
ORD100105,2025-02-04,CUST01998,returning,18-24,organic,mobile,electronics,204.22,5,1,194.01,2,5,False
ORD103679,2025-02-04,CUST00652,returning,35-44,social_media,mobile,clothing,46.07,0,1,46.07,10,4,True
ORD100895,2025-02-04,CUST01002,new,35-44,search_ads,desktop,home,152.76,10,1,137.48,2,5,False
ORD100892,2025-02-04,CUST00225,new,25-34,referral,mobile,home,46.98,10,2,84.56,7,5,False
ORD104700,2025-02-04,CUST02035,returning,25-34,organic,desktop,beauty,22.98,5,2,43.66,3,5,False
ORD103845,2025-02-04,CUST02259,new,35-44,social_media,desktop,electronics,55.78,10,2,100.4,8,5,False
ORD104098,2025-02-04,CUST02636,new,25-34,organic,mobile,home,68.2,10,1,61.38,5,5,False
ORD100324,2025-02-04,CUST00745,returning,35-44,organic,mobile,home,57.9,5,3,165.02,9,5,False
ORD104689,2025-02-04,CUST00433,new,35-44,organic,desktop,beauty,32.14,20,1,25.71,4,5,False
ORD101811,2025-02-04,CUST01161,returning,35-44,organic,desktop,beauty,13.8,10,2,24.84,7,5,False
ORD102244,2025-02-04,CUST01726,new,45-54,email,desktop,clothing,21.96,0,2,43.92,7,5,False
ORD102255,2025-02-04,CUST00010,new,25-34,search_ads,mobile,home,78.29,20,1,62.63,4,5,False
ORD100881,2025-02-04,CUST03064,returning,25-34,organic,desktop,home,42.1,0,1,42.1,7,5,False
ORD104627,2025-02-04,CUST00728,new,25-34,social_media,desktop,home,25.84,0,2,51.68,6,5,False
ORD102303,2025-02-04,CUST02573,returning,45-54,organic,mobile,home,85.49,15,3,218.0,4,5,False
ORD104010,2025-02-04,CUST00442,returning,35-44,search_ads,mobile,clothing,64.87,15,3,165.42,6,5,False
ORD103631,2025-02-04,CUST02065,new,25-34,social_media,mobile,clothing,49.49,10,3,133.62,5,5,False
ORD103619,2025-02-04,CUST02402,new,25-34,organic,mobile,sports,76.51,0,3,229.53,9,5,False
ORD100353,2025-02-04,CUST03045,returning,45-54,social_media,desktop,home,44.88,15,2,76.3,8,3,False
ORD104739,2025-02-04,CUST00955,new,18-24,organic,mobile,home,76.03,0,1,76.03,3,3,False
ORD104698,2025-02-04,CUST02596,returning,25-34,search_ads,mobile,clothing,58.07,0,2,116.14,4,5,False
ORD102215,2025-02-04,CUST00021,new,45-54,social_media,desktop,electronics,138.97,0,2,277.94,11,5,False
ORD100186,2025-02-05,CUST03020,returning,18-24,search_ads,desktop,sports,56.03,20,1,44.82,5,5,False
ORD102517,2025-02-05,CUST03182,returning,45-54,referral,desktop,clothing,51.44,0,1,51.44,6,5,False
ORD101674,2025-02-05,CUST00532,new,35-44,social_media,mobile,sports,22.92,10,1,20.63,5,5,False
ORD100549,2025-02-05,CUST02419,returning,25-34,social_media,mobile,beauty,19.44,15,2,33.05,1,5,False
ORD103590,2025-02-05,CUST00654,new,25-34,social_media,mobile,electronics,121.86,0,1,121.86,11,4,False
ORD103390,2025-02-05,CUST01900,new,35-44,referral,mobile,home,59.73,10,3,161.27,5,4,False
ORD101380,2025-02-05,CUST00520,new,25-34,social_media,mobile,home,102.78,0,1,102.78,2,4,False
ORD100358,2025-02-05,CUST01923,new,45-54,referral,mobile,beauty,13.93,0,1,13.93,4,5,False
ORD100117,2025-02-05,CUST01639,new,35-44,referral,mobile,electronics,110.78,0,1,110.78,10,5,False
ORD104898,2025-02-05,CUST00736,new,35-44,organic,mobile,clothing,54.72,5,1,51.98,7,4,False
ORD102757,2025-02-05,CUST02008,returning,35-44,email,mobile,home,54.07,0,2,108.14,4,4,False
ORD103314,2025-02-05,CUST01370,new,55+,social_media,mobile,electronics,50.66,0,1,50.66,3,3,False
ORD100493,2025-02-05,CUST02820,new,55+,organic,mobile,beauty,10.75,0,2,21.5,8,5,True
ORD101866,2025-02-05,CUST02117,new,25-34,organic,mobile,clothing,77.07,10,1,69.36,7,4,False
ORD101253,2025-02-05,CUST02842,returning,35-44,referral,mobile,beauty,60.62,0,2,121.24,4,5,False
ORD103276,2025-02-05,CUST00934,returning,18-24,organic,desktop,clothing,22.81,10,2,41.06,5,5,False
ORD104525,2025-02-05,CUST03028,returning,25-34,search_ads,mobile,electronics,231.99,15,1,197.19,6,4,False
ORD104486,2025-02-05,CUST02981,new,25-34,organic,mobile,home,126.01,10,3,340.23,6,5,False
ORD101263,2025-02-05,CUST01069,returning,18-24,organic,desktop,sports,40.4,0,1,40.4,6,5,False
ORD104398,2025-02-05,CUST01934,new,35-44,social_media,mobile,electronics,152.24,0,1,152.24,7,2,False
ORD101181,2025-02-05,CUST01481,new,25-34,email,mobile,clothing,11.4,0,1,11.4,2,5,False
ORD103055,2025-02-05,CUST02146,new,18-24,referral,desktop,electronics,163.98,0,1,163.98,11,5,False
ORD101511,2025-02-05,CUST00861,new,18-24,referral,mobile,electronics,166.01,10,2,298.82,3,5,False
ORD101025,2025-02-05,CUST02487,returning,25-34,social_media,mobile,sports,79.98,10,2,143.96,2,5,False
ORD100074,2025-02-05,CUST01682,returning,45-54,email,mobile,clothing,43.49,0,2,86.98,8,3,True
ORD100049,2025-02-05,CUST01765,returning,55+,referral,mobile,beauty,22.54,10,2,40.57,7,5,False
ORD101097,2025-02-05,CUST01223,returning,35-44,organic,mobile,home,123.63,0,2,247.26,4,5,False
ORD102914,2025-02-05,CUST03091,returning,55+,organic,mobile,sports,54.31,5,1,51.59,6,5,False
ORD103529,2025-02-05,CUST00169,new,35-44,referral,mobile,clothing,63.0,0,1,63.0,6,5,False
ORD104752,2025-02-05,CUST00915,new,45-54,social_media,mobile,sports,41.26,5,1,39.2,4,5,False
ORD104270,2025-02-05,CUST02762,new,35-44,email,desktop,sports,36.12,0,3,108.36,8,4,False
ORD102938,2025-02-05,CUST00437,new,35-44,social_media,mobile,beauty,15.87,5,1,15.08,5,5,False
ORD100605,2025-02-05,CUST01163,new,18-24,organic,desktop,home,44.18,5,2,83.94,7,5,False
ORD104780,2025-02-05,CUST02112,new,35-44,referral,mobile,electronics,195.16,0,2,390.32,4,4,False
ORD103626,2025-02-05,CUST00503,new,35-44,social_media,mobile,electronics,86.73,0,1,86.73,10,5,False
ORD101369,2025-02-05,CUST00205,returning,18-24,referral,desktop,clothing,49.86,0,2,99.72,4,5,False
ORD104339,2025-02-05,CUST00850,new,45-54,search_ads,mobile,electronics,132.05,0,1,132.05,9,5,False
ORD100262,2025-02-05,CUST01926,returning,18-24,organic,mobile,clothing,34.47,15,2,58.6,4,5,False
ORD104028,2025-02-05,CUST02456,new,55+,social_media,mobile,sports,87.67,0,2,175.34,3,5,True
ORD103106,2025-02-05,CUST02688,returning,25-34,organic,mobile,beauty,22.33,5,1,21.21,2,5,False
ORD101637,2025-02-05,CUST00486,returning,35-44,social_media,mobile,electronics,154.28,15,2,262.28,6,5,False
ORD102945,2025-02-05,CUST03106,returning,25-34,search_ads,mobile,clothing,78.96,20,2,126.34,5,5,False
ORD100590,2025-02-05,CUST02720,new,35-44,email,mobile,home,46.79,0,2,93.58,4,5,False
ORD102937,2025-02-05,CUST02737,new,45-54,search_ads,mobile,home,79.12,30,1,55.38,2,4,False
ORD104630,2025-02-06,CUST00527,new,45-54,social_media,mobile,clothing,17.84,15,1,15.16,6,5,False
ORD103037,2025-02-06,CUST03125,new,55+,search_ads,mobile,clothing,101.71,10,3,274.62,3,5,False
ORD103552,2025-02-06,CUST02551,new,35-44,search_ads,desktop,beauty,53.89,10,2,97.0,5,4,False
ORD104610,2025-02-06,CUST02009,new,25-34,social_media,desktop,beauty,41.56,5,2,78.96,9,5,False
ORD104508,2025-02-06,CUST02751,returning,18-24,search_ads,desktop,beauty,21.47,20,2,34.35,6,4,False
ORD104162,2025-02-06,CUST00972,new,45-54,email,desktop,clothing,77.44,10,1,69.7,8,3,False
ORD104223,2025-02-06,CUST01775,returning,18-24,organic,mobile,home,21.78,10,2,39.2,2,5,False
ORD103865,2025-02-06,CUST03164,returning,55+,organic,desktop,electronics,162.21,0,2,324.42,8,3,False
ORD104019,2025-02-06,CUST02491,returning,55+,organic,mobile,clothing,28.9,5,1,27.46,5,5,False
ORD103509,2025-02-06,CUST01132,new,25-34,organic,desktop,sports,69.51,5,3,198.1,3,5,False
ORD102554,2025-02-06,CUST01570,returning,25-34,email,desktop,sports,49.7,0,2,99.4,2,5,False
ORD103840,2025-02-06,CUST02502,new,45-54,search_ads,mobile,clothing,15.5,30,1,10.85,5,5,False
ORD105116,2025-02-06,CUST02917,new,55+,referral,mobile,electronics,66.81,5,1,63.47,5,4,False
ORD103464,2025-02-06,CUST01903,new,35-44,search_ads,desktop,electronics,189.55,30,1,132.68,6,5,False
ORD102609,2025-02-06,CUST01878,new,25-34,search_ads,desktop,beauty,26.16,10,2,47.09,10,3,False
ORD105145,2025-02-06,CUST02792,new,18-24,social_media,desktop,beauty,32.82,0,2,65.64,3,5,False
ORD104402,2025-02-06,CUST00367,new,45-54,organic,desktop,clothing,108.42,10,2,195.16,2,5,False
ORD102490,2025-02-06,CUST00374,new,35-44,search_ads,mobile,clothing,29.86,20,2,47.78,3,5,False
ORD104584,2025-02-06,CUST02937,returning,25-34,social_media,mobile,clothing,40.77,10,3,110.08,8,4,False
ORD102836,2025-02-06,CUST02771,returning,18-24,social_media,mobile,clothing,22.64,0,2,45.28,4,5,False
ORD103683,2025-02-06,CUST00128,new,18-24,search_ads,mobile,clothing,39.42,15,1,33.51,3,5,False
ORD102481,2025-02-06,CUST01761,new,25-34,organic,mobile,electronics,95.29,5,1,90.53,7,5,False
ORD104385,2025-02-06,CUST01437,returning,18-24,organic,desktop,clothing,87.97,0,2,175.94,6,5,False
ORD104436,2025-02-06,CUST02255,new,35-44,organic,mobile,home,53.52,30,3,112.39,11,5,False
ORD104769,2025-02-06,CUST01307,returning,35-44,social_media,desktop,electronics,90.57,0,3,271.71,6,4,False
ORD102601,2025-02-06,CUST00076,new,18-24,search_ads,mobile,beauty,11.14,30,1,7.8,2,5,False
ORD100843,2025-02-06,CUST00707,new,55+,organic,mobile,home,104.2,0,2,208.4,4,5,False
ORD101189,2025-02-06,CUST01570,returning,45-54,social_media,desktop,clothing,51.22,0,2,102.44,8,4,False
ORD100991,2025-02-06,CUST01897,returning,25-34,organic,desktop,electronics,280.13,15,1,238.11,5,5,False
ORD100702,2025-02-06,CUST02794,new,45-54,email,desktop,electronics,130.59,15,2,222.0,7,4,False
ORD100699,2025-02-06,CUST02048,returning,25-34,organic,desktop,clothing,140.9,0,1,140.9,11,5,False
ORD101381,2025-02-06,CUST02148,new,25-34,organic,mobile,home,29.74,0,1,29.74,7,3,False
ORD101692,2025-02-06,CUST03036,new,35-44,organic,desktop,electronics,303.0,5,1,287.85,10,4,True
ORD100071,2025-02-06,CUST01343,returning,25-34,email,mobile,home,66.53,20,1,53.22,3,4,False
ORD100645,2025-02-06,CUST03152,returning,55+,email,mobile,electronics,153.87,20,1,123.1,9,4,False
ORD101667,2025-02-06,CUST02447,new,55+,social_media,mobile,clothing,145.91,30,3,306.41,4,4,False
ORD101848,2025-02-06,CUST01152,returning,55+,organic,desktop,home,69.29,0,3,207.87,6,3,False
ORD101968,2025-02-06,CUST01029,new,25-34,email,mobile,clothing,21.14,5,1,20.08,7,4,False
ORD101133,2025-02-06,CUST00734,returning,35-44,organic,mobile,electronics,97.6,0,3,292.8,3,5,False
ORD100602,2025-02-06,CUST02857,new,45-54,email,desktop,clothing,32.71,0,1,32.71,6,5,False
ORD101782,2025-02-06,CUST00375,new,55+,search_ads,desktop,beauty,13.24,20,3,31.78,5,5,False
ORD103550,2025-02-07,CUST01443,returning,25-34,organic,mobile,electronics,238.42,10,2,429.16,6,5,False
ORD104665,2025-02-07,CUST01718,new,25-34,organic,desktop,sports,47.84,0,1,47.84,5,5,False
ORD103715,2025-02-07,CUST01021,new,35-44,email,mobile,home,57.9,15,1,49.22,3,4,False
ORD103694,2025-02-07,CUST00077,new,18-24,social_media,mobile,clothing,32.98,0,2,65.96,3,5,False
ORD103457,2025-02-07,CUST03189,returning,45-54,search_ads,mobile,sports,34.6,15,2,58.82,7,4,False
ORD104335,2025-02-07,CUST00817,new,35-44,search_ads,desktop,electronics,81.51,15,1,69.28,7,4,False
ORD101008,2025-02-07,CUST00238,new,55+,organic,mobile,home,103.57,10,2,186.43,8,4,False
ORD100341,2025-02-07,CUST00734,new,25-34,social_media,desktop,sports,28.9,0,2,57.8,5,5,False
ORD103593,2025-02-07,CUST00324,new,25-34,social_media,mobile,home,71.93,10,2,129.47,2,5,False
ORD103571,2025-02-07,CUST00376,new,45-54,organic,mobile,beauty,39.71,20,1,31.77,3,4,False
ORD104828,2025-02-07,CUST01172,returning,45-54,search_ads,desktop,electronics,279.26,15,1,237.37,7,5,False
ORD100889,2025-02-07,CUST00800,returning,45-54,social_media,mobile,clothing,83.17,10,1,74.85,6,4,False
ORD104128,2025-02-07,CUST02356,returning,35-44,social_media,mobile,beauty,47.17,15,1,40.09,6,5,False
ORD100779,2025-02-07,CUST00290,new,18-24,organic,mobile,home,76.82,20,2,122.91,7,3,False
ORD104585,2025-02-07,CUST01451,returning,55+,email,mobile,electronics,143.86,0,1,143.86,5,4,True
ORD104077,2025-02-07,CUST01956,new,45-54,email,mobile,clothing,29.65,15,1,25.2,7,4,True
ORD102100,2025-02-07,CUST01971,new,35-44,search_ads,mobile,clothing,39.51,20,1,31.61,4,5,True
ORD104149,2025-02-07,CUST00137,new,55+,email,mobile,beauty,38.56,0,1,38.56,2,4,False
ORD101980,2025-02-07,CUST02282,new,35-44,organic,mobile,electronics,55.14,15,1,46.87,7,4,False
ORD100658,2025-02-07,CUST01412,returning,45-54,organic,desktop,electronics,95.46,10,1,85.91,8,5,False
ORD104457,2025-02-07,CUST01991,returning,18-24,social_media,desktop,electronics,195.0,0,3,585.0,4,4,False
ORD102112,2025-02-07,CUST01802,new,25-34,referral,mobile,sports,34.8,15,1,29.58,6,4,False
ORD104216,2025-02-07,CUST01169,new,25-34,social_media,mobile,clothing,93.22,5,1,88.56,6,5,False
ORD104245,2025-02-07,CUST00768,new,25-34,referral,mobile,sports,60.44,0,3,181.32,4,5,False
ORD104273,2025-02-07,CUST02888,new,35-44,organic,desktop,clothing,83.66,0,3,250.98,7,5,False
ORD104282,2025-02-07,CUST02524,new,45-54,referral,mobile,home,28.82,0,3,86.46,3,5,False
ORD104289,2025-02-07,CUST00822,new,25-34,organic,mobile,sports,28.52,15,3,72.73,7,5,False
ORD104005,2025-02-07,CUST02658,new,18-24,search_ads,mobile,home,46.78,0,1,46.78,3,4,False
ORD102070,2025-02-07,CUST00656,new,45-54,email,mobile,sports,31.2,0,2,62.4,4,3,False
ORD101119,2025-02-07,CUST02725,returning,35-44,social_media,mobile,beauty,8.35,15,2,14.19,4,5,False
ORD100157,2025-02-07,CUST03020,new,25-34,search_ads,mobile,home,87.4,15,1,74.29,7,5,False
ORD105157,2025-02-07,CUST02539,returning,25-34,organic,desktop,home,55.68,20,3,133.63,4,4,False
ORD105156,2025-02-07,CUST00916,returning,25-34,referral,mobile,electronics,254.98,5,1,242.23,9,5,False
ORD102317,2025-02-07,CUST00380,returning,25-34,search_ads,desktop,beauty,29.09,15,2,49.45,3,5,False
ORD102040,2025-02-07,CUST00620,new,45-54,referral,mobile,home,71.21,15,2,121.06,6,5,False
ORD105036,2025-02-07,CUST02667,returning,35-44,social_media,mobile,electronics,167.3,10,1,150.57,10,5,False
ORD100116,2025-02-07,CUST02698,returning,35-44,social_media,desktop,home,98.01,5,3,279.33,3,5,False
ORD101575,2025-02-07,CUST00610,returning,35-44,organic,mobile,electronics,176.32,5,2,335.01,8,4,False
ORD102813,2025-02-07,CUST00004,returning,18-24,email,mobile,beauty,17.88,10,1,16.09,7,5,False
ORD102978,2025-02-07,CUST02836,returning,45-54,social_media,mobile,sports,53.69,5,1,51.01,5,5,False
ORD100167,2025-02-07,CUST02078,returning,25-34,referral,mobile,home,67.25,0,2,134.5,5,4,False
ORD103066,2025-02-07,CUST02957,returning,35-44,organic,desktop,clothing,32.45,0,1,32.45,6,5,False
ORD103169,2025-02-07,CUST02322,returning,35-44,organic,mobile,home,51.93,0,2,103.86,4,5,False
ORD104345,2025-02-07,CUST00278,returning,45-54,email,mobile,home,22.58,15,2,38.39,2,5,False
ORD103221,2025-02-07,CUST02887,new,45-54,social_media,desktop,electronics,22.93,10,2,41.27,5,5,False
ORD104883,2025-02-07,CUST00255,returning,45-54,social_media,desktop,beauty,25.26,0,2,50.52,3,5,False
ORD100237,2025-02-07,CUST00121,new,35-44,social_media,mobile,electronics,122.57,20,3,294.17,7,5,False
ORD103255,2025-02-07,CUST01422,new,45-54,email,desktop,electronics,127.06,5,1,120.71,7,5,False
ORD103269,2025-02-07,CUST00999,returning,45-54,organic,mobile,electronics,142.65,15,1,121.25,6,5,False
ORD101282,2025-02-07,CUST01222,new,25-34,organic,desktop,home,43.66,5,1,41.48,3,5,False
ORD103225,2025-02-07,CUST02038,new,18-24,referral,desktop,electronics,243.26,15,1,206.77,9,4,False
ORD103298,2025-02-08,CUST00642,new,18-24,referral,desktop,home,34.5,0,1,34.5,6,5,False
ORD100613,2025-02-08,CUST00958,new,25-34,organic,desktop,electronics,176.28,15,1,149.84,8,4,False
ORD101151,2025-02-08,CUST02302,returning,25-34,organic,desktop,clothing,74.86,10,2,134.75,6,5,False
ORD101545,2025-02-08,CUST03071,new,25-34,organic,mobile,home,52.12,10,1,46.91,9,3,False
ORD102553,2025-02-08,CUST02876,returning,45-54,email,mobile,beauty,38.08,0,1,38.08,3,5,False
ORD101855,2025-02-08,CUST02882,returning,25-34,email,mobile,electronics,133.04,10,1,119.74,7,3,False
ORD104285,2025-02-08,CUST00378,new,35-44,organic,desktop,beauty,45.49,0,1,45.49,4,5,False
ORD101100,2025-02-08,CUST00774,returning,55+,organic,desktop,home,91.34,15,1,77.64,4,4,False
ORD102630,2025-02-08,CUST02834,new,25-34,social_media,mobile,sports,116.36,30,3,244.36,3,5,False
ORD101749,2025-02-08,CUST02858,new,25-34,social_media,mobile,sports,86.82,10,3,234.41,4,5,False
ORD100673,2025-02-08,CUST00168,returning,25-34,organic,desktop,home,75.47,10,1,67.92,6,5,False
ORD102378,2025-02-08,CUST02519,new,25-34,social_media,mobile,clothing,32.48,0,1,32.48,5,5,False
ORD101735,2025-02-08,CUST02384,new,25-34,social_media,mobile,home,57.55,15,2,97.84,4,5,False
ORD103205,2025-02-08,CUST00981,new,25-34,organic,mobile,clothing,17.17,30,2,24.04,7,4,True
ORD100705,2025-02-08,CUST00259,new,18-24,search_ads,mobile,sports,136.14,15,1,115.72,3,4,False
ORD100706,2025-02-08,CUST02563,returning,55+,referral,desktop,electronics,367.36,0,2,734.72,7,5,False
ORD103149,2025-02-08,CUST03145,returning,25-34,social_media,mobile,electronics,158.75,5,3,452.44,7,4,False
ORD103725,2025-02-08,CUST00947,returning,25-34,referral,desktop,home,49.8,0,1,49.8,3,5,False
ORD100974,2025-02-08,CUST01355,new,35-44,social_media,mobile,home,63.29,20,1,50.63,9,4,False
ORD102197,2025-02-08,CUST02278,new,35-44,organic,mobile,clothing,48.85,20,3,117.24,4,5,False
ORD100939,2025-02-08,CUST00761,returning,25-34,email,mobile,electronics,79.27,15,2,134.76,8,4,False
ORD100903,2025-02-08,CUST02714,new,25-34,social_media,desktop,electronics,179.7,0,3,539.1,5,4,False
ORD103856,2025-02-08,CUST01171,returning,18-24,organic,desktop,electronics,243.79,0,2,487.58,9,4,True
ORD101396,2025-02-08,CUST02444,new,25-34,organic,mobile,electronics,315.32,0,2,630.64,8,5,True
ORD101436,2025-02-08,CUST01365,new,25-34,organic,mobile,clothing,36.08,0,2,72.16,2,4,False
ORD103396,2025-02-08,CUST02308,new,25-34,organic,mobile,clothing,55.98,10,3,151.15,10,5,False
ORD104101,2025-02-08,CUST02773,new,18-24,social_media,mobile,clothing,55.04,0,1,55.04,4,4,False
ORD104116,2025-02-08,CUST03051,returning,45-54,organic,mobile,sports,52.38,10,3,141.43,6,5,False
ORD101017,2025-02-08,CUST02852,new,18-24,organic,mobile,sports,67.49,5,1,64.12,3,4,False
ORD102858,2025-02-08,CUST02865,new,35-44,social_media,mobile,clothing,18.88,0,1,18.88,3,5,False
ORD104144,2025-02-08,CUST02348,new,25-34,social_media,desktop,beauty,29.53,30,2,41.34,7,4,False
ORD101297,2025-02-08,CUST02679,new,18-24,email,mobile,sports,30.42,15,1,25.86,5,5,False
ORD103311,2025-02-08,CUST01998,new,25-34,social_media,desktop,clothing,37.65,10,2,67.77,3,5,False
ORD102343,2025-02-08,CUST02617,returning,35-44,email,mobile,clothing,40.82,10,1,36.74,6,5,False
ORD104659,2025-02-08,CUST02427,returning,25-34,social_media,mobile,clothing,74.81,0,1,74.81,5,3,False
ORD102065,2025-02-08,CUST01156,returning,45-54,organic,mobile,beauty,38.51,0,2,77.02,7,4,False
ORD100478,2025-02-08,CUST02666,returning,35-44,social_media,mobile,clothing,92.06,0,1,92.06,1,4,False
ORD100482,2025-02-08,CUST02145,returning,18-24,social_media,desktop,beauty,6.87,0,3,20.61,7,3,False
ORD104899,2025-02-08,CUST02229,returning,18-24,social_media,mobile,clothing,94.55,5,1,89.82,5,5,False
ORD100503,2025-02-08,CUST03037,returning,55+,organic,desktop,beauty,33.26,20,2,53.22,6,5,False
ORD102115,2025-02-08,CUST01557,new,35-44,organic,mobile,clothing,105.71,0,1,105.71,5,4,False
ORD100368,2025-02-08,CUST01455,returning,18-24,social_media,mobile,electronics,159.13,0,2,318.26,3,4,True
ORD101989,2025-02-08,CUST00027,new,35-44,search_ads,mobile,clothing,62.27,20,1,49.82,4,5,False
ORD100168,2025-02-08,CUST00201,new,45-54,organic,mobile,electronics,419.65,0,2,839.3,7,4,False
ORD104396,2025-02-08,CUST03143,new,25-34,social_media,mobile,home,65.45,0,1,65.45,6,5,False
ORD104724,2025-02-08,CUST00548,returning,25-34,social_media,desktop,clothing,47.65,10,2,85.77,9,5,False
ORD104687,2025-02-08,CUST00290,new,35-44,organic,mobile,electronics,223.05,0,1,223.05,8,5,True
ORD102752,2025-02-09,CUST00544,new,18-24,organic,desktop,electronics,135.07,0,3,405.21,11,3,False
ORD103343,2025-02-09,CUST01582,returning,35-44,search_ads,mobile,clothing,36.23,30,1,25.36,7,4,False
ORD100565,2025-02-09,CUST01010,new,18-24,email,mobile,home,117.53,0,2,235.06,5,4,False
ORD105104,2025-02-09,CUST02160,new,25-34,search_ads,mobile,electronics,44.34,10,2,79.81,11,4,False
ORD103352,2025-02-09,CUST01036,returning,35-44,search_ads,mobile,beauty,15.15,30,1,10.6,4,5,False
ORD102172,2025-02-09,CUST00746,new,55+,email,mobile,electronics,256.71,10,1,231.04,4,4,False
ORD104697,2025-02-09,CUST00170,returning,25-34,social_media,desktop,home,83.93,10,2,151.07,2,5,False
ORD102599,2025-02-09,CUST00048,returning,35-44,social_media,desktop,home,39.68,15,3,101.18,4,4,False
ORD100829,2025-02-09,CUST01007,new,35-44,email,mobile,clothing,15.45,20,3,37.08,5,5,True
ORD102758,2025-02-09,CUST01268,new,55+,organic,desktop,clothing,36.09,0,1,36.09,3,5,False
ORD103699,2025-02-09,CUST01150,new,25-34,search_ads,mobile,clothing,23.66,20,2,37.86,6,5,False
ORD102220,2025-02-09,CUST02446,new,45-54,search_ads,mobile,home,161.02,20,3,386.45,2,5,False
ORD103888,2025-02-09,CUST00600,returning,35-44,organic,desktop,sports,30.92,10,1,27.83,2,5,False
ORD101628,2025-02-09,CUST01227,returning,25-34,referral,desktop,sports,32.31,15,3,82.39,3,5,False
ORD103884,2025-02-09,CUST00821,returning,35-44,organic,desktop,beauty,21.41,10,1,19.27,6,5,False
ORD100283,2025-02-09,CUST01389,returning,25-34,search_ads,desktop,clothing,69.97,20,2,111.95,7,3,False
ORD103605,2025-02-09,CUST02182,returning,55+,search_ads,desktop,electronics,198.3,15,2,337.11,9,4,False
ORD104076,2025-02-09,CUST01597,new,55+,organic,mobile,clothing,76.56,10,1,68.9,7,5,False
ORD102753,2025-02-09,CUST01002,new,25-34,organic,mobile,electronics,258.72,0,2,517.44,10,4,False
ORD103827,2025-02-09,CUST00736,returning,55+,social_media,mobile,home,210.4,0,1,210.4,6,5,False
ORD100914,2025-02-09,CUST01231,returning,45-54,organic,desktop,electronics,103.48,30,1,72.44,10,4,False
ORD101649,2025-02-09,CUST00148,returning,35-44,social_media,mobile,electronics,154.21,5,1,146.5,6,5,False
ORD101860,2025-02-09,CUST01663,returning,25-34,organic,desktop,home,94.56,5,1,89.83,7,5,False
ORD103773,2025-02-09,CUST01002,returning,25-34,email,mobile,beauty,64.04,5,3,182.51,6,5,False
ORD103898,2025-02-09,CUST01569,returning,25-34,search_ads,mobile,home,216.0,15,2,367.2,4,5,False
ORD100421,2025-02-09,CUST00239,new,18-24,email,desktop,clothing,23.08,0,3,69.24,4,5,False
ORD100067,2025-02-09,CUST00739,returning,18-24,social_media,mobile,electronics,54.81,5,1,52.07,11,3,False
ORD102788,2025-02-09,CUST00317,returning,25-34,organic,desktop,beauty,66.58,0,1,66.58,4,5,False
ORD104976,2025-02-09,CUST01273,new,45-54,referral,desktop,clothing,70.97,0,1,70.97,3,4,False
ORD103019,2025-02-09,CUST01113,returning,35-44,social_media,desktop,clothing,64.69,10,1,58.22,6,4,False
ORD104304,2025-02-09,CUST02175,returning,35-44,organic,mobile,sports,94.16,10,1,84.74,5,5,False
ORD101845,2025-02-09,CUST00541,new,35-44,social_media,desktop,electronics,77.83,10,2,140.09,5,5,False
ORD103060,2025-02-09,CUST02772,returning,45-54,referral,mobile,beauty,41.93,15,1,35.64,4,5,False
ORD104952,2025-02-09,CUST01614,new,25-34,organic,mobile,beauty,39.88,0,3,119.64,4,5,False
ORD101371,2025-02-09,CUST00846,returning,25-34,social_media,mobile,home,49.59,0,3,148.77,3,5,False
ORD101331,2025-02-09,CUST02469,returning,35-44,search_ads,desktop,home,51.85,20,2,82.96,5,5,False
ORD102431,2025-02-09,CUST00806,new,45-54,social_media,mobile,clothing,30.62,10,2,55.12,5,5,False
ORD104909,2025-02-09,CUST02860,new,55+,organic,desktop,sports,40.81,5,1,38.77,3,5,False
ORD102452,2025-02-09,CUST00220,new,25-34,social_media,mobile,clothing,14.48,0,3,43.44,3,4,False
ORD102456,2025-02-09,CUST00706,returning,45-54,social_media,desktop,electronics,147.85,30,1,103.49,6,5,False
ORD104207,2025-02-09,CUST02758,returning,35-44,organic,mobile,sports,119.98,0,1,119.98,4,5,False
ORD102473,2025-02-09,CUST01387,new,55+,organic,mobile,home,49.37,0,2,98.74,6,3,False
ORD104226,2025-02-09,CUST03191,returning,35-44,search_ads,desktop,sports,113.77,10,1,102.39,5,5,True
ORD100053,2025-02-09,CUST02131,returning,25-34,email,desktop,beauty,62.62,0,1,62.62,6,5,False
ORD104856,2025-02-09,CUST02249,new,25-34,search_ads,mobile,clothing,16.64,20,2,26.62,1,5,False
ORD102019,2025-02-09,CUST00748,new,55+,search_ads,mobile,electronics,47.6,15,1,40.46,5,4,True
ORD104536,2025-02-09,CUST01214,returning,25-34,email,mobile,beauty,55.0,10,2,99.0,7,5,False
ORD100460,2025-02-09,CUST02603,new,45-54,organic,mobile,clothing,58.81,0,2,117.62,5,5,False
ORD103677,2025-02-09,CUST00109,returning,25-34,organic,mobile,home,33.94,5,1,32.24,8,4,False
ORD101543,2025-02-09,CUST01891,returning,45-54,referral,desktop,sports,82.6,0,3,247.8,2,4,False
ORD100249,2025-02-10,CUST02215,new,25-34,organic,mobile,clothing,78.57,0,1,78.57,11,4,False
ORD103312,2025-02-10,CUST02528,new,35-44,search_ads,mobile,beauty,27.02,15,1,22.97,2,5,False
ORD104854,2025-02-10,CUST01829,new,25-34,organic,mobile,electronics,49.53,10,1,44.58,3,4,False
ORD103307,2025-02-10,CUST00016,returning,45-54,search_ads,mobile,electronics,44.13,20,3,105.91,9,3,True
ORD101415,2025-02-10,CUST00908,returning,35-44,social_media,desktop,home,59.42,10,1,53.48,5,4,False
ORD101175,2025-02-10,CUST02129,returning,55+,email,desktop,home,91.49,5,2,173.83,5,5,False
ORD103671,2025-02-10,CUST02508,new,35-44,social_media,mobile,home,61.36,10,3,165.67,6,5,False
ORD102076,2025-02-10,CUST02242,returning,45-54,social_media,mobile,home,144.73,15,1,123.02,5,5,False
ORD103495,2025-02-10,CUST01016,returning,35-44,social_media,mobile,beauty,39.27,15,1,33.38,5,5,False
ORD104745,2025-02-10,CUST01890,new,45-54,social_media,mobile,electronics,190.59,0,2,381.18,3,5,False
ORD100227,2025-02-10,CUST00490,returning,35-44,referral,mobile,home,23.32,0,3,69.96,4,4,False
ORD102257,2025-02-10,CUST02263,new,25-34,referral,mobile,electronics,294.13,15,2,500.02,6,5,False
ORD103103,2025-02-10,CUST02206,new,25-34,search_ads,mobile,clothing,49.45,10,2,89.01,2,4,False
ORD104843,2025-02-10,CUST01774,new,25-34,organic,desktop,clothing,29.97,5,2,56.94,2,5,False
ORD102281,2025-02-10,CUST00208,new,55+,referral,mobile,home,41.27,10,1,37.14,9,5,False
ORD103474,2025-02-10,CUST03076,new,25-34,referral,desktop,clothing,53.17,0,3,159.51,2,5,False
ORD100120,2025-02-10,CUST01513,returning,55+,organic,mobile,beauty,28.55,30,2,39.97,5,4,False
ORD100562,2025-02-10,CUST01789,new,25-34,organic,desktop,beauty,81.97,5,1,77.87,5,4,False
ORD102954,2025-02-10,CUST01104,returning,45-54,email,mobile,electronics,128.41,5,1,121.99,5,5,True
ORD102022,2025-02-10,CUST00585,returning,25-34,search_ads,desktop,home,99.09,0,2,198.18,6,5,False
ORD100715,2025-02-10,CUST01241,returning,45-54,email,mobile,home,55.41,0,3,166.23,6,5,False
ORD104238,2025-02-10,CUST01477,returning,35-44,search_ads,mobile,electronics,151.06,15,1,128.4,8,5,False
ORD104060,2025-02-10,CUST01027,returning,35-44,organic,desktop,home,222.22,10,1,200.0,5,4,False
ORD105055,2025-02-10,CUST02511,returning,45-54,email,desktop,beauty,47.97,0,3,143.91,4,4,False
ORD101691,2025-02-10,CUST03137,returning,18-24,search_ads,desktop,electronics,190.56,0,1,190.56,10,3,True
ORD100630,2025-02-10,CUST00980,new,35-44,email,desktop,sports,54.61,0,1,54.61,3,4,False
ORD100857,2025-02-10,CUST02379,new,45-54,organic,desktop,home,254.03,10,1,228.63,3,4,False
ORD100516,2025-02-10,CUST03120,new,18-24,search_ads,mobile,sports,62.7,15,2,106.59,4,5,False
ORD105052,2025-02-10,CUST01137,new,45-54,social_media,mobile,electronics,94.2,0,2,188.4,7,5,False
ORD104506,2025-02-10,CUST02436,new,18-24,email,mobile,clothing,23.53,10,3,63.53,3,5,False
ORD101963,2025-02-10,CUST00706,new,25-34,email,desktop,beauty,55.63,0,1,55.63,3,5,False
ORD104292,2025-02-10,CUST02256,returning,25-34,email,desktop,home,114.53,10,1,103.08,6,5,False
ORD102365,2025-02-10,CUST00254,new,45-54,search_ads,desktop,sports,141.81,20,1,113.45,7,3,True
ORD104271,2025-02-11,CUST02912,returning,18-24,social_media,mobile,clothing,21.32,10,3,57.56,5,5,False
ORD100138,2025-02-11,CUST02788,new,25-34,social_media,mobile,clothing,36.18,10,3,97.69,6,5,False
ORD104439,2025-02-11,CUST03010,new,25-34,social_media,mobile,electronics,160.67,5,2,305.27,5,5,False
ORD102448,2025-02-11,CUST00418,new,18-24,organic,desktop,electronics,215.87,20,1,172.7,7,5,False
ORD102928,2025-02-11,CUST02575,returning,25-34,organic,mobile,beauty,32.18,15,2,54.71,7,4,False
ORD102057,2025-02-11,CUST03079,new,25-34,organic,desktop,electronics,145.42,0,2,290.84,5,4,False
ORD105168,2025-02-11,CUST00909,new,25-34,email,mobile,beauty,29.44,5,2,55.94,8,5,False
ORD102013,2025-02-11,CUST00461,new,35-44,organic,desktop,clothing,79.21,5,1,75.25,4,5,False
ORD100208,2025-02-11,CUST02091,returning,18-24,social_media,mobile,electronics,149.53,0,2,299.06,9,4,True
ORD101486,2025-02-11,CUST00174,new,35-44,social_media,mobile,clothing,35.96,20,1,28.77,5,5,True
ORD103132,2025-02-11,CUST00427,returning,35-44,social_media,desktop,sports,56.19,20,2,89.9,5,5,False
ORD100532,2025-02-11,CUST02687,new,35-44,referral,desktop,clothing,101.48,20,2,162.37,5,5,False
ORD102859,2025-02-11,CUST01610,new,35-44,social_media,desktop,clothing,18.62,10,1,16.76,6,5,False
ORD103228,2025-02-11,CUST01320,new,18-24,social_media,mobile,clothing,62.49,5,1,59.37,4,4,False
ORD100020,2025-02-11,CUST02637,new,25-34,email,desktop,electronics,76.44,15,1,64.97,9,4,False
ORD102861,2025-02-11,CUST00524,returning,55+,search_ads,mobile,home,87.23,10,2,157.01,4,4,False
ORD103096,2025-02-11,CUST00460,returning,25-34,organic,desktop,home,131.61,0,1,131.61,6,5,False
ORD100529,2025-02-11,CUST01942,returning,35-44,search_ads,mobile,beauty,15.71,20,1,12.57,6,4,False
ORD100193,2025-02-11,CUST01149,new,35-44,referral,mobile,home,72.31,10,3,195.24,6,5,False
ORD103118,2025-02-11,CUST01592,new,35-44,referral,mobile,electronics,127.07,20,2,203.31,5,5,True
ORD102711,2025-02-11,CUST01326,new,45-54,organic,mobile,home,95.35,5,3,271.75,4,5,False
ORD102715,2025-02-11,CUST02946,new,25-34,search_ads,mobile,clothing,70.48,20,2,112.77,4,5,False
ORD100339,2025-02-11,CUST01873,returning,35-44,organic,desktop,beauty,61.88,0,1,61.88,7,4,False
ORD104681,2025-02-11,CUST02279,new,25-34,referral,desktop,electronics,87.5,15,2,148.75,3,5,False
ORD101448,2025-02-11,CUST02511,new,25-34,social_media,mobile,beauty,14.85,10,2,26.73,4,5,False
ORD101052,2025-02-11,CUST01684,new,25-34,referral,desktop,clothing,32.5,15,1,27.62,6,5,False
ORD104655,2025-02-11,CUST02762,new,35-44,referral,mobile,home,44.51,15,2,75.67,2,4,False
ORD104734,2025-02-11,CUST00698,new,25-34,social_media,mobile,sports,35.91,0,2,71.82,5,5,True
ORD100961,2025-02-11,CUST00727,new,35-44,social_media,desktop,beauty,12.57,0,1,12.57,5,5,False
ORD101636,2025-02-11,CUST00113,new,45-54,email,desktop,home,95.28,10,1,85.75,7,3,False
ORD101640,2025-02-11,CUST00169,new,25-34,social_media,desktop,electronics,378.41,0,1,378.41,6,4,False
ORD100382,2025-02-11,CUST01376,new,25-34,organic,mobile,clothing,31.65,5,1,30.07,7,4,False
ORD102344,2025-02-11,CUST02744,returning,45-54,referral,mobile,sports,73.96,0,2,147.92,6,5,False
ORD101152,2025-02-11,CUST02434,new,45-54,referral,desktop,home,64.37,10,1,57.93,6,5,False
ORD101577,2025-02-11,CUST01658,new,55+,search_ads,mobile,clothing,36.24,20,2,57.98,4,5,False
ORD104000,2025-02-11,CUST00356,new,35-44,email,mobile,beauty,28.46,5,1,27.04,3,5,False
ORD102309,2025-02-11,CUST02628,new,45-54,social_media,mobile,sports,43.99,0,2,87.98,5,5,False
ORD104075,2025-02-11,CUST01077,returning,55+,organic,mobile,beauty,37.52,10,2,67.54,4,4,False
ORD102542,2025-02-11,CUST01712,returning,55+,search_ads,desktop,home,145.17,10,2,261.31,1,5,False
ORD102287,2025-02-11,CUST01493,returning,25-34,organic,desktop,home,87.45,30,1,61.22,4,5,False
ORD102521,2025-02-11,CUST03118,new,55+,email,desktop,clothing,67.63,15,1,57.49,4,4,False
ORD104551,2025-02-11,CUST02776,new,45-54,email,mobile,home,64.63,10,1,58.17,11,5,False
ORD102286,2025-02-11,CUST02626,new,45-54,email,mobile,beauty,16.95,0,1,16.95,7,4,False
ORD101264,2025-02-11,CUST00759,new,35-44,search_ads,mobile,clothing,36.46,15,2,61.98,5,4,False
ORD105011,2025-02-12,CUST01380,new,35-44,social_media,mobile,clothing,27.71,15,1,23.55,8,5,True
ORD105034,2025-02-12,CUST00072,returning,35-44,search_ads,desktop,sports,39.1,20,1,31.28,2,5,False
ORD101514,2025-02-12,CUST00871,new,45-54,social_media,mobile,beauty,76.78,5,1,72.94,2,5,False
ORD102316,2025-02-12,CUST02993,new,25-34,search_ads,mobile,sports,60.17,20,1,48.14,5,5,False
ORD102852,2025-02-12,CUST02726,returning,35-44,organic,mobile,sports,63.2,10,3,170.64,8,4,False
ORD105121,2025-02-12,CUST01514,returning,25-34,organic,desktop,beauty,27.2,0,3,81.6,10,4,False
ORD102611,2025-02-12,CUST02545,returning,25-34,referral,desktop,clothing,53.3,0,1,53.3,5,5,False
ORD103349,2025-02-12,CUST00688,returning,45-54,search_ads,desktop,sports,86.58,15,1,73.59,9,5,False
ORD102989,2025-02-12,CUST02241,new,45-54,social_media,mobile,beauty,39.58,20,1,31.66,6,4,False
ORD104004,2025-02-12,CUST00840,returning,18-24,email,mobile,electronics,184.46,0,1,184.46,4,5,False
ORD100385,2025-02-12,CUST03006,returning,35-44,social_media,desktop,electronics,224.4,10,1,201.96,10,3,False
ORD100781,2025-02-12,CUST02072,new,35-44,social_media,mobile,beauty,26.79,0,1,26.79,4,5,False
ORD100400,2025-02-12,CUST02355,returning,25-34,social_media,mobile,home,115.22,0,1,115.22,6,5,False
ORD100744,2025-02-12,CUST03024,new,35-44,email,mobile,electronics,52.31,20,2,83.7,8,4,True
ORD100437,2025-02-12,CUST02986,returning,45-54,organic,mobile,clothing,49.67,0,3,149.01,7,3,True
ORD104117,2025-02-12,CUST02918,returning,45-54,social_media,desktop,electronics,189.02,5,2,359.14,9,3,True
ORD103692,2025-02-12,CUST03129,returning,35-44,email,desktop,home,118.56,20,3,284.54,4,5,False
ORD104520,2025-02-12,CUST00340,new,55+,social_media,desktop,clothing,42.96,10,2,77.33,7,4,False
ORD104189,2025-02-12,CUST00384,new,45-54,organic,mobile,electronics,192.59,0,2,385.18,5,5,False
ORD104203,2025-02-12,CUST00756,new,25-34,email,mobile,beauty,27.23,0,1,27.23,5,5,False
ORD104463,2025-02-12,CUST02035,new,18-24,referral,mobile,sports,38.66,0,2,77.32,3,5,False
ORD102143,2025-02-12,CUST00343,returning,25-34,email,mobile,electronics,168.92,15,2,287.16,7,4,False
ORD100634,2025-02-12,CUST01838,new,18-24,social_media,mobile,electronics,294.67,5,2,559.87,6,5,False
ORD100545,2025-02-12,CUST01554,new,18-24,organic,mobile,electronics,287.26,10,1,258.53,6,5,False
ORD104374,2025-02-12,CUST02206,returning,45-54,referral,mobile,clothing,33.45,20,2,53.52,4,5,False
ORD104160,2025-02-12,CUST00821,returning,45-54,social_media,mobile,clothing,47.42,20,3,113.81,6,5,False
ORD100301,2025-02-12,CUST02724,new,45-54,email,mobile,sports,37.94,5,2,72.09,5,5,False
ORD100381,2025-02-12,CUST03125,returning,35-44,social_media,mobile,electronics,70.84,15,2,120.43,8,4,False
ORD100238,2025-02-12,CUST01347,new,25-34,search_ads,mobile,beauty,41.34,0,1,41.34,7,4,False
ORD102263,2025-02-12,CUST00153,returning,45-54,organic,mobile,sports,23.81,15,2,40.48,2,5,False
ORD103130,2025-02-12,CUST02620,returning,25-34,organic,mobile,electronics,80.66,20,2,129.06,7,3,False
ORD103189,2025-02-12,CUST02944,new,35-44,search_ads,desktop,beauty,54.51,15,2,92.67,6,5,False
ORD102061,2025-02-12,CUST01159,new,55+,organic,desktop,home,170.23,15,2,289.39,6,5,False
ORD101277,2025-02-12,CUST01556,new,45-54,organic,desktop,electronics,160.07,5,1,152.07,13,5,True
ORD101270,2025-02-12,CUST01737,returning,35-44,email,mobile,electronics,75.17,5,3,214.23,11,4,False
ORD103446,2025-02-12,CUST01894,new,25-34,referral,mobile,home,129.01,10,2,232.22,4,5,False
ORD103383,2025-02-12,CUST01995,new,25-34,email,mobile,beauty,21.71,20,1,17.37,2,5,True
ORD100000,2025-02-12,CUST01062,new,55+,social_media,mobile,home,117.96,15,2,200.53,5,5,False
ORD100819,2025-02-13,CUST00942,returning,55+,search_ads,mobile,beauty,24.97,15,1,21.22,6,5,False
ORD101428,2025-02-13,CUST02758,returning,18-24,social_media,desktop,sports,79.22,0,2,158.44,4,5,False
ORD102906,2025-02-13,CUST00021,new,45-54,social_media,desktop,home,259.94,15,2,441.9,3,5,False
ORD103042,2025-02-13,CUST00492,returning,18-24,referral,mobile,beauty,28.44,10,1,25.6,4,5,False
ORD101797,2025-02-13,CUST01571,returning,18-24,organic,desktop,sports,80.74,20,1,64.59,7,4,False
ORD100640,2025-02-13,CUST01269,returning,55+,search_ads,mobile,home,156.0,30,1,109.2,6,5,False
ORD104230,2025-02-13,CUST00683,returning,25-34,social_media,desktop,electronics,214.66,15,2,364.92,5,5,False
ORD104696,2025-02-13,CUST00727,returning,25-34,referral,mobile,clothing,16.51,15,2,28.07,6,5,False
ORD104214,2025-02-13,CUST02116,new,35-44,referral,mobile,clothing,28.22,0,1,28.22,3,5,False
ORD104820,2025-02-13,CUST00533,returning,45-54,email,mobile,beauty,25.48,10,1,22.93,5,5,True
ORD100213,2025-02-13,CUST00230,new,25-34,email,mobile,home,80.19,30,1,56.13,2,5,False
ORD104658,2025-02-13,CUST01124,new,35-44,email,mobile,electronics,85.39,15,3,217.74,11,5,False
ORD101283,2025-02-13,CUST01660,returning,18-24,social_media,mobile,clothing,37.12,0,2,74.24,6,5,False
ORD104995,2025-02-13,CUST02885,new,45-54,email,mobile,beauty,32.52,30,1,22.76,5,5,False
ORD103763,2025-02-13,CUST00024,new,25-34,referral,desktop,beauty,57.34,10,1,51.61,5,5,False
ORD103766,2025-02-13,CUST00135,returning,55+,social_media,desktop,beauty,23.5,5,1,22.32,2,5,False
ORD104560,2025-02-13,CUST01145,new,18-24,organic,mobile,sports,62.48,15,2,106.22,2,5,False
ORD103803,2025-02-13,CUST01561,returning,35-44,social_media,mobile,electronics,276.65,20,1,221.32,3,5,False
ORD100921,2025-02-13,CUST00003,returning,55+,organic,mobile,home,59.01,10,1,53.11,6,5,False
ORD102560,2025-02-13,CUST00464,returning,45-54,organic,mobile,clothing,26.36,20,1,21.09,8,4,False
ORD104044,2025-02-13,CUST02749,new,45-54,search_ads,desktop,electronics,71.12,10,1,64.01,8,4,False
ORD102564,2025-02-13,CUST01332,new,45-54,email,mobile,home,112.75,5,3,321.34,6,5,False
ORD103321,2025-02-13,CUST00697,returning,25-34,search_ads,mobile,sports,41.43,30,2,58.0,3,4,False
ORD103324,2025-02-13,CUST03183,new,45-54,organic,desktop,beauty,38.12,0,1,38.12,4,5,False
ORD101559,2025-02-13,CUST00153,new,35-44,search_ads,mobile,clothing,69.93,15,1,59.44,6,5,False
ORD101687,2025-02-13,CUST01875,returning,35-44,email,mobile,sports,31.15,0,1,31.15,6,5,False
ORD103830,2025-02-13,CUST00536,new,35-44,email,mobile,clothing,26.65,0,2,53.3,2,5,False
ORD100441,2025-02-13,CUST00249,new,18-24,organic,desktop,electronics,147.72,15,3,376.69,6,5,False
ORD100316,2025-02-13,CUST01530,returning,35-44,search_ads,mobile,beauty,21.45,15,1,18.23,4,5,False
ORD103614,2025-02-13,CUST01034,new,18-24,referral,mobile,electronics,94.36,0,2,188.72,6,5,False
ORD102147,2025-02-13,CUST00377,new,25-34,referral,mobile,sports,43.85,0,1,43.85,4,5,False
ORD101954,2025-02-13,CUST01711,returning,55+,search_ads,desktop,sports,38.71,20,1,30.97,3,5,False
ORD102084,2025-02-13,CUST00449,new,25-34,social_media,desktop,electronics,145.59,0,2,291.18,8,4,False
ORD101893,2025-02-13,CUST02328,returning,18-24,social_media,mobile,beauty,69.84,15,1,59.36,6,4,False
ORD102099,2025-02-13,CUST02238,returning,45-54,social_media,desktop,clothing,31.0,10,3,83.7,2,5,False
ORD102011,2025-02-13,CUST02549,new,35-44,email,mobile,sports,70.66,0,1,70.66,5,5,False
ORD103846,2025-02-14,CUST02669,returning,45-54,search_ads,mobile,sports,65.17,10,2,117.31,6,5,False
ORD103191,2025-02-14,CUST02870,returning,35-44,organic,desktop,clothing,48.54,15,1,41.26,6,5,False
ORD100631,2025-02-14,CUST01405,new,18-24,organic,desktop,clothing,95.2,0,1,95.2,4,5,False
ORD100312,2025-02-14,CUST01775,new,25-34,social_media,desktop,sports,82.91,5,1,78.76,3,5,True
ORD100050,2025-02-14,CUST01197,new,25-34,social_media,mobile,home,95.08,0,2,190.16,2,5,False
ORD105147,2025-02-14,CUST01163,new,45-54,email,mobile,clothing,41.63,10,2,74.93,6,5,False
ORD101352,2025-02-14,CUST01140,returning,35-44,email,mobile,beauty,23.3,5,1,22.14,4,5,False
ORD100196,2025-02-14,CUST03060,new,18-24,organic,mobile,clothing,44.84,10,1,40.36,2,5,False
ORD103433,2025-02-14,CUST02704,returning,25-34,organic,mobile,home,110.0,0,2,220.0,5,4,False
ORD101080,2025-02-14,CUST02757,new,25-34,email,desktop,clothing,81.86,5,1,77.77,3,5,False
ORD104253,2025-02-14,CUST00622,returning,18-24,email,mobile,home,103.07,20,3,247.37,7,5,False
ORD100155,2025-02-14,CUST00244,new,35-44,organic,desktop,electronics,381.83,0,2,763.66,4,5,False
ORD104210,2025-02-14,CUST00673,returning,35-44,referral,desktop,electronics,438.91,30,1,307.24,10,5,True
ORD104190,2025-02-14,CUST02479,new,55+,social_media,mobile,home,49.0,10,1,44.1,4,4,False
ORD102524,2025-02-14,CUST02828,returning,25-34,social_media,mobile,clothing,59.31,0,3,177.93,6,5,False
ORD104735,2025-02-14,CUST00389,new,45-54,organic,desktop,electronics,265.53,10,2,477.95,7,5,True
ORD101267,2025-02-14,CUST01726,new,35-44,email,desktop,home,68.43,0,1,68.43,3,5,False
ORD104126,2025-02-14,CUST00326,new,18-24,email,mobile,home,103.9,15,2,176.63,6,5,True
ORD104071,2025-02-14,CUST00794,returning,35-44,search_ads,mobile,beauty,21.41,0,1,21.41,3,5,False
ORD103479,2025-02-14,CUST01973,returning,18-24,organic,desktop,sports,148.5,15,2,252.45,4,5,False
ORD102449,2025-02-14,CUST00158,new,35-44,search_ads,desktop,electronics,118.99,10,1,107.09,4,5,False
ORD101178,2025-02-14,CUST01052,returning,35-44,organic,desktop,beauty,64.02,0,1,64.02,3,5,False
ORD103418,2025-02-14,CUST00919,returning,25-34,social_media,mobile,home,49.09,10,2,88.36,7,5,False
ORD100827,2025-02-14,CUST01957,returning,25-34,organic,desktop,clothing,91.33,20,1,73.06,2,5,False
ORD103198,2025-02-14,CUST01981,returning,18-24,social_media,mobile,clothing,66.14,10,3,178.58,5,4,False
ORD103798,2025-02-14,CUST02333,new,35-44,email,mobile,sports,31.68,10,2,57.02,3,5,False
ORD102375,2025-02-14,CUST00206,returning,35-44,email,mobile,clothing,59.53,10,3,160.73,7,4,False
ORD103717,2025-02-14,CUST02774,new,55+,organic,mobile,home,36.37,10,1,32.73,5,4,False
ORD102761,2025-02-14,CUST03152,returning,45-54,social_media,desktop,home,63.96,5,3,182.29,6,4,False
ORD102847,2025-02-14,CUST00873,new,25-34,social_media,desktop,beauty,31.63,0,2,63.26,4,5,True
ORD102087,2025-02-14,CUST00491,returning,18-24,search_ads,mobile,clothing,27.65,20,1,22.12,4,5,False
ORD104515,2025-02-14,CUST00252,returning,45-54,email,mobile,beauty,43.95,5,1,41.75,8,5,False
ORD102843,2025-02-14,CUST00196,new,25-34,search_ads,mobile,home,18.06,10,3,48.76,7,4,False
ORD104609,2025-02-14,CUST00929,returning,45-54,search_ads,mobile,clothing,61.33,15,2,104.26,7,5,True
ORD104501,2025-02-14,CUST02554,new,25-34,organic,desktop,beauty,62.18,0,1,62.18,9,4,False
ORD100480,2025-02-14,CUST00061,new,55+,social_media,mobile,beauty,22.74,0,1,22.74,9,4,False
ORD102817,2025-02-14,CUST03129,returning,25-34,social_media,mobile,home,69.45,15,1,59.03,6,5,False
ORD102267,2025-02-14,CUST00062,new,35-44,email,mobile,clothing,34.34,10,1,30.91,4,5,False
ORD101644,2025-02-14,CUST01742,new,18-24,organic,mobile,clothing,37.37,20,1,29.9,3,5,False
ORD102795,2025-02-14,CUST00936,new,45-54,email,desktop,home,50.06,0,2,100.12,4,5,False
ORD103703,2025-02-14,CUST01838,new,35-44,search_ads,mobile,electronics,289.8,15,2,492.66,4,5,False
ORD102975,2025-02-14,CUST01106,new,25-34,social_media,mobile,clothing,26.27,10,1,23.64,5,5,True
ORD100350,2025-02-14,CUST01216,returning,35-44,organic,mobile,beauty,53.45,20,1,42.76,5,5,False
ORD103616,2025-02-14,CUST01588,new,25-34,social_media,desktop,electronics,252.79,5,2,480.3,8,3,False
ORD102098,2025-02-14,CUST02449,new,35-44,email,mobile,clothing,30.65,5,2,58.23,5,5,False
ORD100703,2025-02-15,CUST02986,returning,35-44,email,mobile,clothing,74.14,10,3,200.18,9,5,False
ORD100697,2025-02-15,CUST02710,returning,55+,email,desktop,sports,111.1,0,1,111.1,5,5,False
ORD102581,2025-02-15,CUST02374,new,25-34,search_ads,mobile,electronics,386.26,0,2,772.52,6,5,False
ORD101243,2025-02-15,CUST00540,returning,55+,social_media,desktop,beauty,15.05,0,1,15.05,6,5,False
ORD103357,2025-02-15,CUST00212,new,18-24,organic,mobile,clothing,90.97,0,1,90.97,5,5,False
ORD101995,2025-02-15,CUST00761,new,25-34,organic,desktop,electronics,167.56,15,1,142.43,10,5,False
ORD100767,2025-02-15,CUST01408,new,25-34,organic,desktop,sports,31.41,10,3,84.81,4,5,True
ORD104684,2025-02-15,CUST02084,new,35-44,social_media,mobile,clothing,30.23,0,2,60.46,3,4,False
ORD102445,2025-02-15,CUST01594,returning,35-44,social_media,mobile,electronics,242.12,5,3,690.04,9,4,True
ORD103394,2025-02-15,CUST00926,new,25-34,email,mobile,beauty,38.61,0,1,38.61,5,4,False
ORD103984,2025-02-15,CUST02885,returning,25-34,search_ads,mobile,beauty,39.42,15,1,33.51,1,5,False
ORD100297,2025-02-15,CUST02732,new,55+,organic,desktop,home,78.24,0,2,156.48,8,3,False
ORD103275,2025-02-15,CUST02948,new,25-34,email,mobile,home,72.09,10,3,194.64,5,5,False
ORD101265,2025-02-15,CUST00506,returning,35-44,organic,desktop,home,122.03,0,1,122.03,7,4,False
ORD100663,2025-02-15,CUST02485,new,18-24,search_ads,mobile,beauty,32.47,10,1,29.22,3,5,False
ORD101985,2025-02-15,CUST01058,returning,55+,search_ads,mobile,clothing,65.99,10,2,118.78,8,5,True
ORD101419,2025-02-15,CUST02645,new,25-34,search_ads,mobile,electronics,53.28,20,1,42.62,8,4,False
ORD101400,2025-02-15,CUST02339,returning,45-54,organic,mobile,electronics,106.56,0,2,213.12,8,4,False
ORD100485,2025-02-15,CUST02578,new,35-44,email,mobile,home,32.7,5,1,31.06,11,3,False
ORD100579,2025-02-15,CUST00666,new,45-54,social_media,mobile,clothing,71.73,20,2,114.77,6,5,False
ORD104342,2025-02-15,CUST00257,returning,35-44,organic,mobile,home,83.73,0,3,251.19,5,5,False
ORD102126,2025-02-15,CUST01838,returning,25-34,organic,mobile,beauty,33.07,10,2,59.53,5,5,False
ORD101446,2025-02-15,CUST01734,new,25-34,social_media,mobile,sports,29.78,10,3,80.41,8,4,True
ORD102305,2025-02-15,CUST01127,new,35-44,organic,mobile,electronics,289.16,0,1,289.16,7,3,False
ORD104298,2025-02-15,CUST02550,new,25-34,organic,desktop,electronics,67.63,30,1,47.34,9,5,False
ORD103164,2025-02-15,CUST02910,returning,55+,referral,desktop,clothing,48.16,0,1,48.16,7,5,False
ORD104527,2025-02-15,CUST01284,returning,45-54,organic,mobile,home,121.64,20,3,291.94,4,5,True
ORD104537,2025-02-15,CUST00528,new,45-54,organic,mobile,home,39.79,0,2,79.58,4,4,False
ORD102631,2025-02-15,CUST00281,returning,35-44,organic,mobile,sports,47.86,0,1,47.86,3,4,False
ORD101515,2025-02-15,CUST01016,returning,18-24,search_ads,mobile,sports,33.08,20,1,26.46,4,5,False
ORD101284,2025-02-15,CUST01824,new,25-34,organic,desktop,electronics,301.59,5,1,286.51,5,5,False
ORD102668,2025-02-15,CUST02615,new,35-44,organic,mobile,electronics,119.9,0,2,239.8,10,5,False
ORD103441,2025-02-15,CUST00594,new,25-34,organic,mobile,clothing,69.25,20,1,55.4,5,5,True
ORD103685,2025-02-15,CUST01555,new,55+,email,mobile,beauty,15.24,0,1,15.24,8,3,False
ORD103800,2025-02-15,CUST02415,new,25-34,search_ads,desktop,home,108.07,20,1,86.46,5,5,False
ORD103730,2025-02-15,CUST02345,returning,18-24,organic,mobile,clothing,47.4,0,1,47.4,4,3,False
ORD103861,2025-02-15,CUST01103,new,35-44,social_media,mobile,home,36.41,10,2,65.54,4,4,False
ORD103465,2025-02-15,CUST01334,returning,25-34,referral,mobile,home,47.89,10,2,86.2,5,5,False
ORD101806,2025-02-15,CUST00136,returning,35-44,search_ads,mobile,beauty,11.98,15,1,10.18,4,4,False
ORD102353,2025-02-15,CUST01781,new,45-54,social_media,mobile,home,34.95,0,1,34.95,5,5,False
ORD103880,2025-02-15,CUST01449,new,25-34,email,desktop,sports,89.93,0,2,179.86,2,5,False
ORD101045,2025-02-15,CUST00476,new,55+,email,mobile,beauty,13.87,0,1,13.87,5,5,False
ORD103492,2025-02-15,CUST00505,returning,18-24,social_media,desktop,clothing,62.27,15,1,52.93,9,4,False
ORD100942,2025-02-15,CUST01323,returning,18-24,social_media,desktop,beauty,39.33,0,2,78.66,5,5,False
ORD101103,2025-02-15,CUST02027,returning,55+,social_media,mobile,electronics,235.98,0,1,235.98,4,5,False
ORD102121,2025-02-16,CUST00424,new,18-24,social_media,desktop,clothing,48.4,30,2,67.76,5,4,False
ORD104146,2025-02-16,CUST02189,returning,18-24,search_ads,mobile,home,269.78,10,1,242.8,5,5,False
ORD102209,2025-02-16,CUST00812,new,18-24,organic,desktop,clothing,61.74,15,2,104.96,5,4,False
ORD103876,2025-02-16,CUST02804,new,35-44,organic,mobile,electronics,102.17,5,2,194.12,4,5,False
ORD103249,2025-02-16,CUST02909,returning,55+,email,mobile,electronics,317.43,10,2,571.37,6,5,False
ORD102626,2025-02-16,CUST01470,returning,25-34,organic,desktop,clothing,66.94,0,1,66.94,5,5,False
ORD104619,2025-02-16,CUST02690,returning,35-44,organic,mobile,electronics,143.98,5,3,410.34,10,4,False
ORD100739,2025-02-16,CUST00241,returning,45-54,referral,desktop,electronics,130.32,5,3,371.41,6,5,False
ORD105017,2025-02-16,CUST03148,returning,25-34,referral,mobile,home,23.2,15,2,39.44,3,5,False
ORD101252,2025-02-16,CUST00511,returning,25-34,organic,mobile,home,124.11,5,2,235.81,4,5,False
ORD105172,2025-02-16,CUST02508,new,25-34,referral,mobile,home,148.54,20,1,118.83,7,4,False
ORD102214,2025-02-16,CUST00931,new,45-54,email,desktop,beauty,36.34,5,1,34.52,3,4,False
ORD103628,2025-02-16,CUST01386,new,45-54,organic,desktop,electronics,193.85,10,1,174.46,9,5,True
ORD105128,2025-02-16,CUST02882,returning,45-54,email,desktop,clothing,51.98,5,1,49.38,4,4,False
ORD100469,2025-02-16,CUST02566,new,55+,search_ads,mobile,sports,65.2,20,2,104.32,5,4,False
ORD100905,2025-02-16,CUST02146,new,25-34,organic,desktop,home,147.88,10,2,266.18,3,5,False
ORD105171,2025-02-16,CUST02788,new,25-34,search_ads,mobile,beauty,8.07,15,1,6.86,4,5,False
ORD102603,2025-02-16,CUST01115,returning,25-34,organic,mobile,clothing,55.09,0,2,110.18,1,5,False
ORD104471,2025-02-16,CUST03188,returning,45-54,search_ads,desktop,beauty,65.16,20,1,52.13,1,5,False
ORD104949,2025-02-16,CUST00951,new,25-34,referral,mobile,electronics,118.58,15,3,302.38,6,5,False
ORD103599,2025-02-16,CUST00480,new,18-24,social_media,mobile,electronics,151.4,15,1,128.69,11,4,False
ORD104300,2025-02-16,CUST02392,returning,35-44,referral,mobile,clothing,115.05,5,1,109.3,7,5,False
ORD101433,2025-02-16,CUST03130,returning,45-54,organic,mobile,electronics,332.26,10,1,299.03,6,5,False
ORD103013,2025-02-16,CUST01043,new,25-34,organic,mobile,clothing,182.26,20,3,437.42,4,5,True
ORD103572,2025-02-16,CUST00647,new,25-34,organic,mobile,electronics,196.5,15,2,334.05,6,5,False
ORD100676,2025-02-16,CUST02260,new,35-44,social_media,desktop,clothing,106.71,5,1,101.37,3,5,False
ORD103345,2025-02-16,CUST02130,new,35-44,referral,desktop,home,172.25,0,1,172.25,3,5,False
ORD101357,2025-02-16,CUST01131,new,25-34,referral,mobile,sports,56.81,10,1,51.13,5,5,False
ORD103371,2025-02-16,CUST00318,returning,25-34,organic,mobile,clothing,71.02,15,1,60.37,3,4,False
ORD103700,2025-02-16,CUST02346,new,45-54,search_ads,desktop,home,124.55,15,1,105.87,5,4,False
ORD103750,2025-02-16,CUST03151,returning,35-44,social_media,mobile,sports,59.29,10,1,53.36,11,4,False
ORD101621,2025-02-16,CUST02235,new,25-34,social_media,mobile,clothing,99.65,15,1,84.7,5,5,False
ORD103399,2025-02-16,CUST02208,new,25-34,organic,mobile,electronics,167.31,5,1,158.94,9,4,False
ORD104645,2025-02-16,CUST00298,new,25-34,organic,mobile,clothing,48.85,15,1,41.52,4,5,False
ORD103996,2025-02-16,CUST01401,returning,35-44,search_ads,desktop,electronics,68.28,10,3,184.36,8,4,False
ORD103714,2025-02-16,CUST00168,returning,45-54,email,mobile,beauty,23.74,10,1,21.37,3,5,False
ORD102322,2025-02-16,CUST01822,new,45-54,organic,mobile,clothing,57.91,5,1,55.01,2,5,False
ORD105077,2025-02-16,CUST03133,new,45-54,organic,desktop,sports,130.89,0,1,130.89,6,5,False
ORD103951,2025-02-16,CUST01236,returning,35-44,social_media,mobile,clothing,32.68,10,3,88.24,4,5,True
ORD101329,2025-02-17,CUST00107,returning,25-34,social_media,mobile,electronics,261.26,0,2,522.52,9,4,True
ORD103507,2025-02-17,CUST02886,returning,18-24,social_media,mobile,electronics,277.54,0,1,277.54,3,3,False
ORD100612,2025-02-17,CUST00975,returning,35-44,organic,mobile,beauty,7.28,10,3,19.66,5,5,False
ORD100785,2025-02-17,CUST01327,new,55+,search_ads,mobile,electronics,194.73,15,2,331.04,6,5,False
ORD103688,2025-02-17,CUST00582,returning,18-24,email,mobile,beauty,28.37,0,1,28.37,5,4,False
ORD102072,2025-02-17,CUST00088,returning,35-44,search_ads,mobile,sports,68.57,20,1,54.86,9,5,False
ORD103925,2025-02-17,CUST00573,new,25-34,organic,desktop,beauty,17.62,10,3,47.57,4,5,False
ORD101734,2025-02-17,CUST02797,new,25-34,organic,mobile,beauty,28.26,0,3,84.78,4,3,False
ORD103836,2025-02-17,CUST02260,returning,35-44,search_ads,mobile,clothing,53.63,10,1,48.27,4,5,True
ORD104703,2025-02-17,CUST00961,new,18-24,referral,desktop,home,169.72,0,1,169.72,5,5,False
ORD104545,2025-02-17,CUST01047,returning,18-24,email,mobile,home,88.43,0,1,88.43,6,5,False
ORD102663,2025-02-17,CUST00162,new,25-34,email,desktop,beauty,48.5,20,2,77.6,7,4,False
ORD103248,2025-02-17,CUST00110,returning,35-44,organic,mobile,beauty,8.02,0,1,8.02,4,5,False
ORD103977,2025-02-17,CUST02227,returning,25-34,search_ads,mobile,electronics,109.57,20,3,262.97,8,4,False
ORD101770,2025-02-17,CUST02727,new,55+,social_media,desktop,home,49.5,5,1,47.02,7,4,False
ORD103475,2025-02-17,CUST00836,returning,45-54,search_ads,mobile,clothing,45.44,10,3,122.69,6,5,False
ORD102152,2025-02-17,CUST01080,new,18-24,organic,mobile,clothing,35.03,15,1,29.78,7,3,False
ORD103862,2025-02-17,CUST01598,new,18-24,referral,mobile,clothing,19.81,20,1,15.85,8,5,False
ORD102736,2025-02-17,CUST00804,returning,25-34,social_media,desktop,electronics,194.56,10,1,175.1,7,3,False
ORD102194,2025-02-17,CUST02326,returning,18-24,social_media,mobile,sports,24.18,15,1,20.55,6,4,False
ORD101248,2025-02-17,CUST01987,new,18-24,organic,mobile,beauty,37.54,20,1,30.03,7,4,False
ORD100093,2025-02-17,CUST02928,new,18-24,social_media,desktop,sports,71.95,5,3,205.06,4,5,False
ORD102487,2025-02-17,CUST03172,returning,18-24,social_media,mobile,clothing,65.84,15,1,55.96,4,5,False
ORD100577,2025-02-17,CUST01392,returning,35-44,organic,desktop,sports,48.21,15,1,40.98,5,5,False
ORD102807,2025-02-17,CUST00076,returning,55+,search_ads,mobile,home,128.0,10,2,230.4,2,5,False
ORD103332,2025-02-17,CUST01241,returning,35-44,email,mobile,home,24.04,20,1,19.23,9,3,False
ORD105153,2025-02-17,CUST01861,returning,35-44,social_media,mobile,clothing,85.26,0,1,85.26,4,4,False
ORD102951,2025-02-17,CUST02714,new,45-54,search_ads,desktop,beauty,58.16,20,2,93.06,3,5,False
ORD101047,2025-02-17,CUST03024,returning,45-54,organic,mobile,home,98.7,0,2,197.4,9,3,False
ORD100338,2025-02-17,CUST00341,new,45-54,email,mobile,clothing,67.66,15,2,115.02,6,5,False
ORD103105,2025-02-17,CUST01341,returning,25-34,organic,desktop,clothing,43.0,20,3,103.2,2,5,False
ORD101685,2025-02-17,CUST02631,new,45-54,search_ads,mobile,home,118.75,20,2,190.0,5,5,False
ORD105062,2025-02-17,CUST02159,returning,55+,search_ads,desktop,beauty,32.96,20,1,26.37,4,5,False
ORD101645,2025-02-17,CUST01874,new,35-44,social_media,mobile,clothing,25.51,15,2,43.37,7,5,False
ORD104751,2025-02-17,CUST01650,returning,45-54,social_media,mobile,home,109.74,0,1,109.74,6,5,False
ORD104731,2025-02-17,CUST02128,new,18-24,search_ads,mobile,beauty,22.85,10,2,41.13,5,5,False
ORD100270,2025-02-17,CUST00423,returning,45-54,email,desktop,beauty,28.78,15,1,24.46,2,5,False
ORD104063,2025-02-17,CUST02551,new,35-44,organic,desktop,beauty,49.7,20,1,39.76,2,5,False
ORD102195,2025-02-17,CUST01000,returning,18-24,email,mobile,beauty,10.3,10,2,18.54,6,5,False
ORD103353,2025-02-17,CUST01411,new,35-44,organic,desktop,clothing,26.6,0,3,79.8,3,4,False
ORD101997,2025-02-17,CUST01309,returning,35-44,social_media,mobile,beauty,29.59,5,1,28.11,5,5,False
ORD103486,2025-02-17,CUST02285,returning,45-54,organic,mobile,clothing,33.71,10,2,60.68,9,5,False
ORD100960,2025-02-17,CUST03178,new,25-34,social_media,mobile,electronics,115.55,0,2,231.1,2,5,False
ORD100747,2025-02-17,CUST00193,returning,18-24,organic,mobile,beauty,22.07,0,3,66.21,6,4,False
ORD103838,2025-02-18,CUST00854,returning,25-34,search_ads,desktop,clothing,56.25,15,2,95.62,5,5,False
ORD105130,2025-02-18,CUST00226,new,35-44,search_ads,mobile,home,159.24,20,1,127.39,3,5,False
ORD101309,2025-02-18,CUST02749,returning,35-44,organic,desktop,clothing,141.35,10,1,127.22,4,5,False
ORD101043,2025-02-18,CUST02615,new,18-24,organic,mobile,electronics,212.38,5,1,201.76,7,5,False
ORD103086,2025-02-18,CUST00920,returning,45-54,email,desktop,beauty,15.67,5,2,29.77,4,5,False
ORD103429,2025-02-18,CUST00297,returning,35-44,search_ads,mobile,sports,36.12,30,1,25.28,5,5,False
ORD103412,2025-02-18,CUST03047,returning,25-34,search_ads,mobile,beauty,60.89,0,1,60.89,4,4,False
ORD103415,2025-02-18,CUST02347,returning,35-44,organic,desktop,home,21.85,0,3,65.55,4,4,False
ORD100818,2025-02-18,CUST00547,new,45-54,search_ads,mobile,home,77.63,20,2,124.21,8,5,False
ORD105097,2025-02-18,CUST00974,new,35-44,search_ads,desktop,electronics,171.65,10,2,308.97,4,4,False
ORD101824,2025-02-18,CUST00353,new,25-34,email,mobile,home,38.36,10,3,103.57,4,4,False
ORD100909,2025-02-18,CUST02980,returning,45-54,email,mobile,electronics,217.93,30,1,152.55,8,5,True
ORD103780,2025-02-18,CUST02106,returning,45-54,email,mobile,home,177.33,10,1,159.6,7,3,False
ORD100926,2025-02-18,CUST02181,returning,35-44,social_media,desktop,sports,95.07,10,1,85.56,5,4,False
ORD104204,2025-02-18,CUST01687,new,25-34,organic,desktop,electronics,83.22,0,1,83.22,9,5,False
ORD102290,2025-02-18,CUST02951,new,45-54,referral,mobile,home,72.3,0,2,144.6,3,5,False
ORD103702,2025-02-18,CUST01489,new,35-44,search_ads,mobile,electronics,278.55,20,1,222.84,11,4,False
ORD100714,2025-02-18,CUST02911,returning,25-34,search_ads,mobile,electronics,45.91,30,1,32.14,5,4,False
ORD100722,2025-02-18,CUST03086,returning,18-24,search_ads,desktop,clothing,50.98,0,3,152.94,4,4,False
ORD104104,2025-02-18,CUST03075,new,45-54,search_ads,mobile,home,26.56,15,2,45.15,5,5,False
ORD102320,2025-02-18,CUST01408,new,35-44,organic,mobile,beauty,25.95,0,1,25.95,6,5,True
ORD102820,2025-02-18,CUST00100,returning,35-44,organic,mobile,clothing,32.85,10,2,59.13,8,5,False
ORD104093,2025-02-18,CUST02907,returning,25-34,search_ads,mobile,sports,71.6,15,3,182.58,4,5,False
ORD103887,2025-02-18,CUST03048,returning,35-44,search_ads,desktop,electronics,195.82,30,1,137.07,11,3,False
ORD102474,2025-02-18,CUST00051,returning,35-44,search_ads,mobile,electronics,204.43,30,1,143.1,4,5,False
ORD103362,2025-02-18,CUST00673,new,55+,email,desktop,home,20.48,0,2,40.96,4,5,False
ORD104087,2025-02-18,CUST01964,new,45-54,email,desktop,sports,72.4,0,1,72.4,6,5,False
ORD102800,2025-02-18,CUST02199,new,45-54,search_ads,desktop,clothing,49.89,15,1,42.41,6,5,False
ORD103338,2025-02-18,CUST01215,returning,25-34,email,mobile,beauty,23.21,20,2,37.14,7,5,True
ORD105065,2025-02-18,CUST02296,new,25-34,organic,mobile,home,169.16,0,1,169.16,2,5,False
ORD103910,2025-02-18,CUST01478,new,25-34,social_media,mobile,home,116.19,10,2,209.14,6,5,False
ORD100281,2025-02-18,CUST02722,new,25-34,social_media,desktop,clothing,85.15,0,2,170.3,7,4,True
ORD100433,2025-02-18,CUST02569,new,35-44,social_media,mobile,beauty,48.29,0,2,96.58,5,5,False
ORD102015,2025-02-18,CUST00175,new,25-34,search_ads,desktop,clothing,41.36,30,2,57.9,4,4,False
ORD105038,2025-02-18,CUST01458,returning,25-34,referral,desktop,sports,17.04,5,1,16.19,4,4,False
ORD103874,2025-02-18,CUST02762,new,18-24,social_media,mobile,clothing,47.24,0,1,47.24,6,5,False
ORD101487,2025-02-18,CUST03014,returning,45-54,referral,mobile,clothing,28.4,30,3,59.64,6,5,False
ORD102616,2025-02-18,CUST02379,new,25-34,referral,mobile,electronics,224.85,5,1,213.61,6,5,False
ORD100445,2025-02-18,CUST00194,returning,45-54,social_media,desktop,electronics,261.24,10,1,235.12,7,4,False
ORD101492,2025-02-18,CUST01292,new,25-34,social_media,mobile,home,122.93,5,1,116.78,2,5,False
ORD104567,2025-02-18,CUST01821,new,18-24,social_media,desktop,electronics,292.57,10,3,789.94,8,5,False
ORD104159,2025-02-18,CUST02259,returning,18-24,search_ads,desktop,beauty,44.7,20,1,35.76,4,4,False
ORD104543,2025-02-18,CUST02132,new,18-24,search_ads,mobile,clothing,46.25,10,2,83.25,6,5,False
ORD102502,2025-02-18,CUST01503,returning,35-44,organic,mobile,electronics,105.47,30,1,73.83,10,5,False
ORD100113,2025-02-18,CUST00665,new,35-44,social_media,mobile,beauty,11.86,0,3,35.58,3,5,False
ORD101740,2025-02-18,CUST00146,new,25-34,social_media,mobile,home,35.31,5,3,100.63,3,4,False
ORD101681,2025-02-19,CUST00183,new,18-24,social_media,desktop,home,73.67,5,1,69.99,3,5,False
ORD102629,2025-02-19,CUST00009,new,55+,social_media,mobile,clothing,49.18,5,1,46.72,4,5,False
ORD104552,2025-02-19,CUST01021,returning,35-44,social_media,mobile,electronics,162.0,0,1,162.0,7,4,False
ORD100389,2025-02-19,CUST01487,returning,25-34,social_media,mobile,home,63.86,15,3,162.84,5,5,False
ORD104493,2025-02-19,CUST02892,new,45-54,organic,mobile,clothing,60.31,10,2,108.56,3,5,True
ORD102901,2025-02-19,CUST03119,new,25-34,referral,mobile,electronics,96.26,0,1,96.26,8,5,False
ORD101996,2025-02-19,CUST02088,returning,18-24,organic,desktop,electronics,224.05,30,3,470.5,11,4,False
ORD103022,2025-02-19,CUST02384,new,35-44,email,mobile,beauty,20.5,30,1,14.35,4,5,False
ORD101031,2025-02-19,CUST01121,new,55+,organic,mobile,electronics,320.62,5,3,913.77,9,4,True
ORD104872,2025-02-19,CUST00820,returning,25-34,social_media,mobile,electronics,133.67,20,2,213.87,7,4,True
ORD101482,2025-02-19,CUST02381,returning,35-44,social_media,mobile,electronics,103.07,15,3,262.83,5,5,False
ORD104431,2025-02-19,CUST01778,returning,18-24,organic,desktop,electronics,80.42,5,1,76.4,8,4,False
ORD102515,2025-02-19,CUST02255,returning,18-24,organic,mobile,clothing,23.75,15,1,20.19,6,5,False
ORD105086,2025-02-19,CUST01002,returning,25-34,referral,mobile,home,63.6,20,2,101.76,6,5,False
ORD104281,2025-02-19,CUST02245,returning,45-54,email,desktop,clothing,94.85,0,2,189.7,4,4,False
ORD100910,2025-02-19,CUST01378,returning,55+,email,mobile,clothing,74.34,30,1,52.04,8,5,True
ORD100777,2025-02-19,CUST02361,new,18-24,social_media,mobile,home,63.42,20,1,50.74,5,5,False
ORD101336,2025-02-19,CUST00426,new,18-24,organic,mobile,clothing,30.53,15,1,25.95,5,4,True
ORD101150,2025-02-19,CUST00153,returning,35-44,search_ads,desktop,home,179.7,15,2,305.49,7,4,False
ORD100793,2025-02-19,CUST00748,returning,25-34,email,mobile,home,18.51,15,2,31.47,6,5,False
ORD102497,2025-02-19,CUST01538,new,45-54,social_media,desktop,clothing,17.78,15,2,30.23,5,5,False
ORD102033,2025-02-19,CUST00498,returning,35-44,organic,desktop,home,74.98,10,1,67.48,4,5,False
ORD100591,2025-02-19,CUST01469,returning,45-54,email,desktop,clothing,40.67,0,2,81.34,3,5,False
ORD100689,2025-02-19,CUST01409,new,35-44,organic,desktop,clothing,28.28,0,1,28.28,3,5,False
ORD104967,2025-02-19,CUST02033,returning,35-44,social_media,mobile,electronics,75.32,20,1,60.26,6,4,False
ORD101895,2025-02-19,CUST01046,returning,35-44,search_ads,desktop,electronics,175.38,20,3,420.91,6,5,True
ORD101158,2025-02-19,CUST00205,returning,35-44,email,mobile,electronics,261.18,0,1,261.18,5,5,False
ORD103449,2025-02-19,CUST02164,new,35-44,email,mobile,clothing,51.19,0,1,51.19,6,5,False
ORD104088,2025-02-19,CUST00219,new,35-44,search_ads,desktop,sports,48.81,10,1,43.93,7,4,True
ORD103867,2025-02-19,CUST01586,returning,25-34,organic,mobile,clothing,55.31,20,2,88.5,9,4,False
ORD104997,2025-02-20,CUST00520,returning,45-54,social_media,desktop,electronics,178.38,10,1,160.54,9,5,False
ORD102621,2025-02-20,CUST02225,returning,25-34,organic,mobile,electronics,162.79,30,1,113.95,6,5,False
ORD103382,2025-02-20,CUST00009,new,55+,social_media,mobile,sports,29.73,0,1,29.73,6,5,False
ORD104660,2025-02-20,CUST03068,new,35-44,social_media,mobile,home,98.95,5,2,188.0,4,5,False
ORD104848,2025-02-20,CUST00717,new,35-44,referral,mobile,beauty,26.31,10,1,23.68,4,5,False
ORD101042,2025-02-20,CUST01359,returning,18-24,social_media,desktop,home,96.29,20,1,77.03,6,4,False
ORD103943,2025-02-20,CUST02731,new,45-54,social_media,desktop,electronics,134.91,15,1,114.67,6,5,False
ORD103256,2025-02-20,CUST01948,returning,55+,organic,mobile,clothing,55.8,10,2,100.44,5,4,False
ORD103375,2025-02-20,CUST00628,new,25-34,organic,mobile,electronics,148.53,0,2,297.06,5,5,False
ORD103535,2025-02-20,CUST01188,returning,25-34,email,desktop,home,75.64,0,1,75.64,3,5,False
ORD101828,2025-02-20,CUST01377,returning,25-34,social_media,desktop,beauty,91.11,30,2,127.55,3,5,False
ORD103508,2025-02-20,CUST00101,new,35-44,organic,mobile,clothing,103.5,20,1,82.8,6,5,False
ORD100085,2025-02-20,CUST01162,new,45-54,email,desktop,electronics,182.0,5,1,172.9,13,4,False
ORD100108,2025-02-20,CUST01695,returning,35-44,organic,mobile,home,50.1,0,1,50.1,3,5,False
ORD103297,2025-02-20,CUST02163,new,55+,search_ads,mobile,electronics,143.09,0,2,286.18,4,5,True
ORD102801,2025-02-20,CUST00089,new,55+,organic,mobile,home,154.47,15,2,262.6,6,4,False
ORD104113,2025-02-20,CUST02276,returning,25-34,email,mobile,beauty,48.77,0,1,48.77,4,5,False
ORD105059,2025-02-20,CUST01618,new,35-44,search_ads,mobile,sports,66.56,0,1,66.56,5,5,False
ORD104601,2025-02-20,CUST00592,returning,18-24,organic,mobile,beauty,18.68,30,2,26.15,5,4,False
ORD102045,2025-02-20,CUST01265,returning,35-44,organic,mobile,electronics,91.14,0,2,182.28,5,5,False
ORD101578,2025-02-20,CUST02082,returning,18-24,referral,desktop,electronics,116.93,10,1,105.24,3,5,True
ORD102063,2025-02-20,CUST01344,returning,45-54,organic,mobile,home,42.84,10,3,115.67,3,5,False
ORD103559,2025-02-20,CUST00139,new,25-34,social_media,mobile,beauty,64.5,20,2,103.2,2,5,False
ORD100559,2025-02-20,CUST02859,returning,25-34,referral,mobile,electronics,191.66,0,1,191.66,8,5,False
ORD104350,2025-02-20,CUST01343,new,25-34,social_media,mobile,electronics,109.57,5,1,104.09,10,5,False
ORD101941,2025-02-20,CUST01124,new,45-54,social_media,mobile,clothing,21.31,0,1,21.31,7,4,False
ORD100210,2025-02-20,CUST00804,new,25-34,social_media,mobile,beauty,58.08,0,2,116.16,4,5,True
ORD100920,2025-02-20,CUST02163,returning,25-34,referral,desktop,clothing,87.73,0,2,175.46,6,5,False
ORD102722,2025-02-20,CUST00276,new,18-24,organic,mobile,beauty,40.08,15,1,34.07,3,5,False
ORD104315,2025-02-20,CUST00614,new,35-44,social_media,mobile,sports,84.79,5,1,80.55,4,4,False
ORD101358,2025-02-20,CUST01506,returning,35-44,organic,mobile,clothing,68.61,15,2,116.64,9,4,False
ORD104412,2025-02-20,CUST01572,new,35-44,organic,mobile,sports,113.52,10,3,306.5,3,5,False
ORD103933,2025-02-20,CUST01342,returning,25-34,organic,mobile,electronics,126.25,10,3,340.88,6,5,False
ORD100343,2025-02-20,CUST00987,new,55+,search_ads,mobile,electronics,114.12,30,2,159.77,6,4,True
ORD102054,2025-02-20,CUST01558,returning,18-24,search_ads,mobile,beauty,36.22,0,1,36.22,3,5,False
ORD102929,2025-02-20,CUST02321,returning,35-44,referral,desktop,sports,64.42,0,2,128.84,4,5,False
ORD101700,2025-02-20,CUST02620,new,45-54,referral,mobile,clothing,62.19,10,2,111.94,3,5,True
ORD100015,2025-02-20,CUST02501,new,25-34,search_ads,desktop,sports,45.02,20,2,72.03,6,5,False
ORD103992,2025-02-20,CUST02730,new,45-54,email,desktop,beauty,21.8,5,1,20.71,4,5,False
ORD101191,2025-02-20,CUST03059,new,25-34,email,desktop,sports,43.94,0,1,43.94,6,5,False
ORD101453,2025-02-20,CUST02013,new,18-24,social_media,mobile,beauty,20.81,15,1,17.69,6,5,False
ORD103161,2025-02-20,CUST01178,new,35-44,social_media,mobile,home,29.03,15,3,74.03,10,4,False
ORD102439,2025-02-20,CUST02309,new,35-44,email,mobile,sports,71.65,20,3,171.96,2,5,False
ORD101069,2025-02-20,CUST03024,returning,45-54,organic,mobile,clothing,52.39,20,1,41.91,5,5,False
ORD102411,2025-02-21,CUST02710,returning,45-54,referral,mobile,beauty,8.17,10,3,22.06,5,5,False
ORD101155,2025-02-21,CUST03002,new,35-44,search_ads,mobile,beauty,18.83,15,1,16.01,8,5,False
ORD104799,2025-02-21,CUST00669,returning,18-24,organic,mobile,electronics,175.73,30,1,123.01,12,4,False
ORD102283,2025-02-21,CUST01691,returning,35-44,email,mobile,clothing,25.82,0,2,51.64,2,5,False
ORD102674,2025-02-21,CUST01853,returning,35-44,organic,mobile,beauty,30.88,30,2,43.23,8,4,False
ORD102468,2025-02-21,CUST01012,new,18-24,organic,desktop,electronics,60.88,0,2,121.76,9,4,False
ORD100787,2025-02-21,CUST02418,returning,25-34,search_ads,desktop,home,115.35,20,1,92.28,2,5,False
ORD103734,2025-02-21,CUST02144,new,25-34,search_ads,desktop,clothing,64.44,20,1,51.55,5,5,False
ORD102677,2025-02-21,CUST01388,returning,35-44,search_ads,mobile,clothing,57.41,10,3,155.01,3,5,False
ORD102679,2025-02-21,CUST00706,returning,18-24,organic,mobile,clothing,21.47,20,2,34.35,3,5,True
ORD100850,2025-02-21,CUST01400,new,45-54,organic,desktop,electronics,140.85,15,1,119.72,6,5,False
ORD100296,2025-02-21,CUST01832,new,25-34,email,mobile,sports,53.03,0,1,53.03,8,3,False
ORD101943,2025-02-21,CUST01299,returning,35-44,organic,desktop,clothing,19.81,0,1,19.81,5,5,False
ORD104362,2025-02-21,CUST01746,returning,35-44,referral,mobile,beauty,56.51,10,1,50.86,11,4,False
ORD101675,2025-02-21,CUST02052,returning,25-34,social_media,mobile,clothing,32.15,0,1,32.15,7,3,False
ORD104428,2025-02-21,CUST00951,new,55+,organic,mobile,electronics,95.35,10,2,171.63,5,5,False
ORD104998,2025-02-21,CUST00926,returning,25-34,organic,desktop,beauty,49.76,0,3,149.28,8,5,False
ORD103177,2025-02-21,CUST00841,returning,35-44,search_ads,mobile,electronics,114.15,15,1,97.03,4,5,False
ORD104882,2025-02-21,CUST02608,new,35-44,email,desktop,electronics,111.87,0,2,223.74,8,5,True
ORD104290,2025-02-21,CUST00654,returning,25-34,social_media,desktop,sports,24.89,5,2,47.29,5,4,False
ORD102397,2025-02-21,CUST01997,new,25-34,email,mobile,sports,73.56,10,1,66.2,2,5,False
ORD101258,2025-02-21,CUST02139,returning,55+,search_ads,mobile,beauty,25.63,10,1,23.07,1,5,False
ORD102607,2025-02-21,CUST00523,returning,18-24,organic,desktop,home,30.57,0,1,30.57,4,5,False
ORD104522,2025-02-21,CUST02129,returning,35-44,search_ads,mobile,sports,28.75,15,2,48.88,4,5,False
ORD101710,2025-02-21,CUST00901,new,45-54,organic,mobile,electronics,129.22,5,2,245.52,5,5,False
ORD102262,2025-02-21,CUST01510,returning,35-44,search_ads,desktop,beauty,24.0,30,2,33.6,4,5,False
ORD104393,2025-02-21,CUST01546,new,45-54,social_media,desktop,home,23.23,0,1,23.23,2,5,False
ORD102854,2025-02-21,CUST00727,returning,25-34,social_media,mobile,beauty,9.06,10,1,8.15,3,5,False
ORD104391,2025-02-21,CUST01782,new,25-34,social_media,mobile,clothing,57.21,5,1,54.35,6,5,False
ORD101521,2025-02-21,CUST02024,new,55+,social_media,mobile,home,44.38,0,1,44.38,5,5,False
ORD102569,2025-02-21,CUST02660,new,45-54,organic,desktop,clothing,82.02,15,1,69.72,4,5,False
ORD104100,2025-02-21,CUST02522,new,35-44,referral,mobile,beauty,45.62,0,1,45.62,9,5,False
ORD104606,2025-02-21,CUST00756,new,18-24,social_media,mobile,home,108.1,10,2,194.58,5,5,False
ORD100481,2025-02-21,CUST00213,new,35-44,social_media,mobile,home,116.24,0,1,116.24,3,5,False
ORD103265,2025-02-21,CUST00523,returning,25-34,organic,mobile,sports,35.74,0,1,35.74,4,5,False
ORD102973,2025-02-22,CUST01827,new,35-44,organic,desktop,clothing,86.59,10,1,77.93,3,5,False
ORD104688,2025-02-22,CUST02213,new,45-54,search_ads,mobile,sports,46.97,0,2,93.94,4,5,False
ORD103761,2025-02-22,CUST01694,new,45-54,organic,mobile,electronics,150.64,0,2,301.28,7,4,False
ORD102728,2025-02-22,CUST00948,returning,18-24,social_media,desktop,clothing,52.32,10,1,47.09,5,5,False
ORD104704,2025-02-22,CUST00449,new,25-34,organic,mobile,beauty,39.49,5,1,37.52,3,5,False
ORD104283,2025-02-22,CUST02460,returning,18-24,search_ads,desktop,electronics,235.13,20,1,188.1,8,3,False
ORD102723,2025-02-22,CUST00513,new,18-24,email,desktop,clothing,45.67,0,1,45.67,4,5,False
ORD103794,2025-02-22,CUST02968,returning,35-44,social_media,mobile,sports,71.0,5,1,67.45,4,5,False
ORD103052,2025-02-22,CUST01943,new,25-34,organic,mobile,clothing,47.27,15,3,120.54,7,3,False
ORD103463,2025-02-22,CUST03074,returning,35-44,social_media,mobile,electronics,84.71,0,1,84.71,8,5,False
ORD102118,2025-02-22,CUST00222,new,35-44,organic,desktop,beauty,17.5,0,1,17.5,4,5,True
ORD101579,2025-02-22,CUST00478,returning,25-34,search_ads,mobile,electronics,195.37,15,1,166.06,5,5,False
ORD102107,2025-02-22,CUST02800,new,35-44,social_media,mobile,beauty,39.61,0,1,39.61,8,5,False
ORD100738,2025-02-22,CUST00641,returning,25-34,organic,mobile,beauty,86.69,0,1,86.69,3,5,False
ORD103622,2025-02-22,CUST02857,returning,35-44,email,desktop,electronics,227.55,10,1,204.8,6,5,False
ORD104079,2025-02-22,CUST00020,returning,25-34,referral,mobile,beauty,26.88,0,1,26.88,6,5,False
ORD104129,2025-02-22,CUST02909,new,35-44,social_media,desktop,beauty,41.13,10,2,74.03,5,5,False
ORD104624,2025-02-22,CUST00381,new,25-34,referral,mobile,electronics,184.91,10,1,166.42,4,5,False
ORD101946,2025-02-22,CUST00980,new,25-34,social_media,mobile,sports,51.32,0,2,102.64,4,4,False
ORD101456,2025-02-22,CUST02625,new,25-34,social_media,desktop,home,36.58,0,1,36.58,13,5,False
ORD100367,2025-02-22,CUST02691,new,25-34,organic,mobile,beauty,6.25,10,2,11.25,3,5,False
ORD102770,2025-02-22,CUST00403,new,45-54,organic,mobile,clothing,27.32,20,1,21.86,6,4,True
ORD103645,2025-02-22,CUST02386,new,25-34,social_media,desktop,electronics,102.9,30,1,72.03,5,5,True
ORD104529,2025-02-22,CUST02029,returning,25-34,organic,mobile,clothing,52.71,20,2,84.34,3,5,False
ORD101230,2025-02-22,CUST00904,new,25-34,organic,desktop,clothing,130.73,0,3,392.19,3,5,False
ORD100633,2025-02-22,CUST01953,returning,45-54,social_media,mobile,electronics,135.94,0,1,135.94,9,5,False
ORD103705,2025-02-22,CUST01027,returning,18-24,organic,mobile,clothing,89.96,10,1,80.96,6,5,False
ORD103223,2025-02-22,CUST01354,returning,18-24,organic,mobile,electronics,100.89,15,3,257.27,6,5,False
ORD102159,2025-02-22,CUST03091,returning,25-34,search_ads,mobile,electronics,51.27,0,1,51.27,7,5,False
ORD103768,2025-02-22,CUST00076,new,25-34,referral,mobile,sports,42.1,20,3,101.04,3,4,False
ORD101819,2025-02-22,CUST01837,returning,35-44,social_media,mobile,beauty,39.46,0,3,118.38,3,4,False
ORD105088,2025-02-22,CUST02076,returning,45-54,email,mobile,clothing,83.41,0,2,166.82,6,4,False
ORD100265,2025-02-22,CUST03032,new,45-54,social_media,desktop,beauty,77.52,5,3,220.93,3,4,False
ORD104841,2025-02-22,CUST01111,new,35-44,social_media,mobile,electronics,200.31,15,1,170.26,6,5,False
ORD101672,2025-02-22,CUST01148,returning,35-44,search_ads,desktop,home,66.35,10,1,59.72,9,5,False
ORD100034,2025-02-22,CUST01625,new,35-44,social_media,desktop,clothing,89.63,0,1,89.63,3,5,False
ORD104639,2025-02-23,CUST00407,new,25-34,organic,desktop,sports,99.21,0,2,198.42,7,5,False
ORD104433,2025-02-23,CUST02871,returning,18-24,email,desktop,electronics,159.45,20,1,127.56,3,4,False
ORD100860,2025-02-23,CUST02442,new,55+,organic,desktop,electronics,326.03,0,1,326.03,5,5,True
ORD104320,2025-02-23,CUST00719,new,35-44,social_media,mobile,clothing,66.84,20,2,106.94,6,5,False
ORD101268,2025-02-23,CUST00869,new,25-34,email,desktop,electronics,210.31,20,1,168.25,5,5,False
ORD102386,2025-02-23,CUST00265,new,25-34,referral,mobile,electronics,155.01,15,3,395.28,10,5,False
ORD101856,2025-02-23,CUST01593,returning,45-54,email,desktop,beauty,60.0,5,3,171.0,2,5,False
ORD101029,2025-02-23,CUST01606,new,25-34,organic,mobile,home,53.39,5,3,152.16,5,5,False
ORD100691,2025-02-23,CUST01489,new,25-34,organic,desktop,electronics,183.94,5,2,349.49,7,5,False
ORD102162,2025-02-23,CUST01601,returning,25-34,social_media,desktop,home,225.79,15,1,191.92,4,5,False
ORD104674,2025-02-23,CUST00636,new,18-24,organic,mobile,clothing,38.35,10,1,34.52,10,5,False
ORD101889,2025-02-23,CUST02482,returning,18-24,email,desktop,home,149.17,10,2,268.51,4,5,False
ORD103456,2025-02-23,CUST00738,new,45-54,email,desktop,electronics,336.44,30,1,235.51,5,4,False
ORD103234,2025-02-23,CUST00557,new,35-44,search_ads,desktop,clothing,66.2,10,1,59.58,6,5,False
ORD100541,2025-02-23,CUST00267,returning,25-34,search_ads,mobile,electronics,259.7,0,2,519.4,6,4,False
ORD105109,2025-02-23,CUST00788,returning,25-34,social_media,desktop,home,166.87,10,2,300.37,3,5,False
ORD100356,2025-02-23,CUST01788,new,25-34,social_media,desktop,electronics,197.42,30,1,138.19,5,4,False
ORD105048,2025-02-23,CUST01599,new,18-24,social_media,desktop,clothing,38.08,0,3,114.24,5,5,False
ORD104948,2025-02-23,CUST01168,returning,35-44,organic,mobile,beauty,18.41,5,1,17.49,6,4,False
ORD105100,2025-02-23,CUST02757,returning,35-44,organic,mobile,electronics,207.66,20,3,498.38,8,3,False
ORD104758,2025-02-23,CUST02445,new,35-44,email,mobile,sports,54.44,0,3,163.32,3,5,False
ORD100454,2025-02-23,CUST01067,returning,25-34,referral,desktop,electronics,189.17,0,1,189.17,7,4,False
ORD101726,2025-02-23,CUST01328,returning,35-44,organic,mobile,sports,53.73,0,1,53.73,7,4,False
ORD104302,2025-02-23,CUST00867,new,45-54,organic,desktop,home,148.52,0,1,148.52,5,4,False
ORD101394,2025-02-23,CUST02487,new,35-44,organic,mobile,clothing,33.98,10,1,30.58,4,4,False
ORD104866,2025-02-23,CUST02553,returning,25-34,organic,mobile,beauty,34.61,5,3,98.64,7,3,False
ORD103181,2025-02-23,CUST01604,returning,45-54,email,mobile,electronics,141.7,0,2,283.4,7,4,False
ORD102224,2025-02-23,CUST00016,returning,25-34,email,mobile,beauty,10.06,15,3,25.65,4,4,False
ORD101641,2025-02-23,CUST01326,returning,25-34,email,mobile,electronics,196.74,20,2,314.78,6,5,False
ORD102400,2025-02-23,CUST02931,new,18-24,social_media,mobile,clothing,87.55,0,1,87.55,4,5,False
ORD101173,2025-02-23,CUST02916,returning,45-54,search_ads,mobile,beauty,21.45,10,1,19.3,3,5,False
ORD102050,2025-02-23,CUST02957,returning,25-34,organic,desktop,clothing,74.99,5,2,142.48,5,5,False
ORD105124,2025-02-23,CUST03120,new,45-54,organic,desktop,clothing,41.4,0,1,41.4,8,4,False
ORD104497,2025-02-23,CUST00150,new,18-24,social_media,desktop,clothing,77.69,5,1,73.81,2,5,False
ORD102667,2025-02-23,CUST00412,new,25-34,organic,mobile,home,155.41,15,1,132.1,9,5,False
ORD101484,2025-02-23,CUST02003,returning,35-44,email,mobile,home,90.27,10,1,81.24,5,4,False
ORD101420,2025-02-23,CUST02007,returning,25-34,organic,mobile,sports,51.34,10,1,46.21,4,5,False
ORD100411,2025-02-24,CUST00413,returning,45-54,email,desktop,electronics,204.77,0,1,204.77,5,5,True
ORD102838,2025-02-24,CUST02426,new,35-44,referral,desktop,home,49.02,0,3,147.06,5,5,False
ORD101340,2025-02-24,CUST02629,new,25-34,referral,desktop,electronics,96.75,0,3,290.25,7,5,False
ORD103107,2025-02-24,CUST02997,returning,25-34,search_ads,mobile,sports,61.92,10,1,55.73,2,5,False
ORD101077,2025-02-24,CUST00688,returning,55+,social_media,mobile,clothing,67.2,0,1,67.2,1,5,False
ORD104613,2025-02-24,CUST02405,returning,55+,email,mobile,clothing,59.85,0,2,119.7,8,3,False
ORD100416,2025-02-24,CUST02194,returning,35-44,email,desktop,electronics,57.59,15,2,97.9,3,5,False
ORD101124,2025-02-24,CUST02748,returning,55+,email,mobile,electronics,208.01,0,3,624.03,9,3,False
ORD100736,2025-02-24,CUST03139,returning,18-24,referral,mobile,beauty,32.74,5,2,62.21,3,5,False
ORD104558,2025-02-24,CUST00278,new,35-44,email,mobile,electronics,236.15,0,2,472.3,6,5,False
ORD100710,2025-02-24,CUST03196,new,55+,organic,mobile,home,18.53,5,3,52.81,4,5,False
ORD101184,2025-02-24,CUST00676,new,55+,organic,mobile,beauty,50.29,30,2,70.41,4,5,False
ORD105083,2025-02-24,CUST02129,returning,35-44,social_media,mobile,sports,32.3,10,2,58.14,2,5,False
ORD102078,2025-02-24,CUST00890,returning,35-44,social_media,mobile,home,42.68,0,2,85.36,5,5,False
ORD104984,2025-02-24,CUST02667,returning,35-44,organic,mobile,clothing,17.77,20,2,28.43,4,5,False
ORD104447,2025-02-24,CUST00336,new,25-34,social_media,mobile,home,90.5,0,3,271.5,6,5,False
ORD100021,2025-02-24,CUST00730,returning,25-34,search_ads,mobile,clothing,97.49,20,1,77.99,2,4,False
ORD102718,2025-02-24,CUST02938,returning,25-34,search_ads,mobile,clothing,48.81,20,2,78.1,4,5,False
ORD101032,2025-02-24,CUST03136,new,45-54,social_media,desktop,beauty,35.17,5,3,100.23,3,5,False
ORD101218,2025-02-24,CUST01760,returning,25-34,referral,desktop,home,29.97,10,1,26.97,6,5,False
ORD100708,2025-02-24,CUST02550,new,25-34,social_media,mobile,electronics,83.43,15,3,212.75,6,5,True
ORD101787,2025-02-24,CUST01752,new,35-44,referral,mobile,clothing,21.97,10,3,59.32,2,5,False
ORD102012,2025-02-24,CUST01907,new,25-34,social_media,mobile,electronics,245.4,0,1,245.4,7,5,False
ORD102986,2025-02-24,CUST01506,returning,25-34,email,mobile,electronics,230.52,15,2,391.88,7,4,False
ORD104959,2025-02-24,CUST00573,returning,25-34,search_ads,desktop,home,96.8,30,2,135.52,5,5,False
ORD103001,2025-02-24,CUST02523,returning,35-44,social_media,desktop,clothing,27.43,10,1,24.69,4,5,False
ORD101506,2025-02-24,CUST00491,returning,25-34,social_media,desktop,clothing,32.18,15,3,82.06,7,5,False
ORD101211,2025-02-24,CUST00575,returning,18-24,organic,desktop,clothing,53.21,15,1,45.23,4,4,False
ORD103687,2025-02-24,CUST00548,new,35-44,organic,desktop,sports,63.1,5,1,59.94,5,5,False
ORD103698,2025-02-24,CUST00846,returning,18-24,social_media,desktop,home,63.18,5,1,60.02,8,4,False
ORD102395,2025-02-25,CUST00644,new,55+,search_ads,mobile,sports,57.04,20,2,91.26,4,5,False
ORD103082,2025-02-25,CUST01218,new,18-24,email,desktop,home,138.41,0,2,276.82,6,4,False
ORD102284,2025-02-25,CUST00415,returning,25-34,social_media,mobile,beauty,4.7,5,1,4.46,6,4,False
ORD103302,2025-02-25,CUST01851,returning,55+,search_ads,desktop,electronics,147.8,30,1,103.46,8,4,True
ORD105196,2025-02-25,CUST03079,new,35-44,search_ads,mobile,electronics,112.75,0,1,112.75,16,5,False
ORD101764,2025-02-25,CUST02670,new,35-44,social_media,mobile,electronics,106.64,10,1,95.98,4,5,False
ORD104094,2025-02-25,CUST00041,new,35-44,search_ads,mobile,electronics,318.17,15,2,540.89,9,5,False
ORD104867,2025-02-25,CUST01842,new,35-44,search_ads,desktop,clothing,43.76,30,3,91.9,6,5,False
ORD102352,2025-02-25,CUST02478,new,25-34,search_ads,desktop,clothing,45.88,15,2,78.0,6,5,False
ORD101465,2025-02-25,CUST00957,new,18-24,social_media,mobile,electronics,151.22,15,1,128.54,4,5,True
ORD100491,2025-02-25,CUST00186,new,25-34,organic,desktop,sports,61.93,5,2,117.67,4,5,False
ORD103959,2025-02-25,CUST00489,returning,35-44,organic,desktop,home,80.35,15,3,204.89,5,5,False
ORD101769,2025-02-25,CUST03141,new,25-34,search_ads,mobile,clothing,43.6,10,2,78.48,4,5,False
ORD104846,2025-02-25,CUST01228,returning,45-54,social_media,mobile,electronics,161.3,20,2,258.08,7,5,False
ORD100514,2025-02-25,CUST00484,returning,25-34,social_media,mobile,electronics,137.82,20,1,110.26,8,4,False
ORD100533,2025-02-25,CUST00979,new,35-44,organic,mobile,home,36.98,0,1,36.98,5,5,False
ORD101147,2025-02-25,CUST01905,returning,45-54,organic,desktop,electronics,108.12,5,1,102.71,9,4,True
ORD104052,2025-02-25,CUST00008,returning,45-54,referral,desktop,clothing,62.74,5,1,59.6,5,5,False
ORD101516,2025-02-25,CUST01255,new,35-44,organic,desktop,home,127.89,15,3,326.12,9,3,False
ORD103325,2025-02-25,CUST00673,returning,35-44,referral,desktop,sports,79.62,10,2,143.32,3,4,False
ORD104588,2025-02-25,CUST01876,returning,25-34,search_ads,mobile,beauty,38.76,10,1,34.88,5,5,False
ORD101525,2025-02-25,CUST02464,returning,25-34,social_media,desktop,home,154.11,0,2,308.22,6,5,False
ORD101844,2025-02-25,CUST03041,new,55+,search_ads,desktop,sports,83.64,10,2,150.55,9,3,False
ORD104794,2025-02-25,CUST03091,new,45-54,organic,desktop,home,127.8,30,1,89.46,5,5,False
ORD103148,2025-02-25,CUST02237,returning,25-34,email,mobile,home,95.47,5,1,90.7,7,5,False
ORD103087,2025-02-25,CUST01947,returning,18-24,referral,mobile,clothing,75.22,10,1,67.7,4,5,False
ORD102696,2025-02-25,CUST02651,new,25-34,referral,desktop,sports,37.81,10,1,34.03,4,5,False
ORD100314,2025-02-25,CUST02079,returning,45-54,organic,mobile,beauty,27.81,0,1,27.81,5,3,False
ORD101704,2025-02-25,CUST01300,new,45-54,organic,desktop,home,47.0,20,1,37.6,6,4,False
ORD100635,2025-02-25,CUST00839,returning,25-34,email,desktop,clothing,76.39,5,3,217.71,3,5,False
ORD102139,2025-02-25,CUST02981,new,35-44,organic,mobile,electronics,178.44,0,2,356.88,8,3,False
ORD104719,2025-02-25,CUST02814,returning,25-34,organic,mobile,electronics,22.91,20,1,18.33,13,5,False
ORD101616,2025-02-25,CUST02607,new,18-24,email,mobile,clothing,22.34,0,2,44.68,9,4,True
ORD101890,2025-02-25,CUST03116,returning,55+,organic,desktop,electronics,330.22,10,1,297.2,4,5,False
ORD101591,2025-02-25,CUST02584,new,55+,search_ads,mobile,electronics,85.21,15,3,217.29,7,3,False
ORD100677,2025-02-25,CUST00070,returning,25-34,organic,mobile,clothing,31.26,10,3,84.4,3,5,False
ORD104683,2025-02-25,CUST00933,new,25-34,search_ads,mobile,clothing,23.9,20,2,38.24,6,5,False
ORD102546,2025-02-25,CUST03115,new,18-24,search_ads,desktop,electronics,168.77,10,2,303.79,3,5,False
ORD101776,2025-02-25,CUST00028,new,25-34,social_media,mobile,clothing,16.67,0,1,16.67,4,5,False
ORD104136,2025-02-25,CUST00385,new,45-54,organic,desktop,home,56.05,5,1,53.25,2,5,False
ORD102091,2025-02-25,CUST01837,returning,25-34,social_media,mobile,beauty,20.5,10,2,36.9,3,4,False
ORD101276,2025-02-26,CUST02784,new,45-54,email,desktop,beauty,34.02,10,2,61.24,6,5,False
ORD100242,2025-02-26,CUST00274,new,55+,social_media,desktop,clothing,13.12,10,1,11.81,5,5,False
ORD102841,2025-02-26,CUST02297,returning,25-34,search_ads,mobile,beauty,13.13,0,2,26.26,3,5,False
ORD104849,2025-02-26,CUST01360,new,45-54,organic,mobile,clothing,51.73,10,1,46.56,6,5,False
ORD103046,2025-02-26,CUST00533,returning,18-24,email,mobile,clothing,50.92,0,2,101.84,6,4,False
ORD103157,2025-02-26,CUST02635,returning,45-54,social_media,desktop,sports,44.35,0,2,88.7,5,4,False
ORD103156,2025-02-26,CUST02731,returning,55+,referral,mobile,clothing,19.53,15,1,16.6,2,4,False
ORD100420,2025-02-26,CUST01230,new,18-24,referral,desktop,sports,70.04,0,2,140.08,4,4,False
ORD100444,2025-02-26,CUST01927,new,18-24,social_media,mobile,clothing,80.75,0,1,80.75,4,5,False
ORD104278,2025-02-26,CUST02464,returning,35-44,email,desktop,beauty,24.12,5,1,22.91,5,4,False
ORD104782,2025-02-26,CUST02355,new,55+,referral,desktop,home,73.78,10,1,66.4,8,5,True
ORD103034,2025-02-26,CUST02408,new,35-44,social_media,desktop,clothing,47.02,5,2,89.34,4,5,False
ORD102862,2025-02-26,CUST01637,returning,55+,search_ads,desktop,beauty,15.51,15,2,26.37,6,5,False
ORD101914,2025-02-26,CUST01608,new,55+,organic,mobile,beauty,31.89,10,3,86.1,7,5,False
ORD103673,2025-02-26,CUST02749,returning,55+,organic,mobile,electronics,60.38,20,3,144.91,6,5,False
ORD103282,2025-02-26,CUST01087,new,18-24,search_ads,mobile,beauty,17.27,0,2,34.54,5,4,False
ORD100393,2025-02-26,CUST01542,returning,18-24,social_media,mobile,beauty,19.63,0,3,58.89,5,5,False
ORD101791,2025-02-26,CUST02308,returning,55+,organic,desktop,beauty,10.15,0,2,20.3,4,5,False
ORD100927,2025-02-26,CUST01809,returning,25-34,social_media,mobile,beauty,51.27,20,2,82.03,2,5,True
ORD104599,2025-02-26,CUST03011,new,35-44,social_media,mobile,home,99.18,10,2,178.52,7,3,False
ORD103553,2025-02-26,CUST02559,new,35-44,social_media,desktop,beauty,19.37,15,1,16.46,6,5,False
ORD105114,2025-02-26,CUST01291,new,25-34,social_media,mobile,electronics,195.7,5,1,185.92,7,5,False
ORD101747,2025-02-26,CUST01122,new,45-54,search_ads,desktop,home,130.94,30,1,91.66,5,4,False
ORD102326,2025-02-26,CUST01272,new,55+,organic,mobile,beauty,7.81,30,3,16.4,6,5,False
ORD104809,2025-02-26,CUST01585,returning,55+,social_media,mobile,clothing,82.95,0,3,248.85,4,5,False
ORD103505,2025-02-26,CUST00886,returning,18-24,social_media,mobile,sports,95.89,5,1,91.1,6,5,False
ORD104241,2025-02-26,CUST00219,returning,25-34,organic,desktop,home,116.51,0,1,116.51,4,5,False
ORD103317,2025-02-26,CUST02565,new,55+,email,mobile,clothing,69.99,15,2,118.98,2,5,False
ORD101386,2025-02-26,CUST01647,new,55+,organic,desktop,electronics,68.15,5,2,129.49,6,5,False
ORD104487,2025-02-26,CUST01314,returning,35-44,referral,mobile,beauty,28.23,10,2,50.81,3,5,False
ORD105057,2025-02-27,CUST01878,returning,45-54,referral,mobile,clothing,27.71,0,3,83.13,8,4,False
ORD102380,2025-02-27,CUST03164,new,25-34,social_media,mobile,beauty,7.06,0,1,7.06,4,4,False
ORD104574,2025-02-27,CUST01392,returning,18-24,referral,mobile,clothing,52.15,0,3,156.45,6,5,False
ORD100732,2025-02-27,CUST02232,returning,45-54,referral,mobile,home,55.92,5,1,53.12,5,5,False
ORD102894,2025-02-27,CUST01735,returning,35-44,organic,mobile,beauty,20.11,0,2,40.22,6,5,False
ORD102360,2025-02-27,CUST00759,returning,25-34,search_ads,mobile,electronics,75.49,15,2,128.33,7,5,True
ORD103921,2025-02-27,CUST01366,new,25-34,search_ads,mobile,clothing,95.83,0,2,191.66,6,5,False
ORD101964,2025-02-27,CUST03188,new,35-44,social_media,mobile,beauty,52.54,0,2,105.08,5,5,False
ORD100294,2025-02-27,CUST00059,new,25-34,search_ads,mobile,sports,94.75,20,1,75.8,5,5,False
ORD101842,2025-02-27,CUST01628,new,25-34,organic,desktop,electronics,154.04,0,3,462.12,10,5,False
ORD100611,2025-02-27,CUST02080,new,35-44,search_ads,desktop,home,134.61,30,3,282.68,8,4,False
ORD104482,2025-02-27,CUST01992,returning,55+,search_ads,mobile,clothing,66.4,20,2,106.24,5,5,False
ORD101200,2025-02-27,CUST00171,new,55+,email,mobile,clothing,18.94,0,2,37.88,5,5,False
ORD104581,2025-02-27,CUST00511,new,25-34,referral,desktop,electronics,220.14,30,1,154.1,10,5,False
ORD103237,2025-02-27,CUST02429,new,25-34,organic,mobile,sports,26.87,5,1,25.53,7,4,True
ORD102295,2025-02-27,CUST00513,new,45-54,search_ads,mobile,home,84.01,10,1,75.61,6,5,False
ORD100878,2025-02-27,CUST01105,returning,18-24,search_ads,desktop,clothing,132.03,10,3,356.48,5,4,False
ORD100077,2025-02-27,CUST01205,new,25-34,social_media,mobile,home,45.59,5,2,86.62,3,4,False
ORD101054,2025-02-27,CUST01237,new,35-44,email,desktop,electronics,140.41,15,2,238.7,13,3,False
ORD104768,2025-02-27,CUST00284,new,55+,email,mobile,sports,98.19,0,1,98.19,9,4,False
ORD104401,2025-02-27,CUST02940,returning,25-34,organic,mobile,clothing,22.88,5,2,43.47,5,5,False
ORD100504,2025-02-27,CUST01559,new,25-34,organic,desktop,clothing,62.0,5,2,117.8,4,5,False
ORD101862,2025-02-27,CUST01505,new,35-44,organic,mobile,sports,36.97,0,2,73.94,5,4,False
ORD102824,2025-02-27,CUST02806,new,18-24,search_ads,mobile,electronics,73.16,15,3,186.56,7,3,False
ORD103892,2025-02-27,CUST02629,returning,25-34,search_ads,mobile,home,159.85,20,1,127.88,7,5,True
ORD104534,2025-02-27,CUST00955,new,25-34,social_media,mobile,beauty,33.55,0,2,67.1,6,5,False
ORD100291,2025-02-27,CUST01317,returning,35-44,social_media,mobile,home,175.35,0,2,350.7,4,5,False
ORD104343,2025-02-27,CUST00639,new,25-34,search_ads,mobile,home,104.07,10,3,280.99,7,4,False
ORD104042,2025-02-28,CUST00229,returning,45-54,organic,desktop,home,209.63,0,2,419.26,3,5,False
ORD102420,2025-02-28,CUST00031,new,35-44,social_media,mobile,home,22.76,20,3,54.62,9,4,False
ORD100833,2025-02-28,CUST01556,returning,45-54,referral,mobile,beauty,26.53,30,2,37.14,3,5,False
ORD100971,2025-02-28,CUST00914,returning,35-44,social_media,desktop,home,104.01,0,1,104.01,3,5,False
ORD105105,2025-02-28,CUST00549,new,25-34,organic,mobile,clothing,106.4,10,1,95.76,4,5,False
ORD101280,2025-02-28,CUST00427,new,45-54,social_media,desktop,clothing,61.7,15,1,52.44,7,4,False
ORD101088,2025-02-28,CUST01578,new,55+,email,mobile,electronics,148.66,10,2,267.59,3,5,False
ORD104855,2025-02-28,CUST00188,new,18-24,social_media,desktop,beauty,49.41,10,1,44.47,4,4,True
ORD103853,2025-02-28,CUST01157,new,35-44,social_media,desktop,clothing,77.83,10,3,210.14,3,5,False
ORD103741,2025-02-28,CUST01908,new,55+,organic,desktop,beauty,43.13,0,1,43.13,4,5,False
ORD104316,2025-02-28,CUST00087,new,18-24,social_media,mobile,electronics,190.36,5,2,361.68,6,5,False
ORD102216,2025-02-28,CUST00251,new,55+,social_media,desktop,clothing,22.46,30,1,15.72,4,5,False
ORD103551,2025-02-28,CUST03108,new,45-54,referral,mobile,beauty,12.72,10,3,34.34,10,5,False
ORD103711,2025-02-28,CUST01563,new,18-24,search_ads,mobile,clothing,51.36,20,1,41.09,2,4,True
ORD100906,2025-02-28,CUST02489,returning,18-24,organic,mobile,clothing,43.08,0,1,43.08,6,5,False
ORD102476,2025-02-28,CUST00934,new,55+,organic,mobile,beauty,10.57,0,2,21.14,4,5,False
ORD104608,2025-02-28,CUST02953,returning,35-44,search_ads,desktop,clothing,69.21,20,1,55.37,3,5,False
ORD103331,2025-02-28,CUST02400,new,25-34,search_ads,desktop,electronics,201.86,15,2,343.16,5,5,False
ORD101081,2025-02-28,CUST00629,new,45-54,search_ads,desktop,clothing,41.68,15,1,35.43,7,3,False
ORD103310,2025-02-28,CUST01270,new,25-34,organic,mobile,beauty,7.55,0,1,7.55,4,5,False
ORD102166,2025-02-28,CUST01458,new,45-54,organic,mobile,electronics,121.1,10,2,217.98,9,5,False
ORD101513,2025-02-28,CUST02868,new,45-54,organic,mobile,electronics,49.54,0,1,49.54,10,4,False
ORD102128,2025-02-28,CUST01915,returning,35-44,search_ads,mobile,clothing,65.01,30,1,45.51,5,5,True
ORD103651,2025-02-28,CUST00488,returning,45-54,organic,mobile,electronics,151.83,0,2,303.66,9,4,True
ORD104559,2025-02-28,CUST02810,returning,18-24,referral,mobile,home,24.11,30,1,16.88,6,4,False
ORD104564,2025-02-28,CUST01307,returning,35-44,organic,desktop,beauty,35.81,15,1,30.44,6,5,False
ORD103886,2025-03-01,CUST01059,new,25-34,search_ads,desktop,beauty,26.51,0,1,26.51,4,5,False
ORD103802,2025-03-01,CUST01666,new,25-34,organic,mobile,electronics,89.52,15,2,152.18,6,5,False
ORD101705,2025-03-01,CUST00424,returning,55+,organic,desktop,beauty,60.17,20,1,48.14,6,5,False
ORD104662,2025-03-01,CUST02122,returning,45-54,search_ads,mobile,clothing,45.86,10,3,123.82,3,5,False
ORD102835,2025-03-01,CUST02994,new,18-24,organic,mobile,home,23.18,15,2,39.41,8,3,False
ORD104448,2025-03-01,CUST02508,returning,45-54,email,mobile,home,75.58,20,3,181.39,5,5,False
ORD103318,2025-03-01,CUST02445,new,45-54,social_media,mobile,sports,48.17,0,1,48.17,2,5,False
ORD102035,2025-03-01,CUST01051,returning,55+,organic,mobile,clothing,12.93,0,2,25.86,6,5,False
ORD102441,2025-03-01,CUST00266,returning,35-44,organic,mobile,beauty,54.82,10,2,98.68,3,5,False
ORD101299,2025-03-01,CUST02953,returning,35-44,social_media,mobile,clothing,39.01,0,2,78.02,5,4,False
ORD102140,2025-03-01,CUST02356,returning,35-44,organic,desktop,sports,41.83,15,1,35.56,5,5,False
ORD103070,2025-03-01,CUST01396,returning,25-34,search_ads,desktop,electronics,169.2,15,2,287.64,8,4,False
ORD104453,2025-03-01,CUST00673,returning,55+,referral,desktop,electronics,42.84,0,2,85.68,6,5,False
ORD104007,2025-03-01,CUST03192,returning,35-44,social_media,desktop,home,112.37,5,1,106.75,5,5,False
ORD105202,2025-03-01,CUST02951,returning,25-34,social_media,desktop,sports,62.01,15,1,52.71,6,5,False
ORD104137,2025-03-01,CUST01761,new,25-34,social_media,mobile,clothing,83.21,20,1,66.57,5,4,False
ORD103386,2025-03-01,CUST01465,new,45-54,referral,desktop,sports,127.32,0,1,127.32,10,5,False
ORD100599,2025-03-01,CUST00114,returning,55+,social_media,mobile,electronics,90.16,5,1,85.65,5,5,False
ORD104312,2025-03-01,CUST03102,new,18-24,referral,desktop,clothing,47.67,0,1,47.67,6,5,False
ORD101969,2025-03-01,CUST01754,returning,45-54,search_ads,desktop,clothing,56.86,20,1,45.49,3,5,False
ORD103754,2025-03-01,CUST01435,returning,35-44,organic,desktop,beauty,21.84,0,1,21.84,2,4,False
ORD101065,2025-03-01,CUST00150,new,18-24,social_media,mobile,home,101.17,0,3,303.51,3,5,False
ORD104411,2025-03-01,CUST00765,returning,25-34,search_ads,mobile,clothing,64.06,20,1,51.25,4,5,False
ORD100530,2025-03-01,CUST01549,new,25-34,social_media,mobile,clothing,114.93,20,3,275.83,7,4,False
ORD103101,2025-03-01,CUST02794,new,35-44,search_ads,mobile,electronics,98.39,20,2,157.42,7,4,False
ORD101493,2025-03-01,CUST02972,returning,45-54,social_media,desktop,beauty,20.6,10,2,37.08,4,5,False
ORD105174,2025-03-01,CUST00341,new,35-44,referral,mobile,home,53.93,0,1,53.93,3,5,False
ORD102869,2025-03-01,CUST01862,new,55+,email,mobile,electronics,301.08,20,1,240.86,6,5,False
ORD104406,2025-03-01,CUST01994,returning,35-44,organic,mobile,sports,70.97,5,1,67.42,8,4,False
ORD102634,2025-03-01,CUST03185,returning,35-44,organic,mobile,clothing,64.04,15,1,54.43,3,4,False
ORD104586,2025-03-01,CUST01032,returning,45-54,organic,desktop,sports,80.84,10,3,218.27,5,5,False
ORD101653,2025-03-01,CUST02932,new,35-44,search_ads,mobile,electronics,321.4,10,2,578.52,6,5,False
ORD104259,2025-03-01,CUST02127,returning,25-34,organic,mobile,electronics,132.96,10,2,239.33,5,4,False
ORD105106,2025-03-01,CUST01751,returning,35-44,search_ads,mobile,electronics,112.33,10,2,202.19,8,4,False
ORD102358,2025-03-01,CUST02039,new,35-44,organic,desktop,electronics,124.48,0,3,373.44,9,4,False
ORD103151,2025-03-01,CUST00513,new,25-34,social_media,mobile,beauty,48.72,20,3,116.93,4,5,False
ORD102081,2025-03-01,CUST00795,returning,55+,organic,desktop,home,116.63,0,1,116.63,5,5,False
ORD101319,2025-03-01,CUST02281,new,25-34,referral,mobile,electronics,103.68,5,2,196.99,7,5,True
ORD101765,2025-03-01,CUST00484,returning,25-34,social_media,desktop,clothing,86.48,0,2,172.96,8,4,False
ORD102120,2025-03-02,CUST00148,new,35-44,organic,mobile,clothing,34.31,5,2,65.19,5,4,False
ORD103012,2025-03-02,CUST00211,returning,18-24,organic,mobile,beauty,55.11,10,1,49.6,5,5,False
ORD101441,2025-03-02,CUST00471,returning,25-34,organic,desktop,clothing,44.74,10,2,80.53,5,5,False
ORD103098,2025-03-02,CUST01023,new,18-24,referral,mobile,home,117.68,15,3,300.08,6,4,False
ORD101729,2025-03-02,CUST01188,new,25-34,social_media,mobile,electronics,90.25,0,1,90.25,8,4,False
ORD101220,2025-03-02,CUST00500,returning,35-44,referral,mobile,home,123.64,10,1,111.28,7,4,False
ORD100489,2025-03-02,CUST01546,new,55+,search_ads,desktop,sports,40.34,20,1,32.27,5,5,False
ORD104284,2025-03-02,CUST01757,returning,25-34,organic,mobile,clothing,43.26,0,2,86.52,7,4,False
ORD104383,2025-03-02,CUST00598,new,25-34,search_ads,mobile,beauty,42.73,15,1,36.32,7,4,False
ORD100132,2025-03-02,CUST01549,returning,25-34,social_media,mobile,electronics,399.75,0,1,399.75,8,4,False
ORD101026,2025-03-02,CUST00398,returning,35-44,organic,mobile,clothing,89.22,0,1,89.22,4,4,False
ORD103160,2025-03-02,CUST01477,returning,18-24,referral,mobile,electronics,179.01,0,1,179.01,4,5,False
ORD100791,2025-03-02,CUST01946,returning,18-24,email,mobile,home,77.15,0,1,77.15,4,4,False
ORD103080,2025-03-02,CUST02200,returning,25-34,email,mobile,clothing,45.94,10,2,82.69,5,5,False
ORD103114,2025-03-02,CUST01456,new,45-54,email,desktop,clothing,26.92,0,2,53.84,5,4,False
ORD101955,2025-03-02,CUST02471,returning,18-24,social_media,mobile,electronics,81.01,0,1,81.01,9,5,False
ORD101503,2025-03-02,CUST02850,returning,45-54,organic,mobile,home,188.91,20,1,151.13,8,4,False
ORD105101,2025-03-02,CUST01525,returning,35-44,search_ads,mobile,clothing,41.98,30,1,29.39,8,4,False
ORD103907,2025-03-02,CUST00761,returning,45-54,organic,desktop,beauty,13.2,20,2,21.12,8,4,False
ORD102192,2025-03-02,CUST02608,returning,35-44,social_media,mobile,clothing,89.02,0,1,89.02,12,4,False
ORD100293,2025-03-02,CUST01724,returning,25-34,social_media,desktop,home,230.37,10,2,414.67,4,5,False
ORD100869,2025-03-02,CUST02560,new,55+,referral,mobile,electronics,165.17,5,1,156.91,11,5,True
ORD102733,2025-03-02,CUST01876,returning,45-54,email,mobile,beauty,70.63,0,1,70.63,6,5,False
ORD101071,2025-03-02,CUST00877,new,25-34,social_media,mobile,clothing,52.55,0,1,52.55,2,5,False
ORD104699,2025-03-02,CUST02381,new,25-34,email,mobile,electronics,169.76,15,1,144.3,7,4,False
ORD104776,2025-03-02,CUST02559,new,35-44,social_media,desktop,beauty,17.99,5,1,17.09,5,5,False
ORD101157,2025-03-02,CUST02412,new,25-34,email,mobile,sports,52.56,0,1,52.56,7,3,False
ORD101509,2025-03-02,CUST01435,returning,35-44,referral,mobile,home,61.35,5,2,116.56,8,5,True
ORD103837,2025-03-02,CUST01118,new,18-24,organic,desktop,clothing,56.86,5,2,108.03,5,4,False
ORD100122,2025-03-03,CUST01486,new,25-34,organic,mobile,clothing,86.6,30,1,60.62,7,3,True
ORD102321,2025-03-03,CUST02533,returning,45-54,social_media,desktop,electronics,34.52,0,1,34.52,8,5,False
ORD102238,2025-03-03,CUST01661,new,55+,social_media,mobile,beauty,27.16,0,1,27.16,3,5,False
ORD105112,2025-03-03,CUST00391,returning,25-34,organic,desktop,home,139.57,20,1,111.66,6,5,False
ORD100970,2025-03-03,CUST00158,new,35-44,organic,mobile,electronics,183.74,5,2,349.11,8,5,False
ORD104161,2025-03-03,CUST03028,new,18-24,social_media,desktop,beauty,20.95,10,1,18.86,2,4,False
ORD101423,2025-03-03,CUST02093,returning,55+,email,desktop,clothing,53.85,10,2,96.93,6,5,False
ORD103915,2025-03-03,CUST01900,returning,35-44,referral,desktop,electronics,173.53,15,1,147.5,8,4,False
ORD102266,2025-03-03,CUST02108,returning,25-34,social_media,desktop,beauty,20.06,0,2,40.12,7,3,False
ORD101793,2025-03-03,CUST02647,returning,45-54,social_media,mobile,electronics,112.42,15,2,191.11,10,5,False
ORD100841,2025-03-03,CUST02280,new,18-24,organic,desktop,electronics,435.75,0,1,435.75,5,5,False
ORD103462,2025-03-03,CUST02453,returning,18-24,search_ads,desktop,clothing,27.83,15,1,23.66,4,5,False
ORD100848,2025-03-03,CUST02627,new,35-44,social_media,mobile,clothing,15.98,0,1,15.98,7,5,True
ORD100036,2025-03-03,CUST01064,new,25-34,search_ads,desktop,clothing,83.23,30,2,116.52,3,5,False
ORD100364,2025-03-03,CUST01352,returning,18-24,email,mobile,sports,92.14,0,3,276.42,5,5,False
ORD101991,2025-03-03,CUST02334,returning,45-54,organic,desktop,sports,70.93,5,2,134.77,8,5,False
ORD102477,2025-03-03,CUST00228,returning,45-54,social_media,desktop,sports,34.63,15,2,58.87,4,4,False
ORD101171,2025-03-03,CUST01847,returning,45-54,search_ads,mobile,beauty,57.62,15,2,97.95,5,5,False
ORD100964,2025-03-03,CUST03056,returning,35-44,organic,mobile,home,62.91,20,1,50.33,4,5,False
ORD100492,2025-03-03,CUST02620,returning,35-44,social_media,mobile,sports,20.21,15,2,34.36,5,5,False
ORD101354,2025-03-03,CUST00608,new,55+,organic,desktop,clothing,54.75,10,2,98.55,5,5,False
ORD102149,2025-03-03,CUST01499,new,35-44,organic,mobile,home,28.68,0,1,28.68,2,4,False
ORD101235,2025-03-03,CUST00018,returning,25-34,social_media,mobile,clothing,62.59,0,2,125.18,2,5,False
ORD101709,2025-03-03,CUST00736,new,18-24,search_ads,mobile,home,241.96,20,2,387.14,5,5,False
ORD101846,2025-03-03,CUST01489,new,55+,search_ads,mobile,beauty,13.66,15,3,34.83,5,5,False
ORD100201,2025-03-03,CUST01803,returning,35-44,email,mobile,sports,86.55,10,1,77.9,10,5,False
ORD100083,2025-03-03,CUST01246,new,25-34,organic,desktop,clothing,43.4,10,2,78.12,8,4,False
ORD105046,2025-03-03,CUST00061,new,25-34,organic,desktop,clothing,59.86,0,1,59.86,5,5,False
ORD102559,2025-03-03,CUST00301,returning,55+,search_ads,mobile,clothing,28.65,20,3,68.76,7,5,False
ORD100391,2025-03-03,CUST01749,new,45-54,email,desktop,electronics,243.65,10,1,219.28,3,5,False
ORD104935,2025-03-03,CUST02537,returning,18-24,organic,desktop,clothing,50.64,0,3,151.92,4,4,False
ORD103262,2025-03-03,CUST00391,returning,25-34,social_media,mobile,clothing,13.31,0,2,26.62,5,3,False
ORD103100,2025-03-03,CUST00479,returning,35-44,social_media,mobile,beauty,32.23,30,1,22.56,5,4,False
ORD101092,2025-03-04,CUST00059,new,35-44,social_media,desktop,home,95.1,0,1,95.1,5,5,False
ORD102806,2025-03-04,CUST02036,returning,45-54,email,desktop,electronics,108.16,20,2,173.06,4,5,False
ORD105197,2025-03-04,CUST02397,new,45-54,email,desktop,home,25.9,10,2,46.62,8,4,False
ORD102390,2025-03-04,CUST02368,returning,35-44,social_media,mobile,clothing,24.61,0,3,73.83,4,4,False
ORD104397,2025-03-04,CUST02551,returning,55+,social_media,mobile,electronics,142.39,10,1,128.15,4,4,True
ORD100724,2025-03-04,CUST00768,new,35-44,social_media,desktop,beauty,25.21,10,3,68.07,6,4,False
ORD103235,2025-03-04,CUST02637,returning,25-34,email,mobile,sports,41.06,20,1,32.85,7,4,False
ORD100127,2025-03-04,CUST02563,new,18-24,email,mobile,beauty,48.45,0,1,48.45,5,5,False
ORD102763,2025-03-04,CUST02622,new,55+,search_ads,desktop,clothing,93.22,10,3,251.69,3,5,False
ORD104939,2025-03-04,CUST02590,returning,55+,organic,mobile,clothing,47.67,0,1,47.67,4,5,False
ORD100554,2025-03-04,CUST01792,new,55+,search_ads,mobile,clothing,34.02,30,1,23.81,5,5,False
ORD102282,2025-03-04,CUST00963,new,35-44,search_ads,mobile,electronics,221.02,20,3,530.45,6,5,False
ORD104648,2025-03-04,CUST02426,returning,25-34,referral,desktop,beauty,57.44,0,1,57.44,3,5,False
ORD105026,2025-03-04,CUST02553,new,25-34,organic,mobile,sports,59.33,0,1,59.33,4,5,False
ORD100199,2025-03-04,CUST02549,new,25-34,organic,mobile,clothing,54.33,5,1,51.61,3,5,False
ORD101137,2025-03-04,CUST01311,returning,25-34,social_media,mobile,electronics,131.6,0,3,394.8,9,4,True
ORD100713,2025-03-04,CUST00111,returning,55+,search_ads,mobile,clothing,24.17,15,1,20.54,3,5,False
ORD102428,2025-03-04,CUST01687,new,18-24,social_media,mobile,electronics,154.93,20,1,123.94,4,5,False
ORD103663,2025-03-04,CUST00907,returning,25-34,organic,desktop,home,215.57,0,2,431.14,6,5,False
ORD103639,2025-03-04,CUST00559,new,35-44,organic,desktop,clothing,70.42,20,2,112.67,6,5,False
ORD104196,2025-03-04,CUST01101,returning,35-44,search_ads,mobile,electronics,116.65,20,2,186.64,6,5,False
ORD100303,2025-03-04,CUST00271,new,25-34,search_ads,mobile,beauty,35.3,10,1,31.77,4,5,False
ORD102991,2025-03-04,CUST02097,new,18-24,organic,desktop,electronics,86.68,0,1,86.68,9,4,False
ORD103366,2025-03-04,CUST02110,new,25-34,social_media,mobile,electronics,102.73,5,1,97.59,4,5,False
ORD101664,2025-03-04,CUST02809,returning,35-44,email,mobile,electronics,58.55,5,3,166.87,5,5,False
ORD102204,2025-03-04,CUST02296,returning,25-34,social_media,mobile,beauty,17.65,0,1,17.65,4,5,False
ORD100232,2025-03-04,CUST01524,returning,35-44,social_media,desktop,beauty,28.18,15,1,23.95,4,5,False
ORD103173,2025-03-04,CUST03017,new,35-44,organic,mobile,clothing,34.28,30,1,24.0,5,5,True
ORD105200,2025-03-04,CUST01928,new,45-54,organic,desktop,beauty,48.67,10,2,87.61,4,5,False
ORD103567,2025-03-04,CUST01200,new,45-54,search_ads,desktop,sports,81.33,20,3,195.19,4,5,False
ORD104020,2025-03-04,CUST01384,returning,18-24,organic,mobile,beauty,38.43,5,2,73.02,8,4,False
ORD100638,2025-03-04,CUST00426,new,55+,organic,desktop,electronics,177.86,20,2,284.58,7,4,False
ORD103971,2025-03-04,CUST00147,returning,45-54,referral,desktop,sports,58.78,10,1,52.9,6,5,False
ORD104553,2025-03-04,CUST00696,returning,25-34,social_media,mobile,clothing,76.17,15,1,64.74,2,5,False
ORD102223,2025-03-04,CUST01184,new,45-54,search_ads,mobile,home,35.51,15,1,30.18,7,4,False
ORD102731,2025-03-04,CUST01035,returning,25-34,search_ads,mobile,home,63.28,15,1,53.79,11,5,False
ORD101445,2025-03-04,CUST02594,new,55+,search_ads,mobile,electronics,244.71,10,1,220.24,6,5,True
ORD100592,2025-03-05,CUST01344,new,25-34,email,desktop,electronics,197.33,10,3,532.79,9,4,False
ORD104741,2025-03-05,CUST01865,new,35-44,search_ads,desktop,electronics,318.45,0,3,955.35,7,3,False
ORD102486,2025-03-05,CUST03136,returning,35-44,organic,mobile,clothing,35.33,20,1,28.26,3,4,False
ORD103076,2025-03-05,CUST00208,new,55+,search_ads,desktop,clothing,67.12,10,1,60.41,6,5,True
ORD103695,2025-03-05,CUST00214,new,25-34,social_media,desktop,clothing,15.61,5,2,29.66,7,4,False
ORD101609,2025-03-05,CUST01427,new,18-24,organic,mobile,beauty,9.29,0,1,9.29,3,5,False
ORD101823,2025-03-05,CUST02182,returning,25-34,search_ads,desktop,electronics,70.31,0,1,70.31,10,4,False
ORD101990,2025-03-05,CUST00490,new,35-44,social_media,mobile,home,21.94,0,2,43.88,5,4,False
ORD104131,2025-03-05,CUST00943,new,45-54,organic,mobile,electronics,228.27,30,1,159.79,7,5,False
ORD102819,2025-03-05,CUST02147,returning,25-34,email,mobile,sports,48.42,15,2,82.31,8,5,False
ORD103990,2025-03-05,CUST00562,new,25-34,email,mobile,home,121.98,0,3,365.94,9,5,False
ORD102575,2025-03-05,CUST00257,returning,35-44,organic,desktop,clothing,62.74,15,3,159.99,3,5,False
ORD101455,2025-03-05,CUST01280,returning,45-54,referral,mobile,clothing,20.17,0,2,40.34,6,4,True
ORD102541,2025-03-05,CUST01043,returning,25-34,social_media,mobile,electronics,140.22,0,1,140.22,10,5,False
ORD100996,2025-03-05,CUST00281,returning,25-34,social_media,mobile,beauty,17.71,15,1,15.05,7,4,False
ORD100347,2025-03-05,CUST02827,returning,45-54,referral,desktop,clothing,105.49,5,1,100.22,2,4,False
ORD101213,2025-03-05,CUST03147,returning,35-44,social_media,desktop,sports,47.9,30,2,67.06,4,4,False
ORD104546,2025-03-05,CUST03049,new,35-44,referral,desktop,clothing,57.67,0,1,57.67,8,5,True
ORD102083,2025-03-05,CUST01801,returning,25-34,organic,mobile,home,69.26,0,2,138.52,4,5,False
ORD102461,2025-03-05,CUST01501,new,45-54,referral,mobile,home,33.53,0,1,33.53,9,5,False
ORD100680,2025-03-05,CUST01065,returning,45-54,social_media,mobile,clothing,66.34,20,1,53.07,5,4,False
ORD101959,2025-03-05,CUST02114,returning,18-24,organic,mobile,beauty,34.68,0,2,69.36,7,5,False
ORD103806,2025-03-05,CUST02433,new,18-24,search_ads,mobile,sports,147.25,20,2,235.6,6,5,False
ORD102902,2025-03-05,CUST02020,returning,35-44,search_ads,mobile,home,41.93,0,3,125.79,7,5,False
ORD104080,2025-03-05,CUST01684,new,35-44,social_media,desktop,beauty,15.64,0,2,31.28,6,4,False
ORD104081,2025-03-05,CUST03018,new,45-54,social_media,mobile,electronics,71.25,0,1,71.25,3,5,False
ORD104779,2025-03-05,CUST00567,new,35-44,organic,desktop,beauty,14.39,0,3,43.17,6,5,False
ORD104669,2025-03-05,CUST02717,returning,35-44,organic,mobile,electronics,260.5,10,2,468.9,6,5,False
ORD105073,2025-03-05,CUST02519,new,35-44,organic,desktop,clothing,90.2,0,2,180.4,5,5,False
ORD100517,2025-03-05,CUST00922,new,45-54,search_ads,mobile,sports,62.2,30,2,87.08,7,5,False
ORD104418,2025-03-05,CUST02012,new,45-54,email,mobile,clothing,27.5,0,2,55.0,5,5,False
ORD101604,2025-03-05,CUST01228,new,35-44,email,desktop,beauty,20.62,0,2,41.24,4,5,True
ORD102759,2025-03-05,CUST01109,returning,18-24,social_media,mobile,home,65.68,20,2,105.09,7,5,False
ORD100091,2025-03-05,CUST02812,returning,18-24,search_ads,mobile,clothing,19.52,20,2,31.23,3,5,False
ORD101952,2025-03-06,CUST00854,new,25-34,social_media,mobile,home,75.77,5,1,71.98,8,4,False
ORD104625,2025-03-06,CUST01350,new,18-24,social_media,desktop,home,127.38,0,1,127.38,5,5,False
ORD102246,2025-03-06,CUST01164,new,45-54,organic,mobile,clothing,29.67,5,2,56.37,4,4,False
ORD102540,2025-03-06,CUST01086,returning,18-24,social_media,mobile,clothing,96.28,0,3,288.84,6,5,False
ORD102148,2025-03-06,CUST02859,returning,45-54,email,mobile,clothing,49.14,30,3,103.19,5,5,False
ORD104673,2025-03-06,CUST01808,returning,18-24,organic,desktop,clothing,30.57,0,1,30.57,4,4,False
ORD100024,2025-03-06,CUST00576,returning,25-34,organic,mobile,clothing,50.35,5,2,95.66,7,5,False
ORD100150,2025-03-06,CUST01355,new,45-54,social_media,mobile,sports,50.67,0,1,50.67,3,4,False
ORD100112,2025-03-06,CUST01221,new,35-44,referral,mobile,clothing,93.76,10,3,253.15,4,5,False
ORD103170,2025-03-06,CUST02962,returning,55+,organic,desktop,home,106.29,10,2,191.32,7,5,False
ORD103801,2025-03-06,CUST01979,new,25-34,organic,mobile,clothing,52.9,5,1,50.26,3,4,False
ORD100933,2025-03-06,CUST01551,new,35-44,organic,desktop,home,86.63,5,1,82.3,4,4,False
ORD103172,2025-03-06,CUST02195,new,45-54,organic,mobile,clothing,77.02,0,2,154.04,5,3,False
ORD104183,2025-03-06,CUST03060,returning,25-34,email,mobile,sports,46.84,0,1,46.84,6,5,False
ORD102163,2025-03-06,CUST02026,new,45-54,email,mobile,sports,45.46,0,1,45.46,6,5,False
ORD100483,2025-03-06,CUST00526,new,45-54,organic,mobile,electronics,265.37,15,3,676.69,8,5,True
ORD100538,2025-03-06,CUST00561,new,25-34,email,desktop,electronics,239.89,0,1,239.89,4,5,True
ORD104612,2025-03-06,CUST01028,returning,45-54,organic,mobile,sports,63.98,30,1,44.79,5,5,False
ORD104022,2025-03-06,CUST00198,new,18-24,referral,mobile,clothing,41.06,15,1,34.9,4,5,False
ORD104572,2025-03-06,CUST02249,new,55+,organic,desktop,beauty,24.53,0,2,49.06,6,4,False
ORD101876,2025-03-06,CUST02840,returning,25-34,social_media,desktop,electronics,345.45,10,3,932.71,6,5,False
ORD100231,2025-03-06,CUST01681,returning,35-44,referral,mobile,clothing,50.95,20,1,40.76,6,5,False
ORD101476,2025-03-06,CUST01937,returning,45-54,social_media,desktop,beauty,15.29,20,2,24.46,3,5,False
ORD101534,2025-03-06,CUST00737,new,55+,search_ads,mobile,sports,57.34,15,2,97.48,5,5,False
ORD104115,2025-03-06,CUST02650,new,35-44,organic,mobile,clothing,39.81,30,2,55.73,6,5,False
ORD103387,2025-03-06,CUST01060,returning,55+,organic,desktop,home,143.3,10,1,128.97,5,5,False
ORD101774,2025-03-06,CUST03191,new,25-34,social_media,mobile,beauty,20.82,10,1,18.74,4,4,False
ORD103912,2025-03-06,CUST03005,returning,35-44,organic,desktop,electronics,165.51,15,1,140.68,8,4,True
ORD101983,2025-03-06,CUST00845,returning,55+,organic,mobile,clothing,13.74,0,1,13.74,5,4,False
ORD104097,2025-03-06,CUST00735,returning,35-44,search_ads,mobile,beauty,25.06,15,1,21.3,7,5,False
ORD104050,2025-03-06,CUST01245,returning,35-44,search_ads,desktop,home,77.28,15,1,65.69,9,4,False
ORD104386,2025-03-07,CUST00200,new,35-44,organic,desktop,sports,53.04,0,1,53.04,6,5,False
ORD100261,2025-03-07,CUST01233,new,18-24,search_ads,mobile,electronics,98.06,15,1,83.35,8,5,True
ORD104773,2025-03-07,CUST02789,new,45-54,organic,mobile,beauty,12.21,0,2,24.42,5,5,False
ORD102470,2025-03-07,CUST03073,new,55+,organic,mobile,beauty,37.69,10,2,67.84,4,4,False
ORD101940,2025-03-07,CUST01248,new,18-24,email,mobile,clothing,38.62,5,1,36.69,3,4,False
ORD101219,2025-03-07,CUST00318,returning,35-44,referral,mobile,clothing,45.47,15,2,77.3,2,5,False
ORD103825,2025-03-07,CUST01943,returning,25-34,search_ads,mobile,electronics,110.12,20,1,88.1,9,4,True
ORD102750,2025-03-07,CUST00420,new,55+,social_media,desktop,clothing,59.79,10,3,161.43,8,4,False
ORD101422,2025-03-07,CUST03008,new,25-34,social_media,mobile,beauty,71.01,0,1,71.01,2,5,False
ORD104408,2025-03-07,CUST01009,new,25-34,social_media,desktop,home,125.67,0,1,125.67,6,5,False
ORD102880,2025-03-07,CUST00913,returning,25-34,social_media,mobile,beauty,12.92,30,2,18.09,4,5,False
ORD102342,2025-03-07,CUST01677,new,35-44,organic,mobile,electronics,187.64,0,2,375.28,6,5,False
ORD103948,2025-03-07,CUST01966,returning,55+,social_media,desktop,beauty,43.29,0,1,43.29,8,3,False
ORD100223,2025-03-07,CUST00486,returning,35-44,email,desktop,sports,64.57,15,1,54.88,3,4,False
ORD102623,2025-03-07,CUST01848,returning,18-24,search_ads,desktop,clothing,93.83,10,2,168.89,4,5,False
ORD101784,2025-03-07,CUST02817,new,35-44,referral,mobile,home,38.5,0,1,38.5,6,5,False
ORD100820,2025-03-07,CUST00208,new,25-34,email,mobile,electronics,246.7,10,3,666.09,8,4,False
ORD101174,2025-03-07,CUST00435,new,35-44,organic,desktop,clothing,69.72,30,2,97.61,5,5,False
ORD101671,2025-03-07,CUST02432,returning,25-34,social_media,mobile,clothing,47.07,5,3,134.15,9,5,False
ORD104460,2025-03-07,CUST01749,returning,35-44,social_media,mobile,clothing,46.96,20,1,37.57,7,4,False
ORD103751,2025-03-07,CUST00440,returning,45-54,organic,desktop,electronics,255.85,0,1,255.85,6,5,False
ORD105084,2025-03-07,CUST01190,new,18-24,search_ads,mobile,home,89.85,10,1,80.86,4,5,False
ORD101279,2025-03-07,CUST00682,new,18-24,social_media,mobile,home,73.92,0,2,147.84,2,5,False
ORD100695,2025-03-07,CUST00607,new,18-24,search_ads,mobile,clothing,64.19,15,2,109.12,4,4,False
ORD101373,2025-03-07,CUST01193,new,35-44,social_media,desktop,home,100.75,20,2,161.2,2,5,False
ORD101697,2025-03-07,CUST00713,new,25-34,social_media,desktop,clothing,30.31,5,1,28.79,4,5,False
ORD102782,2025-03-07,CUST02305,new,18-24,email,mobile,beauty,39.82,0,1,39.82,6,4,False
ORD103611,2025-03-07,CUST01860,new,25-34,organic,desktop,beauty,72.98,0,1,72.98,7,5,True
ORD102312,2025-03-07,CUST01440,new,35-44,organic,mobile,electronics,265.16,15,1,225.39,8,4,False
ORD102327,2025-03-07,CUST01934,returning,25-34,referral,mobile,clothing,45.45,0,1,45.45,5,5,False
ORD104653,2025-03-07,CUST00621,returning,35-44,social_media,mobile,clothing,26.9,0,2,53.8,3,4,False
ORD105131,2025-03-07,CUST00614,new,55+,organic,desktop,clothing,71.59,30,1,50.11,7,5,True
ORD102791,2025-03-07,CUST02033,new,25-34,organic,desktop,home,98.24,0,2,196.48,3,4,False
ORD101531,2025-03-07,CUST00887,new,35-44,organic,desktop,sports,26.08,0,2,52.16,5,5,False
ORD103877,2025-03-07,CUST01797,returning,35-44,email,desktop,home,70.77,20,1,56.62,4,5,False
ORD100118,2025-03-07,CUST03059,returning,25-34,organic,desktop,electronics,212.55,15,2,361.34,6,5,False
ORD101098,2025-03-07,CUST01898,new,25-34,organic,mobile,beauty,29.24,30,1,20.47,4,5,False
ORD101974,2025-03-07,CUST01894,returning,25-34,social_media,mobile,clothing,68.94,0,1,68.94,5,5,False
ORD102417,2025-03-08,CUST01652,returning,25-34,social_media,desktop,sports,94.29,5,1,89.58,7,5,False
ORD101800,2025-03-08,CUST01055,returning,18-24,organic,desktop,electronics,237.58,20,3,570.19,8,5,False
ORD101931,2025-03-08,CUST00398,new,55+,search_ads,desktop,clothing,72.24,20,3,173.38,9,4,False
ORD102234,2025-03-08,CUST00079,new,45-54,organic,mobile,electronics,106.77,30,1,74.74,7,5,False
ORD100251,2025-03-08,CUST01239,returning,18-24,organic,desktop,clothing,36.2,0,1,36.2,8,3,True
ORD102503,2025-03-08,CUST02280,new,25-34,referral,mobile,home,74.59,10,1,67.13,6,5,False
ORD100084,2025-03-08,CUST00014,new,25-34,organic,mobile,beauty,6.88,20,1,5.5,4,5,False
ORD100576,2025-03-08,CUST01766,returning,25-34,referral,desktop,beauty,14.95,10,2,26.91,6,5,False
ORD100463,2025-03-08,CUST00403,returning,45-54,organic,mobile,electronics,269.0,5,2,511.1,6,4,False
ORD100465,2025-03-08,CUST00698,returning,18-24,organic,mobile,clothing,43.33,10,1,39.0,8,5,False
ORD101188,2025-03-08,CUST02110,returning,35-44,social_media,mobile,clothing,27.52,10,2,49.54,5,4,False
ORD103790,2025-03-08,CUST01151,new,45-54,organic,mobile,beauty,47.97,15,2,81.55,5,4,False
ORD103202,2025-03-08,CUST00863,returning,18-24,social_media,desktop,home,87.22,0,1,87.22,3,4,False
ORD102709,2025-03-08,CUST02465,new,55+,search_ads,mobile,clothing,58.96,15,2,100.23,7,4,False
ORD100629,2025-03-08,CUST01672,new,55+,social_media,mobile,clothing,38.94,0,1,38.94,3,4,False
ORD103926,2025-03-08,CUST02424,returning,25-34,email,mobile,home,93.79,0,1,93.79,8,4,False
ORD104078,2025-03-08,CUST02535,new,55+,organic,desktop,home,180.81,30,1,126.57,8,5,False
ORD100737,2025-03-08,CUST01999,returning,18-24,organic,desktop,electronics,259.85,10,1,233.87,6,5,False
ORD100041,2025-03-08,CUST01095,new,45-54,organic,mobile,home,111.45,0,2,222.9,6,5,False
ORD100408,2025-03-08,CUST01408,returning,25-34,social_media,desktop,electronics,316.32,0,2,632.64,15,4,False
ORD101756,2025-03-08,CUST02587,returning,18-24,organic,mobile,home,112.95,15,2,192.02,2,5,False
ORD101404,2025-03-08,CUST03147,new,45-54,email,desktop,home,50.94,0,1,50.94,5,5,True
ORD102332,2025-03-08,CUST01513,returning,25-34,search_ads,mobile,home,133.57,15,2,227.07,6,5,False
ORD100014,2025-03-08,CUST00140,returning,25-34,social_media,desktop,sports,68.28,10,1,61.45,1,5,False
ORD102201,2025-03-08,CUST01542,returning,25-34,email,desktop,home,50.03,5,1,47.53,3,5,False
ORD101481,2025-03-09,CUST01127,returning,55+,organic,desktop,clothing,67.46,20,1,53.97,6,5,True
ORD104317,2025-03-09,CUST01871,new,55+,organic,desktop,sports,163.24,15,2,277.51,4,4,False
ORD101126,2025-03-09,CUST02397,new,35-44,organic,mobile,beauty,25.14,15,3,64.11,7,5,False
ORD101314,2025-03-09,CUST00018,returning,25-34,organic,mobile,clothing,46.28,10,1,41.65,7,3,False
ORD100405,2025-03-09,CUST02205,returning,25-34,search_ads,mobile,clothing,44.97,0,1,44.97,7,3,False
ORD104808,2025-03-09,CUST00014,new,25-34,search_ads,mobile,sports,61.37,15,2,104.33,4,5,False
ORD104795,2025-03-09,CUST00833,new,55+,email,desktop,clothing,85.31,0,2,170.62,3,5,False
ORD103466,2025-03-09,CUST01750,new,35-44,referral,mobile,clothing,133.21,15,2,226.46,7,5,True
ORD100801,2025-03-09,CUST02526,new,55+,organic,mobile,clothing,12.77,5,2,24.26,7,3,False
ORD100901,2025-03-09,CUST00024,returning,45-54,organic,desktop,electronics,91.4,0,1,91.4,4,4,False
ORD100163,2025-03-09,CUST02875,new,55+,email,mobile,beauty,10.35,20,3,24.84,5,5,False
ORD104852,2025-03-09,CUST02873,new,25-34,social_media,mobile,home,50.85,15,2,86.44,6,5,False
ORD104384,2025-03-09,CUST02111,new,18-24,search_ads,desktop,home,136.97,20,1,109.58,9,4,True
ORD102979,2025-03-09,CUST02892,returning,25-34,email,mobile,beauty,40.75,0,1,40.75,2,4,False
ORD104364,2025-03-09,CUST03121,new,25-34,organic,mobile,electronics,163.09,0,1,163.09,8,5,True
ORD101832,2025-03-09,CUST01004,new,35-44,organic,desktop,beauty,32.54,0,3,97.62,9,4,False
ORD103576,2025-03-09,CUST02071,new,55+,search_ads,mobile,home,58.15,30,3,122.12,2,5,False
ORD104690,2025-03-09,CUST01137,returning,25-34,search_ads,mobile,clothing,80.07,30,3,168.15,4,5,False
ORD102388,2025-03-09,CUST00452,new,55+,social_media,desktop,electronics,361.38,20,1,289.1,8,5,True
ORD103290,2025-03-10,CUST01421,new,45-54,social_media,mobile,electronics,135.28,10,2,243.5,7,5,True
ORD101807,2025-03-10,CUST00721,new,35-44,search_ads,mobile,clothing,59.71,30,3,125.39,7,4,False
ORD100649,2025-03-10,CUST02377,returning,45-54,search_ads,mobile,electronics,107.44,10,1,96.7,5,5,False
ORD103623,2025-03-10,CUST01175,returning,35-44,search_ads,mobile,clothing,19.97,10,3,53.92,4,5,False
ORD102030,2025-03-10,CUST02230,returning,35-44,email,mobile,sports,49.0,15,1,41.65,4,5,False
ORD101286,2025-03-10,CUST00194,returning,45-54,social_media,mobile,clothing,40.29,15,1,34.25,6,4,False
ORD105117,2025-03-10,CUST03184,returning,55+,social_media,desktop,clothing,48.97,15,3,124.87,3,5,False
ORD103373,2025-03-10,CUST02812,new,35-44,search_ads,desktop,home,82.55,20,3,198.12,3,5,False
ORD101733,2025-03-10,CUST00798,returning,18-24,search_ads,mobile,beauty,71.34,10,3,192.62,8,4,False
ORD102323,2025-03-10,CUST02436,new,25-34,email,mobile,home,90.17,15,1,76.64,4,5,False
ORD103329,2025-03-10,CUST02777,new,35-44,search_ads,mobile,clothing,13.05,0,1,13.05,6,4,False
ORD101208,2025-03-10,CUST01293,new,25-34,email,mobile,sports,42.28,15,2,71.88,4,5,False
ORD103260,2025-03-10,CUST02536,new,55+,email,mobile,home,83.31,0,3,249.93,5,5,False
ORD105056,2025-03-10,CUST00806,new,25-34,social_media,mobile,beauty,16.15,0,1,16.15,8,4,False
ORD100539,2025-03-10,CUST00126,returning,55+,social_media,desktop,beauty,27.5,10,2,49.5,8,3,False
ORD101379,2025-03-10,CUST02408,returning,45-54,organic,desktop,clothing,51.47,15,3,131.25,5,5,False
ORD104644,2025-03-10,CUST02145,new,18-24,organic,desktop,electronics,186.77,5,2,354.86,6,4,False
ORD104267,2025-03-10,CUST02506,new,45-54,email,mobile,home,142.95,10,3,385.96,8,5,True
ORD102809,2025-03-10,CUST01121,returning,45-54,organic,desktop,clothing,29.67,0,1,29.67,4,5,False
ORD101565,2025-03-10,CUST00654,returning,25-34,search_ads,mobile,clothing,71.66,10,2,128.99,6,5,False
ORD100542,2025-03-10,CUST01014,returning,18-24,referral,desktop,electronics,304.74,15,1,259.03,6,5,False
ORD101498,2025-03-10,CUST00217,new,45-54,organic,mobile,beauty,18.38,5,2,34.92,7,3,False
ORD100600,2025-03-10,CUST01626,new,55+,social_media,mobile,beauty,21.98,20,2,35.17,5,5,False
ORD100257,2025-03-10,CUST01666,new,18-24,social_media,mobile,home,46.04,5,2,87.48,6,5,False
ORD104370,2025-03-10,CUST01040,new,25-34,email,mobile,beauty,34.35,5,1,32.63,4,5,False
ORD102132,2025-03-10,CUST02393,returning,45-54,referral,mobile,electronics,62.78,30,2,87.89,5,5,False
ORD104353,2025-03-10,CUST00306,returning,55+,search_ads,desktop,beauty,46.24,20,2,73.98,8,4,False
ORD102831,2025-03-11,CUST02107,new,45-54,email,mobile,clothing,39.45,30,2,55.23,7,3,True
ORD104607,2025-03-11,CUST03027,new,18-24,search_ads,desktop,beauty,41.47,0,1,41.47,4,4,True
ORD104500,2025-03-11,CUST01238,returning,25-34,organic,mobile,home,134.24,10,2,241.63,6,5,False
ORD101003,2025-03-11,CUST01636,new,35-44,search_ads,mobile,home,105.58,0,1,105.58,4,4,False
ORD100704,2025-03-11,CUST01561,new,25-34,email,desktop,clothing,22.28,5,2,42.33,7,3,False
ORD103094,2025-03-11,CUST02659,new,35-44,social_media,desktop,clothing,28.07,0,2,56.14,8,2,True
ORD104140,2025-03-11,CUST00320,returning,45-54,organic,desktop,electronics,255.39,10,1,229.85,9,5,False
ORD100141,2025-03-11,CUST01623,returning,55+,email,mobile,home,66.7,0,3,200.1,4,5,False
ORD104643,2025-03-11,CUST02519,returning,45-54,referral,mobile,clothing,32.5,0,1,32.5,4,5,False
ORD101792,2025-03-11,CUST02556,new,35-44,email,mobile,home,56.62,10,1,50.96,3,4,False
ORD100425,2025-03-11,CUST01555,new,25-34,organic,mobile,sports,79.89,0,3,239.67,10,4,False
ORD102495,2025-03-11,CUST02595,returning,18-24,referral,mobile,home,59.75,5,1,56.76,6,5,False
ORD104636,2025-03-11,CUST03147,new,35-44,email,mobile,beauty,39.37,20,1,31.5,6,4,False
ORD100103,2025-03-11,CUST00415,new,18-24,referral,mobile,beauty,34.43,10,1,30.99,4,5,False
ORD100556,2025-03-11,CUST02952,new,35-44,email,mobile,electronics,82.75,10,1,74.48,8,4,False
ORD103380,2025-03-11,CUST00478,new,45-54,organic,desktop,home,34.4,10,2,61.92,6,5,False
ORD105184,2025-03-11,CUST02265,new,25-34,social_media,mobile,electronics,89.44,5,1,84.97,6,5,False
ORD103727,2025-03-11,CUST02325,new,35-44,organic,desktop,clothing,68.67,0,3,206.01,4,5,False
ORD101402,2025-03-11,CUST00403,returning,35-44,social_media,mobile,electronics,345.3,5,2,656.07,5,5,False
ORD101304,2025-03-11,CUST01994,new,25-34,organic,desktop,clothing,51.52,20,1,41.22,2,5,False
ORD103011,2025-03-11,CUST00652,new,18-24,email,desktop,clothing,30.6,10,1,27.54,7,5,False
ORD102751,2025-03-11,CUST01172,new,45-54,organic,mobile,clothing,37.87,0,1,37.87,8,4,False
ORD101377,2025-03-11,CUST01238,new,55+,email,desktop,electronics,174.96,0,1,174.96,6,4,False
ORD103608,2025-03-11,CUST01232,returning,35-44,organic,desktop,beauty,10.86,15,3,27.69,4,5,False
ORD104978,2025-03-11,CUST00696,returning,25-34,email,desktop,electronics,161.9,0,1,161.9,4,4,False
ORD101392,2025-03-11,CUST02101,new,35-44,search_ads,desktop,electronics,241.44,15,2,410.45,4,5,False
ORD100893,2025-03-11,CUST01427,new,45-54,email,desktop,electronics,126.51,5,2,240.37,7,3,False
ORD100949,2025-03-11,CUST01941,returning,35-44,organic,mobile,home,68.15,0,1,68.15,3,5,False
ORD102713,2025-03-11,CUST01875,returning,45-54,email,desktop,beauty,49.99,0,3,149.97,4,5,False
ORD103442,2025-03-12,CUST03197,returning,55+,organic,desktop,clothing,133.79,5,2,254.2,6,5,False
ORD102129,2025-03-12,CUST01078,new,45-54,organic,mobile,home,119.23,5,1,113.27,7,5,False
ORD101910,2025-03-12,CUST03083,new,35-44,search_ads,desktop,beauty,18.1,20,1,14.48,4,5,False
ORD104074,2025-03-12,CUST00903,new,25-34,referral,desktop,home,42.61,20,3,102.26,3,5,False
ORD100243,2025-03-12,CUST01058,returning,25-34,search_ads,desktop,clothing,39.16,10,1,35.24,5,5,False
ORD101762,2025-03-12,CUST02950,new,25-34,email,mobile,home,199.67,30,3,419.31,5,5,False
ORD103658,2025-03-12,CUST00570,new,18-24,social_media,mobile,clothing,61.41,15,1,52.2,2,5,False
ORD103653,2025-03-12,CUST00489,returning,35-44,organic,mobile,sports,23.16,0,3,69.48,5,4,False
ORD101772,2025-03-12,CUST00618,new,18-24,organic,desktop,home,122.49,5,1,116.37,4,5,False
ORD101007,2025-03-12,CUST02290,new,35-44,organic,mobile,beauty,28.8,0,3,86.4,5,5,False
ORD100796,2025-03-12,CUST00926,new,35-44,referral,mobile,clothing,62.03,10,1,55.83,7,5,False
ORD101261,2025-03-12,CUST00009,returning,25-34,organic,desktop,clothing,64.59,20,1,51.67,4,5,False
ORD102104,2025-03-12,CUST02889,returning,55+,search_ads,desktop,clothing,34.97,0,1,34.97,5,5,False
ORD100258,2025-03-12,CUST00793,new,35-44,search_ads,mobile,clothing,59.88,10,2,107.78,6,5,False
ORD102363,2025-03-12,CUST02343,new,35-44,email,desktop,electronics,164.99,0,1,164.99,9,4,False
ORD102101,2025-03-12,CUST00551,returning,35-44,referral,mobile,clothing,69.1,10,1,62.19,4,5,False
ORD100315,2025-03-12,CUST01315,returning,45-54,referral,desktop,home,65.15,15,1,55.38,4,5,False
ORD100641,2025-03-12,CUST01353,new,18-24,search_ads,desktop,home,90.2,10,1,81.18,5,4,False
ORD102704,2025-03-12,CUST02219,returning,45-54,organic,desktop,home,37.92,10,1,34.13,4,4,False
ORD101607,2025-03-12,CUST01141,new,35-44,social_media,desktop,clothing,38.86,0,2,77.72,4,5,False
ORD104726,2025-03-12,CUST01590,new,18-24,email,mobile,home,81.07,0,2,162.14,1,5,False
ORD101597,2025-03-12,CUST01590,new,18-24,organic,desktop,home,77.02,10,1,69.32,4,5,False
ORD103816,2025-03-12,CUST01927,returning,25-34,social_media,mobile,electronics,63.5,15,1,53.98,9,5,False
ORD102528,2025-03-12,CUST01248,new,55+,social_media,mobile,electronics,83.33,15,3,212.49,6,5,False
ORD100055,2025-03-12,CUST01134,new,25-34,email,desktop,electronics,181.06,10,1,162.95,5,5,False
ORD104651,2025-03-12,CUST00958,returning,25-34,search_ads,desktop,sports,23.94,15,2,40.7,8,5,False
ORD104191,2025-03-12,CUST00883,new,25-34,email,desktop,clothing,57.33,15,1,48.73,5,5,False
ORD100671,2025-03-12,CUST00387,returning,55+,search_ads,mobile,beauty,5.45,10,1,4.9,8,4,True
ORD103781,2025-03-12,CUST01445,new,35-44,social_media,desktop,beauty,48.19,20,2,77.1,4,5,False
ORD105119,2025-03-12,CUST00614,returning,45-54,email,mobile,beauty,23.54,10,2,42.37,5,5,False
ORD102802,2025-03-12,CUST03185,new,25-34,social_media,desktop,clothing,44.64,0,2,89.28,5,5,False
ORD105195,2025-03-12,CUST00771,returning,55+,organic,mobile,clothing,61.23,0,2,122.46,4,4,False
ORD102848,2025-03-12,CUST01312,new,35-44,email,desktop,clothing,50.36,10,1,45.32,7,4,False
ORD100862,2025-03-12,CUST01271,returning,25-34,referral,desktop,clothing,45.47,20,2,72.75,4,5,False
ORD101839,2025-03-12,CUST01883,returning,45-54,search_ads,desktop,beauty,15.72,15,1,13.36,3,5,False
ORD101115,2025-03-12,CUST00514,returning,55+,referral,mobile,electronics,100.1,5,3,285.28,8,5,False
ORD104176,2025-03-12,CUST03131,new,55+,search_ads,desktop,beauty,24.38,20,2,39.01,3,5,False
ORD104801,2025-03-12,CUST00960,new,25-34,search_ads,mobile,electronics,41.91,20,3,100.58,6,5,False
ORD102596,2025-03-13,CUST00198,new,55+,social_media,mobile,electronics,196.03,0,3,588.09,8,3,True
ORD103447,2025-03-13,CUST01689,new,35-44,search_ads,mobile,clothing,56.02,20,1,44.82,4,5,False
ORD102573,2025-03-13,CUST02783,returning,35-44,organic,desktop,sports,55.39,15,2,94.16,3,5,False
ORD102873,2025-03-13,CUST00345,returning,18-24,organic,desktop,beauty,9.52,0,2,19.04,6,4,False
ORD103924,2025-03-13,CUST01557,returning,45-54,social_media,desktop,electronics,147.5,10,2,265.5,8,4,False
ORD101122,2025-03-13,CUST01048,returning,45-54,social_media,desktop,beauty,65.92,15,1,56.03,6,5,False
ORD103344,2025-03-13,CUST02761,new,35-44,organic,desktop,electronics,154.92,15,1,131.68,8,5,False
ORD103560,2025-03-13,CUST00888,returning,55+,search_ads,mobile,electronics,170.59,30,2,238.83,6,5,False
ORD104047,2025-03-13,CUST02862,new,35-44,organic,mobile,electronics,96.06,15,1,81.65,8,5,False
ORD100366,2025-03-13,CUST00002,returning,25-34,email,desktop,electronics,272.38,15,1,231.52,12,4,False
ORD103613,2025-03-13,CUST00778,new,25-34,organic,desktop,electronics,190.48,15,1,161.91,6,5,False
ORD104884,2025-03-13,CUST00045,returning,35-44,social_media,mobile,electronics,95.9,15,1,81.52,8,3,False
ORD103411,2025-03-13,CUST03085,new,55+,social_media,mobile,beauty,28.65,0,3,85.95,8,4,False
ORD103852,2025-03-13,CUST01324,returning,18-24,organic,desktop,clothing,30.77,10,1,27.69,1,5,False
ORD101505,2025-03-13,CUST00412,returning,25-34,referral,desktop,sports,72.09,0,2,144.18,5,5,False
ORD104455,2025-03-13,CUST00729,returning,25-34,email,mobile,clothing,47.24,0,2,94.48,6,5,False
ORD102396,2025-03-13,CUST01003,new,25-34,social_media,mobile,sports,24.73,15,1,21.02,4,4,False
ORD101452,2025-03-13,CUST01538,returning,45-54,organic,mobile,home,110.58,15,1,93.99,7,4,False
ORD103875,2025-03-13,CUST02711,new,25-34,organic,mobile,clothing,58.2,30,2,81.48,8,3,False
ORD100274,2025-03-13,CUST00694,new,25-34,social_media,desktop,beauty,66.5,10,1,59.85,4,5,False
ORD100042,2025-03-13,CUST00870,returning,35-44,email,desktop,clothing,73.87,0,2,147.74,7,5,False
ORD104566,2025-03-13,CUST02109,returning,25-34,search_ads,mobile,beauty,2.43,10,1,2.19,5,5,False
ORD104875,2025-03-13,CUST02865,returning,18-24,email,mobile,clothing,54.64,5,3,155.72,3,5,False
ORD100180,2025-03-13,CUST00287,returning,25-34,social_media,mobile,clothing,34.97,0,1,34.97,8,4,True
ORD104328,2025-03-13,CUST00792,new,55+,email,mobile,beauty,24.75,5,3,70.54,8,5,False
ORD103268,2025-03-13,CUST00746,new,18-24,organic,desktop,home,101.74,15,1,86.48,6,5,False
ORD104201,2025-03-13,CUST01137,returning,25-34,organic,mobile,clothing,26.91,0,1,26.91,7,4,False
ORD101321,2025-03-13,CUST00060,returning,35-44,social_media,desktop,clothing,45.85,0,2,91.7,6,3,False
ORD101350,2025-03-13,CUST02548,returning,35-44,social_media,mobile,home,37.67,0,1,37.67,6,5,False
ORD101892,2025-03-13,CUST00151,new,25-34,search_ads,mobile,beauty,68.0,10,1,61.2,3,5,False
ORD104265,2025-03-13,CUST02075,returning,45-54,organic,mobile,home,35.64,0,2,71.28,9,5,False
ORD104308,2025-03-13,CUST01714,returning,55+,referral,mobile,home,104.39,30,1,73.07,8,4,False
ORD101417,2025-03-14,CUST01483,returning,45-54,organic,mobile,clothing,39.08,0,1,39.08,6,5,False
ORD104266,2025-03-14,CUST02107,returning,18-24,email,mobile,electronics,157.52,20,3,378.05,10,5,False
ORD104157,2025-03-14,CUST02250,returning,18-24,organic,mobile,electronics,58.16,15,1,49.44,7,5,False
ORD103117,2025-03-14,CUST02245,new,18-24,referral,mobile,home,14.34,10,3,38.72,4,4,False
ORD102103,2025-03-14,CUST01900,returning,55+,organic,desktop,home,104.33,0,1,104.33,6,4,False
ORD100450,2025-03-14,CUST02542,new,55+,search_ads,mobile,home,77.32,20,1,61.86,7,5,False
ORD103831,2025-03-14,CUST00057,returning,45-54,search_ads,mobile,clothing,62.43,10,2,112.37,3,4,False
ORD101624,2025-03-14,CUST01417,returning,25-34,social_media,mobile,beauty,45.74,0,2,91.48,8,4,False
ORD102580,2025-03-14,CUST02917,returning,25-34,organic,mobile,clothing,51.16,20,3,122.78,6,5,False
ORD100279,2025-03-14,CUST03012,new,35-44,organic,mobile,home,59.63,0,1,59.63,4,5,False
ORD100467,2025-03-14,CUST00222,new,18-24,organic,mobile,home,87.37,15,1,74.26,4,5,False
ORD102762,2025-03-14,CUST00142,new,55+,social_media,desktop,electronics,116.15,10,3,313.6,4,5,False
ORD103722,2025-03-14,CUST01282,returning,55+,search_ads,mobile,home,90.8,15,1,77.18,6,5,False
ORD100808,2025-03-14,CUST02657,new,55+,email,mobile,home,53.05,0,2,106.1,5,5,False
ORD104404,2025-03-14,CUST03112,returning,35-44,referral,mobile,electronics,141.55,10,1,127.4,7,4,False
ORD101630,2025-03-14,CUST02533,new,25-34,email,mobile,beauty,24.58,15,2,41.79,5,5,False
ORD103176,2025-03-14,CUST02599,returning,55+,organic,mobile,electronics,90.5,0,3,271.5,6,4,False
ORD103775,2025-03-14,CUST00934,returning,45-54,email,mobile,clothing,51.17,5,2,97.22,6,5,False
ORD100786,2025-03-14,CUST02535,new,18-24,referral,desktop,clothing,55.09,15,2,93.65,6,5,False
ORD103941,2025-03-14,CUST00904,new,55+,organic,desktop,sports,89.62,0,3,268.86,8,4,False
ORD100162,2025-03-14,CUST01077,returning,25-34,organic,mobile,clothing,28.68,10,1,25.81,7,3,False
ORD100407,2025-03-14,CUST00620,returning,25-34,social_media,mobile,electronics,181.77,20,1,145.42,5,5,False
ORD101138,2025-03-14,CUST00606,new,25-34,social_media,desktop,beauty,9.71,10,1,8.74,7,5,False
ORD102233,2025-03-14,CUST00145,new,45-54,social_media,mobile,electronics,78.38,0,2,156.76,8,5,False
ORD103893,2025-03-14,CUST01672,returning,35-44,search_ads,mobile,clothing,21.47,20,2,34.35,5,5,False
ORD100958,2025-03-14,CUST00910,returning,35-44,search_ads,mobile,home,63.82,15,1,54.25,8,5,False
ORD101095,2025-03-15,CUST01969,new,25-34,social_media,mobile,clothing,26.86,30,2,37.6,3,4,False
ORD102934,2025-03-15,CUST01216,returning,35-44,social_media,mobile,sports,54.7,0,3,164.1,7,4,False
ORD104459,2025-03-15,CUST01799,new,25-34,social_media,desktop,sports,158.71,20,1,126.97,6,5,True
ORD103811,2025-03-15,CUST02882,returning,45-54,search_ads,mobile,clothing,63.15,20,1,50.52,5,5,False
ORD100388,2025-03-15,CUST02456,returning,25-34,organic,desktop,electronics,97.75,10,1,87.98,5,4,True
ORD101738,2025-03-15,CUST00100,new,18-24,social_media,mobile,home,70.69,5,2,134.31,6,4,False
ORD103364,2025-03-15,CUST01967,returning,45-54,organic,mobile,electronics,125.2,5,1,118.94,4,4,False
ORD103515,2025-03-15,CUST00028,new,25-34,organic,mobile,clothing,29.69,0,3,89.07,3,5,False
ORD100585,2025-03-15,CUST00894,new,35-44,social_media,mobile,home,38.66,10,1,34.79,2,5,False
ORD102114,2025-03-15,CUST00751,new,55+,email,mobile,electronics,186.46,10,1,167.81,8,4,True
ORD101887,2025-03-15,CUST01052,returning,25-34,email,mobile,electronics,143.74,20,3,344.98,9,5,False
ORD104359,2025-03-15,CUST02980,returning,25-34,social_media,desktop,electronics,162.88,0,1,162.88,5,4,False
ORD103134,2025-03-15,CUST01015,new,25-34,search_ads,mobile,electronics,196.32,0,2,392.64,8,5,False
ORD104570,2025-03-15,CUST00135,new,55+,social_media,desktop,sports,50.7,10,3,136.89,2,5,False
ORD102799,2025-03-15,CUST01159,new,35-44,email,mobile,clothing,73.42,20,1,58.74,3,5,False
ORD102855,2025-03-15,CUST03157,new,55+,organic,mobile,sports,50.5,15,2,85.85,5,5,False
ORD103592,2025-03-15,CUST02290,new,25-34,search_ads,mobile,home,99.61,0,1,99.61,4,5,False
ORD104395,2025-03-15,CUST00825,new,25-34,search_ads,desktop,electronics,198.88,10,1,178.99,5,5,False
ORD100740,2025-03-15,CUST02360,new,55+,organic,desktop,beauty,82.01,10,1,73.81,4,5,False
ORD103676,2025-03-15,CUST01269,returning,45-54,referral,mobile,clothing,59.77,0,3,179.31,4,5,False
ORD101384,2025-03-15,CUST02290,new,55+,social_media,desktop,clothing,90.26,10,2,162.47,6,5,False
ORD101831,2025-03-15,CUST01857,returning,35-44,social_media,desktop,home,325.95,10,1,293.36,5,5,False
ORD100217,2025-03-15,CUST03088,new,25-34,email,mobile,home,63.22,15,2,107.47,6,5,False
ORD102039,2025-03-15,CUST00842,returning,45-54,referral,mobile,beauty,13.49,10,3,36.42,7,5,False
ORD103566,2025-03-16,CUST00692,returning,45-54,social_media,mobile,sports,128.69,15,1,109.39,4,5,False
ORD100081,2025-03-16,CUST01516,returning,25-34,referral,mobile,beauty,25.48,10,1,22.93,4,5,False
ORD101746,2025-03-16,CUST00832,new,25-34,organic,desktop,electronics,229.04,10,1,206.14,8,5,False
ORD102967,2025-03-16,CUST02514,returning,18-24,search_ads,mobile,home,93.23,30,2,130.52,4,5,False
ORD102426,2025-03-16,CUST00061,returning,25-34,organic,mobile,beauty,39.49,0,1,39.49,8,5,False
ORD101657,2025-03-16,CUST01811,new,55+,social_media,desktop,beauty,33.41,10,1,30.07,7,4,False
ORD102825,2025-03-16,CUST01785,returning,18-24,email,mobile,sports,99.78,15,3,254.44,9,4,False
ORD104953,2025-03-16,CUST02961,returning,18-24,organic,desktop,beauty,21.66,20,1,17.33,2,5,False
ORD103510,2025-03-16,CUST01170,returning,35-44,social_media,desktop,home,135.09,5,3,385.01,1,5,False
ORD102558,2025-03-16,CUST02212,new,18-24,search_ads,mobile,clothing,25.28,20,2,40.45,5,5,False
ORD103900,2025-03-16,CUST02721,new,45-54,organic,mobile,clothing,78.93,10,2,142.07,10,3,True
ORD103960,2025-03-16,CUST02244,new,25-34,social_media,mobile,electronics,203.53,0,1,203.53,8,4,False
ORD100683,2025-03-16,CUST01527,new,25-34,email,mobile,sports,36.62,10,1,32.96,5,5,False
ORD101658,2025-03-16,CUST01479,new,35-44,social_media,mobile,clothing,86.11,5,2,163.61,6,5,False
ORD100468,2025-03-16,CUST02986,new,25-34,referral,desktop,electronics,312.3,10,1,281.07,5,5,False
ORD103072,2025-03-16,CUST03106,returning,25-34,social_media,mobile,beauty,34.77,5,2,66.06,8,4,False
ORD104371,2025-03-16,CUST00310,new,35-44,referral,desktop,sports,45.43,30,1,31.8,7,5,True
ORD101611,2025-03-16,CUST01336,new,18-24,organic,mobile,home,52.82,15,2,89.79,6,5,False
ORD101388,2025-03-16,CUST00615,returning,25-34,organic,mobile,clothing,73.07,15,2,124.22,5,4,False
ORD101755,2025-03-16,CUST00016,new,55+,search_ads,mobile,beauty,34.19,20,1,27.35,4,4,False
ORD102455,2025-03-16,CUST01722,new,18-24,organic,mobile,clothing,42.59,15,1,36.2,2,4,False
ORD103335,2025-03-16,CUST01892,new,25-34,organic,desktop,clothing,30.62,30,2,42.87,6,4,False
ORD100733,2025-03-16,CUST02960,returning,25-34,email,mobile,beauty,26.29,0,2,52.58,2,4,False
ORD104286,2025-03-17,CUST02290,new,35-44,email,mobile,clothing,26.7,15,1,22.7,5,5,False
ORD103903,2025-03-17,CUST00859,new,25-34,social_media,mobile,beauty,22.92,0,2,45.84,6,4,False
ORD102409,2025-03-17,CUST01982,new,18-24,social_media,mobile,clothing,108.56,5,1,103.13,3,5,False
ORD100656,2025-03-17,CUST00143,new,55+,organic,mobile,electronics,124.13,0,2,248.26,10,5,False
ORD102956,2025-03-17,CUST00061,returning,18-24,social_media,desktop,clothing,23.2,0,3,69.6,5,5,False
ORD103293,2025-03-17,CUST02551,new,25-34,social_media,desktop,electronics,139.0,15,1,118.15,10,5,True
ORD103112,2025-03-17,CUST00641,returning,18-24,social_media,desktop,clothing,61.57,5,1,58.49,1,5,False
ORD100832,2025-03-17,CUST02252,new,25-34,social_media,desktop,clothing,63.42,10,3,171.23,6,5,False
ORD103729,2025-03-17,CUST03153,new,25-34,organic,desktop,clothing,22.19,0,2,44.38,10,2,False
ORD101317,2025-03-17,CUST01730,returning,45-54,social_media,mobile,sports,54.79,20,1,43.83,6,4,False
ORD104678,2025-03-17,CUST01500,new,25-34,organic,desktop,electronics,265.49,0,2,530.98,9,5,False
ORD100976,2025-03-17,CUST03091,new,25-34,search_ads,mobile,electronics,175.6,20,2,280.96,6,5,False
ORD102123,2025-03-17,CUST03062,returning,25-34,social_media,desktop,electronics,162.0,0,1,162.0,7,2,False
ORD100219,2025-03-17,CUST02768,returning,35-44,organic,mobile,clothing,93.91,0,3,281.73,5,4,False
ORD101250,2025-03-17,CUST00823,new,25-34,search_ads,mobile,electronics,41.47,30,2,58.06,8,5,True
ORD103810,2025-03-17,CUST01255,returning,45-54,organic,desktop,home,79.82,10,3,215.51,3,5,False
ORD104985,2025-03-17,CUST01727,new,35-44,organic,mobile,clothing,35.79,10,1,32.21,4,5,False
ORD104771,2025-03-17,CUST02024,new,45-54,social_media,mobile,beauty,6.26,20,1,5.01,7,5,True
ORD104766,2025-03-17,CUST01446,new,55+,social_media,desktop,clothing,30.69,15,1,26.09,3,5,False
ORD103610,2025-03-17,CUST03085,new,35-44,social_media,mobile,sports,97.16,5,2,184.6,5,5,False
ORD100874,2025-03-17,CUST00821,new,18-24,search_ads,desktop,beauty,16.71,0,2,33.42,3,5,False
ORD104494,2025-03-17,CUST00241,returning,35-44,social_media,mobile,beauty,18.58,10,1,16.72,4,5,False
ORD100191,2025-03-17,CUST00074,returning,25-34,social_media,desktop,beauty,45.56,0,1,45.56,2,5,False
ORD101105,2025-03-17,CUST00477,returning,45-54,organic,mobile,home,55.39,10,3,149.55,1,5,False
ORD105107,2025-03-17,CUST01700,returning,55+,social_media,desktop,home,91.2,15,1,77.52,3,5,False
ORD103197,2025-03-17,CUST01529,new,25-34,referral,desktop,beauty,27.14,10,2,48.85,6,5,False
ORD103273,2025-03-17,CUST01723,new,55+,email,mobile,electronics,230.69,5,3,657.47,6,5,False
ORD105191,2025-03-17,CUST02317,returning,35-44,organic,mobile,beauty,70.19,15,2,119.32,6,5,False
ORD103935,2025-03-18,CUST03190,new,45-54,organic,desktop,clothing,40.16,15,3,102.41,9,4,False
ORD103128,2025-03-18,CUST01450,new,18-24,search_ads,mobile,sports,19.29,0,3,57.87,1,4,False
ORD101982,2025-03-18,CUST03180,returning,25-34,social_media,mobile,electronics,83.97,10,1,75.57,9,5,False
ORD104334,2025-03-18,CUST02652,returning,35-44,organic,desktop,home,99.29,0,1,99.29,3,4,False
ORD100620,2025-03-18,CUST01388,new,45-54,organic,mobile,beauty,21.38,0,1,21.38,4,5,False
ORD103432,2025-03-18,CUST01827,returning,25-34,search_ads,mobile,electronics,121.88,30,2,170.63,2,5,False
ORD103468,2025-03-18,CUST03110,returning,18-24,social_media,desktop,beauty,12.87,15,1,10.94,6,5,False
ORD102155,2025-03-18,CUST03049,new,25-34,organic,mobile,beauty,28.11,20,1,22.49,5,5,False
ORD104675,2025-03-18,CUST02728,new,25-34,search_ads,mobile,home,57.53,30,2,80.54,5,5,False
ORD103121,2025-03-18,CUST02009,returning,55+,email,mobile,sports,91.4,0,1,91.4,3,5,False
ORD101688,2025-03-18,CUST03096,returning,25-34,social_media,mobile,clothing,48.44,0,2,96.88,2,5,False
ORD103089,2025-03-18,CUST00907,new,18-24,social_media,desktop,clothing,72.01,0,1,72.01,4,4,False
ORD104896,2025-03-18,CUST00446,new,35-44,organic,mobile,electronics,149.54,0,1,149.54,10,4,False
ORD100586,2025-03-18,CUST03188,returning,45-54,email,desktop,home,258.53,10,2,465.35,5,5,False
ORD100564,2025-03-18,CUST02556,new,18-24,organic,mobile,beauty,20.99,0,1,20.99,5,5,False
ORD103894,2025-03-18,CUST01758,new,35-44,search_ads,desktop,sports,38.52,15,3,98.23,5,5,True
ORD103389,2025-03-18,CUST00892,new,35-44,social_media,mobile,electronics,96.83,0,2,193.66,9,5,False
ORD103785,2025-03-18,CUST03076,new,45-54,search_ads,mobile,sports,39.15,10,1,35.24,4,5,False
ORD103015,2025-03-18,CUST02916,new,35-44,organic,mobile,sports,135.25,10,2,243.45,5,5,False
ORD104631,2025-03-18,CUST00509,returning,35-44,search_ads,desktop,sports,85.64,30,1,59.95,2,5,False
ORD102591,2025-03-18,CUST00156,new,45-54,organic,desktop,sports,34.35,0,1,34.35,8,4,False
ORD104435,2025-03-18,CUST02258,returning,45-54,email,mobile,electronics,118.61,0,1,118.61,7,4,True
ORD103809,2025-03-18,CUST02985,new,35-44,social_media,desktop,home,89.48,10,2,161.06,4,5,False
ORD101939,2025-03-18,CUST00108,new,18-24,email,mobile,home,76.12,10,3,205.52,5,5,False
ORD101237,2025-03-18,CUST00737,new,35-44,search_ads,mobile,home,44.26,10,1,39.83,8,5,False
ORD100354,2025-03-18,CUST02100,returning,18-24,referral,mobile,clothing,70.1,0,1,70.1,3,5,False
ORD104918,2025-03-19,CUST01742,returning,25-34,social_media,mobile,beauty,21.24,5,1,20.18,5,5,False
ORD103502,2025-03-19,CUST00846,returning,35-44,social_media,mobile,clothing,41.51,0,2,83.02,3,4,False
ORD103635,2025-03-19,CUST02661,returning,25-34,organic,mobile,beauty,14.92,15,2,25.36,3,5,False
ORD100311,2025-03-19,CUST00367,returning,35-44,social_media,mobile,home,66.26,5,2,125.89,6,4,False
ORD103930,2025-03-19,CUST00119,new,45-54,search_ads,desktop,electronics,82.34,30,1,57.64,7,4,False
ORD103534,2025-03-19,CUST01708,new,45-54,email,mobile,clothing,38.94,5,2,73.99,6,5,False
ORD103890,2025-03-19,CUST01428,new,35-44,search_ads,desktop,electronics,181.76,20,2,290.82,6,5,False
ORD103306,2025-03-19,CUST02699,new,55+,organic,desktop,beauty,74.39,10,3,200.85,4,5,False
ORD103868,2025-03-19,CUST00358,new,35-44,referral,mobile,clothing,34.24,20,2,54.78,5,5,False
ORD101803,2025-03-19,CUST01968,returning,55+,email,desktop,beauty,27.35,30,1,19.14,10,4,False
ORD103241,2025-03-19,CUST00795,returning,25-34,social_media,mobile,electronics,75.49,0,1,75.49,4,5,False
ORD100687,2025-03-19,CUST00875,returning,18-24,email,desktop,clothing,70.37,5,1,66.85,4,5,False
ORD105185,2025-03-19,CUST02507,returning,18-24,referral,mobile,electronics,180.91,0,1,180.91,6,5,False
ORD104705,2025-03-19,CUST00712,new,25-34,social_media,mobile,clothing,52.08,5,1,49.48,5,4,False
ORD104792,2025-03-19,CUST02488,returning,35-44,search_ads,mobile,clothing,38.77,15,2,65.91,5,5,False
ORD104434,2025-03-19,CUST00650,returning,45-54,referral,mobile,clothing,37.93,0,2,75.86,5,4,False
ORD102942,2025-03-19,CUST02025,returning,35-44,search_ads,mobile,clothing,28.96,20,1,23.17,5,5,False
ORD100240,2025-03-19,CUST03006,new,35-44,referral,mobile,electronics,254.63,15,1,216.44,4,5,False
ORD104467,2025-03-19,CUST01895,returning,35-44,social_media,desktop,home,131.85,10,1,118.66,3,5,False
ORD102150,2025-03-19,CUST00264,new,18-24,social_media,desktop,home,22.72,20,1,18.18,6,5,False
ORD101364,2025-03-19,CUST02739,returning,35-44,social_media,desktop,clothing,34.85,10,1,31.36,6,5,False
ORD104664,2025-03-19,CUST01976,new,45-54,social_media,desktop,home,58.47,30,1,40.93,7,5,False
ORD103988,2025-03-19,CUST02312,new,25-34,organic,mobile,sports,73.02,0,1,73.02,4,5,False
ORD103724,2025-03-19,CUST01596,new,18-24,organic,desktop,sports,45.76,5,3,130.42,8,4,False
ORD103113,2025-03-19,CUST03123,returning,18-24,email,mobile,sports,112.18,0,2,224.36,6,5,False
ORD103281,2025-03-19,CUST00382,returning,25-34,referral,mobile,electronics,252.99,5,1,240.34,4,5,False
ORD104621,2025-03-19,CUST01530,returning,25-34,organic,desktop,clothing,50.81,10,1,45.73,5,4,False
ORD100806,2025-03-19,CUST01226,returning,55+,search_ads,mobile,electronics,72.45,10,1,65.2,8,4,False
ORD101154,2025-03-19,CUST01534,returning,18-24,organic,mobile,home,123.8,10,1,111.42,4,5,False
ORD100200,2025-03-19,CUST01156,returning,45-54,search_ads,mobile,beauty,20.41,20,2,32.66,4,5,False
ORD102371,2025-03-19,CUST01579,returning,45-54,email,desktop,home,32.51,30,2,45.51,8,4,False
ORD104770,2025-03-19,CUST01737,new,45-54,email,mobile,home,75.69,5,2,143.81,2,5,False
ORD102891,2025-03-19,CUST00506,new,45-54,search_ads,desktop,home,60.95,30,1,42.66,5,5,False
ORD102451,2025-03-19,CUST00594,returning,55+,organic,desktop,clothing,40.43,15,1,34.37,6,5,False
ORD103565,2025-03-19,CUST02788,returning,18-24,email,desktop,electronics,177.51,10,1,159.76,4,4,False
ORD104421,2025-03-19,CUST01621,new,25-34,email,mobile,clothing,42.03,0,1,42.03,4,5,True
ORD102036,2025-03-19,CUST01589,new,25-34,organic,mobile,clothing,72.11,0,1,72.11,7,3,True
ORD100776,2025-03-20,CUST02078,returning,18-24,search_ads,desktop,clothing,62.89,15,3,160.37,2,5,True
ORD102056,2025-03-20,CUST01136,new,45-54,email,mobile,home,82.83,5,1,78.69,2,4,False
ORD104930,2025-03-20,CUST03159,returning,25-34,search_ads,desktop,clothing,69.92,30,2,97.89,7,4,True
ORD101016,2025-03-20,CUST02861,new,18-24,organic,desktop,clothing,33.52,20,3,80.45,4,4,False
ORD103752,2025-03-20,CUST00818,new,55+,email,desktop,home,87.55,0,1,87.55,6,4,False
ORD104887,2025-03-20,CUST00920,returning,35-44,organic,desktop,electronics,200.43,0,1,200.43,8,3,False
ORD103075,2025-03-20,CUST01001,returning,35-44,search_ads,desktop,home,66.17,0,3,198.51,2,5,False
ORD100597,2025-03-20,CUST00123,new,25-34,organic,mobile,home,66.14,0,2,132.28,9,4,False
ORD100716,2025-03-20,CUST00130,new,45-54,organic,mobile,sports,45.14,30,1,31.6,3,5,False
ORD103017,2025-03-20,CUST01532,new,55+,search_ads,mobile,clothing,40.65,20,1,32.52,8,4,False
ORD100399,2025-03-20,CUST01479,new,45-54,search_ads,desktop,beauty,44.55,15,3,113.6,5,5,False
ORD103669,2025-03-20,CUST02799,new,45-54,search_ads,mobile,home,74.1,30,1,51.87,8,5,False
ORD104679,2025-03-20,CUST00861,new,25-34,organic,mobile,beauty,62.05,10,1,55.84,2,5,False
ORD102532,2025-03-20,CUST02429,returning,55+,social_media,mobile,home,40.46,20,2,64.74,4,5,False
ORD104469,2025-03-20,CUST01968,new,45-54,social_media,mobile,beauty,14.06,10,2,25.31,3,5,False
ORD100422,2025-03-20,CUST00510,new,45-54,organic,desktop,clothing,31.14,0,1,31.14,3,5,False
ORD101570,2025-03-20,CUST00223,new,35-44,email,mobile,home,53.52,20,1,42.82,7,4,False
ORD101929,2025-03-20,CUST00713,new,25-34,organic,desktop,electronics,255.18,0,1,255.18,5,4,False
ORD100951,2025-03-20,CUST00010,new,25-34,email,desktop,clothing,43.5,15,1,36.98,6,5,False
ORD104555,2025-03-20,CUST00067,new,18-24,social_media,mobile,beauty,38.0,5,3,108.3,5,4,False
ORD101285,2025-03-20,CUST02615,returning,45-54,social_media,mobile,home,105.58,0,3,316.74,3,5,False
ORD102469,2025-03-20,CUST00665,new,25-34,organic,mobile,home,123.78,10,2,222.8,3,5,False
ORD102876,2025-03-20,CUST00184,new,25-34,organic,mobile,home,40.46,5,1,38.44,7,5,False
ORD103435,2025-03-20,CUST00930,new,35-44,organic,mobile,electronics,223.0,15,1,189.55,7,3,False
ORD104539,2025-03-20,CUST00038,returning,35-44,social_media,mobile,sports,104.16,0,2,208.32,7,4,False
ORD100675,2025-03-20,CUST01908,new,45-54,search_ads,desktop,sports,107.02,15,1,90.97,4,5,False
ORD102467,2025-03-20,CUST00846,returning,18-24,social_media,mobile,electronics,61.85,0,2,123.7,9,5,False
ORD102116,2025-03-20,CUST02872,new,35-44,search_ads,mobile,home,122.04,15,3,311.2,6,5,False
ORD101656,2025-03-20,CUST03120,returning,25-34,search_ads,mobile,home,125.79,30,1,88.05,4,4,False
ORD102665,2025-03-20,CUST01971,new,35-44,social_media,mobile,electronics,95.11,20,3,228.26,9,5,False
ORD103713,2025-03-20,CUST02438,returning,25-34,organic,desktop,electronics,151.55,10,2,272.79,11,5,False
ORD105045,2025-03-20,CUST01946,returning,18-24,search_ads,desktop,electronics,88.39,0,1,88.39,4,5,False
ORD103624,2025-03-20,CUST01758,returning,35-44,email,desktop,home,24.05,10,1,21.64,4,5,False
ORD102971,2025-03-20,CUST02857,returning,45-54,social_media,desktop,beauty,28.98,15,1,24.63,6,5,False
ORD101073,2025-03-20,CUST00332,new,35-44,organic,desktop,clothing,69.63,0,2,139.26,6,5,False
ORD104905,2025-03-20,CUST00155,new,25-34,email,desktop,beauty,31.84,10,2,57.31,5,5,False
ORD104616,2025-03-20,CUST02311,returning,18-24,referral,desktop,electronics,84.07,0,1,84.07,9,5,False
ORD105135,2025-03-21,CUST02821,returning,25-34,organic,desktop,electronics,189.59,10,1,170.63,10,4,False
ORD103738,2025-03-21,CUST00259,new,18-24,email,desktop,electronics,71.02,15,1,60.37,9,5,True
ORD103772,2025-03-21,CUST01513,new,35-44,organic,mobile,beauty,24.83,15,3,63.32,7,5,False
ORD102712,2025-03-21,CUST00133,new,45-54,social_media,desktop,sports,57.8,10,1,52.02,4,4,False
ORD100310,2025-03-21,CUST00605,returning,45-54,email,mobile,home,52.27,0,3,156.81,1,5,False
ORD102660,2025-03-21,CUST00077,new,45-54,email,mobile,beauty,28.12,15,1,23.9,3,5,False
ORD103691,2025-03-21,CUST01254,new,18-24,social_media,mobile,clothing,81.1,20,2,129.76,3,5,False
ORD103942,2025-03-21,CUST01383,new,45-54,organic,mobile,clothing,35.2,0,2,70.4,7,5,False
ORD102142,2025-03-21,CUST02119,returning,35-44,social_media,mobile,electronics,240.5,0,3,721.5,4,5,False
ORD103440,2025-03-21,CUST02182,new,45-54,organic,mobile,home,46.52,0,3,139.56,4,5,False
ORD103652,2025-03-21,CUST01228,returning,35-44,organic,desktop,clothing,20.45,0,2,40.9,3,5,False
ORD105092,2025-03-21,CUST00837,new,25-34,organic,mobile,clothing,50.92,0,1,50.92,7,5,False
ORD103919,2025-03-21,CUST01208,new,35-44,email,mobile,home,64.42,15,1,54.76,6,5,False
ORD101203,2025-03-21,CUST01091,new,25-34,organic,desktop,clothing,81.81,10,2,147.26,3,5,False
ORD102970,2025-03-21,CUST01807,new,55+,organic,mobile,home,105.22,10,1,94.7,5,5,False
ORD105111,2025-03-21,CUST02670,new,35-44,organic,mobile,sports,175.93,20,2,281.49,5,5,False
ORD100557,2025-03-21,CUST01093,new,18-24,organic,mobile,clothing,56.47,0,3,169.41,5,5,False
ORD104892,2025-03-21,CUST01028,returning,35-44,search_ads,desktop,clothing,21.84,20,1,17.47,6,5,False
ORD100413,2025-03-21,CUST00507,new,18-24,email,mobile,sports,66.54,0,2,133.08,5,4,False
ORD100679,2025-03-21,CUST00758,new,18-24,social_media,desktop,beauty,40.72,10,1,36.65,3,4,False
ORD101341,2025-03-21,CUST00565,returning,18-24,social_media,mobile,beauty,8.92,10,1,8.03,7,4,False
ORD102225,2025-03-21,CUST01035,new,25-34,social_media,desktop,home,198.79,10,2,357.82,2,5,False
ORD105082,2025-03-21,CUST00986,returning,55+,email,mobile,clothing,47.58,30,3,99.92,2,5,False
ORD103657,2025-03-21,CUST01392,new,35-44,organic,desktop,electronics,312.69,5,1,297.06,7,5,False
ORD101652,2025-03-21,CUST02079,returning,45-54,organic,desktop,beauty,61.75,0,1,61.75,3,5,False
ORD101689,2025-03-21,CUST02955,returning,55+,search_ads,mobile,electronics,219.57,20,3,526.97,6,5,False
ORD100245,2025-03-22,CUST02086,new,45-54,social_media,desktop,beauty,31.48,10,1,28.33,7,4,False
ORD101160,2025-03-22,CUST02650,new,35-44,search_ads,desktop,sports,60.82,20,2,97.31,10,4,True
ORD103018,2025-03-22,CUST00715,new,25-34,organic,mobile,clothing,62.75,0,2,125.5,7,5,False
ORD100479,2025-03-22,CUST01768,new,25-34,organic,desktop,home,74.11,15,2,125.99,5,4,False
ORD101176,2025-03-22,CUST03028,new,25-34,referral,desktop,electronics,279.37,15,3,712.39,8,5,False
ORD101643,2025-03-22,CUST00597,returning,55+,organic,desktop,clothing,40.45,10,1,36.4,4,4,False
ORD100782,2025-03-22,CUST03143,new,25-34,social_media,mobile,sports,93.46,10,1,84.11,4,5,False
ORD102682,2025-03-22,CUST00557,returning,35-44,organic,mobile,home,181.91,10,3,491.16,4,5,False
ORD100696,2025-03-22,CUST02715,new,18-24,social_media,desktop,clothing,64.07,15,3,163.38,3,5,False
ORD102984,2025-03-22,CUST02448,returning,25-34,organic,mobile,beauty,71.69,0,3,215.07,12,5,True
ORD101949,2025-03-22,CUST00195,new,25-34,organic,desktop,electronics,127.1,10,1,114.39,6,5,False
ORD100950,2025-03-22,CUST02620,returning,35-44,search_ads,desktop,clothing,105.75,0,2,211.5,13,4,False
ORD104378,2025-03-22,CUST03018,new,25-34,search_ads,desktop,home,252.43,0,3,757.29,3,5,True
ORD101923,2025-03-22,CUST03114,new,35-44,organic,mobile,home,154.33,5,2,293.23,5,5,False
ORD100972,2025-03-22,CUST00530,new,18-24,organic,mobile,beauty,57.13,15,1,48.56,3,5,True
ORD102479,2025-03-22,CUST00088,new,35-44,referral,mobile,home,119.01,0,2,238.02,4,5,False
ORD102525,2025-03-22,CUST00076,returning,25-34,organic,mobile,sports,40.66,20,1,32.53,9,3,True
ORD100147,2025-03-22,CUST01625,returning,18-24,social_media,mobile,clothing,28.39,15,1,24.13,2,5,False
ORD100856,2025-03-22,CUST01588,returning,55+,social_media,mobile,beauty,40.17,0,1,40.17,5,4,False
ORD100025,2025-03-22,CUST02537,new,25-34,organic,mobile,electronics,232.14,0,2,464.28,6,5,False
ORD101608,2025-03-22,CUST01373,returning,25-34,email,mobile,home,81.5,0,2,163.0,4,4,False
ORD100725,2025-03-23,CUST02184,returning,25-34,organic,mobile,beauty,37.54,0,2,75.08,4,5,False
ORD104099,2025-03-23,CUST02357,returning,25-34,organic,mobile,electronics,153.94,0,2,307.88,3,4,False
ORD102023,2025-03-23,CUST01972,new,45-54,email,mobile,electronics,116.81,10,1,105.13,8,5,False
ORD100551,2025-03-23,CUST00961,returning,35-44,social_media,mobile,sports,45.16,10,3,121.93,4,4,False
ORD103735,2025-03-23,CUST02664,returning,45-54,social_media,mobile,sports,53.25,15,1,45.26,6,4,False
ORD103587,2025-03-23,CUST02748,new,25-34,email,desktop,electronics,205.06,10,1,184.55,9,5,False
ORD104341,2025-03-23,CUST02118,new,35-44,social_media,mobile,electronics,203.64,0,1,203.64,4,5,False
ORD103286,2025-03-23,CUST01566,returning,45-54,social_media,mobile,electronics,216.17,10,2,389.11,8,5,False
ORD105061,2025-03-23,CUST01465,new,45-54,organic,desktop,electronics,247.3,5,1,234.94,10,4,False
ORD104900,2025-03-23,CUST02666,new,45-54,social_media,mobile,clothing,21.28,15,1,18.09,6,4,False
ORD104713,2025-03-23,CUST00622,new,35-44,search_ads,mobile,electronics,44.55,20,1,35.64,4,5,False
ORD104086,2025-03-23,CUST02037,returning,25-34,search_ads,mobile,home,52.92,20,1,42.34,3,5,False
ORD104275,2025-03-23,CUST02852,returning,25-34,email,mobile,beauty,26.13,0,1,26.13,4,4,False
ORD102977,2025-03-23,CUST01446,new,25-34,search_ads,desktop,clothing,19.09,15,1,16.23,5,5,False
ORD103232,2025-03-23,CUST00590,new,45-54,referral,mobile,home,52.93,10,3,142.91,4,5,False
ORD102654,2025-03-23,CUST01638,returning,35-44,email,desktop,electronics,368.74,5,3,1050.91,4,5,False
ORD100610,2025-03-23,CUST01743,returning,25-34,search_ads,mobile,home,78.31,20,1,62.65,7,5,False
ORD103889,2025-03-23,CUST01756,returning,25-34,organic,mobile,sports,30.38,20,1,24.3,2,5,False
ORD100884,2025-03-23,CUST02128,returning,35-44,referral,desktop,clothing,41.27,20,1,33.02,7,4,False
ORD103531,2025-03-23,CUST02152,new,18-24,referral,desktop,home,53.04,0,2,106.08,5,5,False
ORD105018,2025-03-23,CUST00097,new,25-34,social_media,mobile,clothing,88.55,5,1,84.12,5,4,False
ORD102412,2025-03-23,CUST00885,returning,18-24,email,mobile,electronics,102.46,10,2,184.43,12,5,False
ORD104945,2025-03-23,CUST03101,returning,55+,social_media,desktop,sports,41.05,5,3,116.99,8,4,False
ORD103162,2025-03-23,CUST02814,new,55+,search_ads,mobile,clothing,74.94,20,2,119.9,4,5,False
ORD103931,2025-03-23,CUST02109,returning,18-24,organic,mobile,electronics,203.05,0,3,609.15,8,4,False
ORD102324,2025-03-23,CUST02756,returning,35-44,organic,mobile,beauty,45.37,10,1,40.83,2,5,False
ORD100842,2025-03-23,CUST01312,new,25-34,organic,desktop,sports,118.13,20,2,189.01,5,5,False
ORD100440,2025-03-23,CUST02294,returning,25-34,organic,mobile,electronics,112.61,30,3,236.48,9,5,False
ORD102889,2025-03-23,CUST02660,new,55+,organic,desktop,sports,40.15,10,2,72.27,3,5,False
ORD103723,2025-03-23,CUST01988,returning,35-44,search_ads,mobile,electronics,268.44,0,1,268.44,8,4,False
ORD104228,2025-03-23,CUST01610,new,35-44,organic,desktop,electronics,310.24,5,3,884.18,8,4,False
ORD100814,2025-03-23,CUST00144,new,25-34,email,mobile,electronics,131.09,30,1,91.76,6,5,False
ORD100045,2025-03-23,CUST02256,new,45-54,search_ads,mobile,home,57.69,15,1,49.04,3,5,False
ORD101353,2025-03-23,CUST03098,new,35-44,social_media,mobile,electronics,201.35,20,2,322.16,7,5,False
ORD102919,2025-03-23,CUST02629,returning,25-34,social_media,desktop,home,114.45,0,3,343.35,6,5,False
ORD103264,2025-03-23,CUST00929,returning,35-44,search_ads,desktop,beauty,50.25,10,1,45.22,5,4,True
ORD104541,2025-03-23,CUST02202,new,45-54,social_media,mobile,clothing,78.24,0,1,78.24,5,4,False
ORD100839,2025-03-23,CUST00260,returning,35-44,referral,mobile,electronics,108.32,0,2,216.64,6,5,False
ORD104865,2025-03-23,CUST01867,returning,18-24,referral,desktop,clothing,14.61,15,1,12.42,3,5,False
ORD100002,2025-03-24,CUST00581,new,45-54,search_ads,desktop,clothing,53.46,20,1,42.77,4,5,False
ORD103712,2025-03-24,CUST02559,returning,45-54,organic,mobile,home,92.99,10,2,167.38,7,5,False
ORD101934,2025-03-24,CUST02798,new,55+,organic,mobile,home,49.04,0,1,49.04,5,5,False
ORD103779,2025-03-24,CUST01497,new,25-34,social_media,mobile,clothing,68.27,0,3,204.81,3,5,False
ORD100006,2025-03-24,CUST00846,new,18-24,social_media,mobile,sports,30.09,0,1,30.09,4,5,False
ORD103765,2025-03-24,CUST01712,new,35-44,organic,desktop,sports,122.06,20,2,195.3,3,4,False
ORD102535,2025-03-24,CUST02760,new,45-54,email,mobile,beauty,9.02,10,2,16.24,7,3,False
ORD104236,2025-03-24,CUST00763,new,45-54,search_ads,desktop,sports,61.93,20,1,49.54,6,5,False
ORD101945,2025-03-24,CUST02024,returning,45-54,organic,mobile,electronics,92.98,10,1,83.68,7,3,False
ORD101421,2025-03-24,CUST01228,new,25-34,social_media,mobile,electronics,165.53,10,1,148.98,5,5,False
ORD100815,2025-03-24,CUST01205,new,18-24,organic,mobile,electronics,115.25,20,1,92.2,9,5,True
ORD101678,2025-03-24,CUST02386,returning,35-44,organic,desktop,clothing,81.06,0,3,243.18,2,4,False
ORD101957,2025-03-24,CUST01606,new,35-44,search_ads,mobile,electronics,106.78,15,2,181.53,4,5,False
ORD104372,2025-03-24,CUST02926,returning,35-44,social_media,desktop,home,67.03,0,2,134.06,3,5,False
ORD103911,2025-03-24,CUST01757,new,45-54,referral,mobile,electronics,61.95,0,1,61.95,6,5,False
ORD102058,2025-03-24,CUST02306,new,35-44,email,mobile,beauty,45.34,15,1,38.54,3,5,True
ORD104443,2025-03-24,CUST01872,new,45-54,referral,mobile,electronics,152.63,10,3,412.1,7,4,False
ORD101916,2025-03-24,CUST02624,new,35-44,social_media,mobile,electronics,209.78,0,3,629.34,5,5,False
ORD103843,2025-03-24,CUST02404,returning,25-34,search_ads,mobile,electronics,174.81,0,3,524.43,9,4,False
ORD101082,2025-03-24,CUST01466,returning,45-54,email,desktop,home,126.83,5,2,240.98,3,4,True
ORD104331,2025-03-24,CUST00532,new,55+,social_media,desktop,sports,40.74,0,1,40.74,4,5,False
ORD102643,2025-03-24,CUST02065,new,35-44,organic,desktop,clothing,35.26,15,1,29.97,4,5,False
ORD103570,2025-03-24,CUST00990,new,45-54,email,desktop,electronics,104.36,0,3,313.08,5,5,False
ORD101324,2025-03-24,CUST02726,new,35-44,organic,mobile,electronics,209.07,0,1,209.07,10,5,False
ORD101569,2025-03-24,CUST02112,new,25-34,organic,mobile,electronics,183.78,20,1,147.02,4,5,False
ORD102998,2025-03-24,CUST00229,returning,45-54,organic,desktop,clothing,39.24,10,1,35.32,3,4,False
ORD104382,2025-03-25,CUST02927,new,25-34,organic,mobile,clothing,20.77,10,1,18.69,1,4,False
ORD103782,2025-03-25,CUST00350,new,45-54,social_media,mobile,clothing,25.01,10,2,45.02,8,3,False
ORD100174,2025-03-25,CUST02897,new,25-34,social_media,mobile,home,74.15,0,1,74.15,10,5,True
ORD100566,2025-03-25,CUST02325,returning,18-24,social_media,desktop,home,70.2,0,1,70.2,8,5,False
ORD103788,2025-03-25,CUST00331,new,25-34,social_media,mobile,electronics,87.6,30,1,61.32,6,5,False
ORD102008,2025-03-25,CUST01244,returning,25-34,social_media,desktop,clothing,20.6,5,3,58.71,7,5,False
ORD100456,2025-03-25,CUST02793,new,45-54,social_media,desktop,sports,25.27,5,1,24.01,5,4,False
ORD101659,2025-03-25,CUST01460,new,25-34,social_media,mobile,electronics,145.16,10,2,261.29,3,5,False
ORD102638,2025-03-25,CUST00701,returning,25-34,social_media,mobile,home,95.28,10,2,171.5,3,5,False
ORD104600,2025-03-25,CUST03179,new,25-34,organic,mobile,clothing,69.19,15,1,58.81,2,5,False
ORD102095,2025-03-25,CUST00839,new,18-24,referral,desktop,electronics,125.46,0,1,125.46,3,5,False
ORD102811,2025-03-25,CUST02795,new,25-34,social_media,desktop,beauty,17.61,10,2,31.7,3,5,False
ORD104649,2025-03-25,CUST02688,new,55+,social_media,desktop,home,52.65,10,2,94.77,4,5,False
ORD101442,2025-03-25,CUST02566,returning,25-34,organic,mobile,clothing,55.66,10,1,50.09,2,5,False
ORD104464,2025-03-25,CUST02515,returning,35-44,organic,desktop,clothing,78.16,10,2,140.69,3,4,False
ORD102698,2025-03-25,CUST03157,new,35-44,social_media,desktop,home,34.75,20,1,27.8,8,4,False
ORD103422,2025-03-25,CUST01429,returning,25-34,social_media,desktop,electronics,56.99,15,1,48.44,8,5,True
ORD103403,2025-03-25,CUST02335,new,35-44,email,mobile,clothing,25.04,0,1,25.04,4,4,False
ORD103532,2025-03-25,CUST02000,new,18-24,social_media,mobile,home,40.25,0,1,40.25,1,4,False
ORD103546,2025-03-25,CUST00344,new,25-34,organic,desktop,electronics,121.48,20,1,97.18,4,5,True
ORD104051,2025-03-25,CUST00834,new,55+,email,mobile,clothing,85.92,15,3,219.1,5,4,False
ORD105063,2025-03-25,CUST00928,returning,35-44,search_ads,mobile,electronics,285.33,0,1,285.33,4,5,False
ORD102219,2025-03-25,CUST01055,new,35-44,search_ads,mobile,home,111.16,10,1,100.04,7,5,False
ORD100688,2025-03-25,CUST00810,new,18-24,social_media,mobile,electronics,44.6,20,1,35.68,9,5,False
ORD100825,2025-03-25,CUST02314,new,25-34,search_ads,desktop,clothing,23.92,10,2,43.06,7,5,True
ORD101273,2025-03-25,CUST02430,new,25-34,organic,desktop,home,115.78,15,2,196.83,7,4,False
ORD102075,2025-03-25,CUST01615,new,45-54,organic,mobile,beauty,10.86,0,2,21.72,3,5,False
ORD100932,2025-03-26,CUST02615,returning,45-54,email,desktop,beauty,18.28,5,1,17.37,2,4,False
ORD101999,2025-03-26,CUST00020,returning,45-54,organic,desktop,beauty,33.29,15,2,56.59,5,5,False
ORD102771,2025-03-26,CUST00360,new,25-34,organic,mobile,clothing,20.5,20,1,16.4,4,5,False
ORD102651,2025-03-26,CUST01664,new,45-54,email,mobile,home,72.43,0,2,144.86,5,5,False
ORD102298,2025-03-26,CUST02806,new,25-34,organic,desktop,clothing,77.39,5,2,147.04,4,5,False
ORD104763,2025-03-26,CUST01598,new,35-44,organic,mobile,beauty,48.67,20,2,77.87,9,5,False
ORD104821,2025-03-26,CUST00542,new,35-44,organic,mobile,electronics,135.81,10,2,244.46,8,5,False
ORD103906,2025-03-26,CUST02475,new,45-54,search_ads,mobile,clothing,78.8,20,2,126.08,2,5,False
ORD104528,2025-03-26,CUST01741,new,55+,search_ads,mobile,electronics,133.71,0,2,267.42,4,5,True
ORD103615,2025-03-26,CUST00686,returning,35-44,search_ads,desktop,beauty,33.13,10,2,59.63,2,5,False
ORD104709,2025-03-26,CUST00991,returning,18-24,organic,mobile,beauty,35.12,0,1,35.12,5,5,False
ORD100027,2025-03-26,CUST02312,returning,35-44,organic,mobile,electronics,73.34,0,1,73.34,7,3,True
ORD102792,2025-03-26,CUST02156,new,55+,organic,desktop,home,62.08,0,1,62.08,4,5,False
ORD101306,2025-03-26,CUST00529,returning,25-34,search_ads,mobile,beauty,29.11,0,1,29.11,11,3,False
ORD101971,2025-03-26,CUST02917,new,45-54,social_media,mobile,sports,38.28,5,1,36.37,4,4,False
ORD104251,2025-03-26,CUST02082,returning,35-44,organic,mobile,beauty,6.38,5,1,6.06,5,4,False
ORD101287,2025-03-26,CUST02821,new,25-34,organic,desktop,beauty,15.18,30,1,10.63,10,4,False
ORD101714,2025-03-26,CUST02671,returning,18-24,organic,desktop,beauty,24.61,15,1,20.92,5,5,False
ORD101328,2025-03-26,CUST01515,new,18-24,organic,mobile,beauty,15.48,0,1,15.48,5,5,False
ORD101349,2025-03-26,CUST01372,new,35-44,referral,desktop,electronics,231.31,5,1,219.74,8,4,False
ORD100126,2025-03-26,CUST00519,returning,45-54,social_media,mobile,electronics,92.61,10,1,83.35,9,5,True
ORD101748,2025-03-26,CUST00344,returning,35-44,email,desktop,home,104.71,10,1,94.24,4,5,False
ORD103186,2025-03-26,CUST00051,returning,18-24,search_ads,desktop,sports,57.64,20,2,92.22,1,5,False
ORD103024,2025-03-26,CUST02803,new,18-24,social_media,mobile,home,92.9,5,1,88.26,4,5,False
ORD103007,2025-03-26,CUST01992,new,55+,social_media,mobile,clothing,37.98,10,3,102.55,2,5,False
ORD101947,2025-03-26,CUST00919,new,18-24,search_ads,mobile,beauty,31.66,15,1,26.91,8,5,False
ORD104454,2025-03-26,CUST01597,new,25-34,search_ads,desktop,home,72.41,20,1,57.93,4,4,False
ORD100595,2025-03-26,CUST00996,returning,25-34,organic,mobile,electronics,25.79,10,1,23.21,6,5,False
ORD102190,2025-03-27,CUST01516,new,18-24,search_ads,mobile,clothing,26.52,10,2,47.74,5,4,False
ORD100928,2025-03-27,CUST01589,returning,25-34,social_media,desktop,electronics,101.59,0,3,304.77,9,3,True
ORD105143,2025-03-27,CUST00955,new,18-24,search_ads,mobile,electronics,100.56,10,1,90.5,3,5,False
ORD100280,2025-03-27,CUST00081,new,25-34,search_ads,desktop,clothing,63.32,10,2,113.98,2,5,False
ORD100221,2025-03-27,CUST00664,new,25-34,search_ads,desktop,electronics,152.7,15,3,389.38,12,4,True
ORD100681,2025-03-27,CUST02200,new,18-24,organic,mobile,clothing,54.08,0,3,162.24,5,5,False
ORD104654,2025-03-27,CUST02779,returning,18-24,social_media,mobile,home,71.41,10,2,128.54,4,5,False
ORD100432,2025-03-27,CUST01069,returning,35-44,search_ads,desktop,clothing,73.44,15,1,62.42,3,4,False
ORD104409,2025-03-27,CUST00160,returning,25-34,organic,mobile,electronics,159.35,10,2,286.83,10,5,False
ORD100017,2025-03-27,CUST00283,returning,25-34,social_media,desktop,home,87.88,0,1,87.88,4,5,False
ORD104611,2025-03-27,CUST02801,returning,35-44,search_ads,desktop,clothing,55.71,0,2,111.42,11,5,False
ORD102026,2025-03-27,CUST02591,returning,18-24,search_ads,mobile,electronics,98.2,15,3,250.41,8,4,True
ORD101580,2025-03-27,CUST01697,returning,35-44,social_media,mobile,home,59.7,20,1,47.76,1,5,False
ORD101478,2025-03-27,CUST01967,new,25-34,search_ads,desktop,home,34.16,0,2,68.32,5,5,False
ORD101529,2025-03-27,CUST00253,returning,25-34,organic,mobile,clothing,58.48,5,3,166.67,5,5,False
ORD101562,2025-03-27,CUST03116,returning,35-44,organic,desktop,home,86.47,10,3,233.47,6,5,False
ORD103667,2025-03-27,CUST00157,new,25-34,organic,mobile,beauty,22.81,20,2,36.5,4,5,False
ORD102683,2025-03-27,CUST00655,returning,18-24,social_media,desktop,electronics,270.48,15,1,229.91,7,3,False
ORD103171,2025-03-27,CUST00247,new,45-54,search_ads,mobile,electronics,231.22,20,1,184.98,11,4,False
ORD103209,2025-03-27,CUST00213,returning,25-34,social_media,mobile,clothing,21.61,10,1,19.45,5,5,True
ORD103348,2025-03-27,CUST00993,new,45-54,social_media,mobile,home,84.14,10,1,75.73,3,5,False
ORD103304,2025-03-27,CUST02582,new,55+,search_ads,mobile,clothing,29.32,10,3,79.16,5,5,False
ORD101820,2025-03-27,CUST02811,new,35-44,email,desktop,beauty,47.96,15,2,81.53,5,5,False
ORD103340,2025-03-27,CUST02925,new,25-34,social_media,mobile,clothing,27.99,0,1,27.99,6,5,False
ORD105164,2025-03-28,CUST00083,new,25-34,email,mobile,beauty,35.18,30,1,24.63,8,5,False
ORD101460,2025-03-28,CUST00729,returning,25-34,email,mobile,home,192.0,15,3,489.6,1,5,False
ORD104919,2025-03-28,CUST00431,new,25-34,organic,mobile,beauty,33.27,5,1,31.61,6,5,False
ORD103641,2025-03-28,CUST01129,new,45-54,social_media,desktop,home,137.35,20,1,109.88,2,5,False
ORD102966,2025-03-28,CUST00887,new,45-54,social_media,mobile,electronics,29.6,15,1,25.16,13,4,True
ORD101236,2025-03-28,CUST00028,returning,45-54,social_media,mobile,clothing,19.41,0,2,38.82,7,4,False
ORD100459,2025-03-28,CUST02531,new,45-54,email,desktop,electronics,237.84,15,1,202.16,3,5,False
ORD100531,2025-03-28,CUST03144,returning,45-54,referral,desktop,electronics,166.06,15,1,141.15,5,5,False
ORD103944,2025-03-28,CUST01319,returning,55+,organic,mobile,sports,25.5,15,2,43.35,8,4,True
ORD101193,2025-03-28,CUST01457,returning,25-34,organic,mobile,electronics,109.65,0,2,219.3,4,5,False
ORD102798,2025-03-28,CUST01623,returning,35-44,organic,desktop,clothing,88.74,10,2,159.73,6,5,False
ORD101987,2025-03-28,CUST02231,new,25-34,email,mobile,beauty,23.06,0,1,23.06,5,5,False
ORD104375,2025-03-28,CUST01510,returning,45-54,email,mobile,electronics,81.45,0,1,81.45,6,5,False
ORD100999,2025-03-28,CUST02602,new,45-54,social_media,desktop,beauty,56.08,5,2,106.55,3,5,False
ORD100372,2025-03-28,CUST03056,returning,35-44,referral,mobile,clothing,41.3,0,3,123.9,7,5,False
ORD103646,2025-03-28,CUST02160,new,45-54,search_ads,mobile,electronics,239.57,15,3,610.9,10,4,False
ORD100897,2025-03-28,CUST02352,returning,25-34,organic,mobile,clothing,74.64,10,3,201.53,5,5,False
ORD101648,2025-03-28,CUST00088,returning,45-54,email,desktop,sports,90.55,0,1,90.55,3,5,False
ORD101093,2025-03-28,CUST01324,returning,35-44,organic,mobile,sports,89.18,0,1,89.18,7,5,True
ORD101626,2025-03-28,CUST01976,returning,25-34,search_ads,mobile,home,22.04,10,3,59.51,1,4,False
ORD101275,2025-03-28,CUST00923,new,18-24,search_ads,mobile,electronics,180.84,10,2,325.51,16,5,False
ORD100985,2025-03-28,CUST00677,returning,25-34,email,desktop,beauty,38.59,0,1,38.59,8,5,False
ORD100298,2025-03-28,CUST00190,new,35-44,search_ads,mobile,sports,20.21,15,2,34.36,6,5,False
ORD102706,2025-03-28,CUST01413,new,45-54,search_ads,mobile,beauty,26.75,15,3,68.21,6,5,False
ORD103506,2025-03-28,CUST02876,returning,25-34,organic,mobile,home,27.6,15,1,23.46,6,5,False
ORD101063,2025-03-28,CUST02274,new,25-34,search_ads,mobile,home,95.63,10,3,258.2,8,5,False
ORD104484,2025-03-28,CUST00292,new,25-34,organic,mobile,electronics,115.8,10,1,104.22,7,4,True
ORD102600,2025-03-29,CUST02588,new,45-54,email,desktop,clothing,44.02,0,2,88.04,7,4,False
ORD100417,2025-03-29,CUST01938,returning,25-34,referral,desktop,electronics,182.65,5,1,173.52,3,5,False
ORD102883,2025-03-29,CUST02530,returning,25-34,email,desktop,home,92.36,0,2,184.72,3,4,False
ORD101018,2025-03-29,CUST02051,new,25-34,social_media,desktop,beauty,12.79,0,1,12.79,8,4,False
ORD104725,2025-03-29,CUST01885,new,25-34,email,mobile,electronics,63.16,30,1,44.21,11,4,False
ORD102644,2025-03-29,CUST00780,new,35-44,social_media,desktop,home,153.89,5,1,146.2,7,5,True
ORD101162,2025-03-29,CUST00920,new,45-54,social_media,desktop,clothing,37.19,10,2,66.94,7,4,False
ORD100473,2025-03-29,CUST00940,new,35-44,referral,desktop,electronics,180.51,10,1,162.46,12,5,False
ORD101859,2025-03-29,CUST01956,returning,55+,organic,desktop,home,57.33,0,3,171.99,1,4,False
ORD100254,2025-03-29,CUST01674,new,55+,email,mobile,beauty,35.52,10,1,31.97,3,5,False
ORD104473,2025-03-29,CUST01359,new,35-44,organic,mobile,electronics,69.58,5,2,132.2,8,5,False
ORD103408,2025-03-29,CUST01400,new,35-44,organic,mobile,clothing,38.44,20,2,61.5,6,5,True
ORD104118,2025-03-29,CUST02419,new,18-24,organic,mobile,clothing,46.05,5,3,131.24,6,5,False
ORD103219,2025-03-29,CUST00403,returning,18-24,organic,mobile,clothing,69.11,0,1,69.11,6,5,False
ORD105166,2025-03-29,CUST01618,returning,35-44,organic,mobile,sports,77.19,0,1,77.19,3,5,False
ORD102369,2025-03-29,CUST01996,returning,35-44,organic,mobile,electronics,204.32,5,1,194.1,11,4,False
ORD100648,2025-03-29,CUST01937,new,55+,social_media,desktop,home,193.64,10,2,348.55,5,5,False
ORD100486,2025-03-29,CUST00932,new,25-34,referral,desktop,sports,68.55,0,1,68.55,2,5,False
ORD102124,2025-03-29,CUST01905,returning,25-34,organic,desktop,electronics,263.16,15,3,671.06,6,5,False
ORD102122,2025-03-29,CUST02168,new,35-44,organic,desktop,home,66.31,0,2,132.62,6,5,False
ORD101405,2025-03-29,CUST02043,returning,55+,organic,mobile,electronics,187.7,15,1,159.54,8,5,False
ORD104381,2025-03-29,CUST00297,new,25-34,search_ads,desktop,beauty,22.52,30,3,47.29,4,5,True
ORD103033,2025-03-29,CUST02167,new,25-34,search_ads,desktop,clothing,36.78,30,1,25.75,7,5,False
ORD104294,2025-03-29,CUST02924,new,18-24,email,desktop,clothing,91.96,5,1,87.36,4,5,False
ORD100070,2025-03-29,CUST01916,returning,18-24,referral,desktop,clothing,64.77,10,3,174.88,7,5,False
ORD102962,2025-03-29,CUST02483,returning,25-34,social_media,mobile,home,192.62,15,1,163.73,8,4,False
ORD102414,2025-03-29,CUST02366,new,18-24,organic,desktop,electronics,185.43,20,2,296.69,8,4,False
ORD105123,2025-03-29,CUST02977,returning,18-24,social_media,desktop,beauty,44.51,5,1,42.28,8,4,False
ORD104904,2025-03-30,CUST02458,returning,18-24,social_media,desktop,clothing,53.14,10,2,95.65,3,5,False
ORD102590,2025-03-30,CUST01849,returning,45-54,search_ads,desktop,clothing,85.61,20,1,68.49,6,5,False
ORD101060,2025-03-30,CUST01221,returning,45-54,referral,mobile,sports,67.38,30,2,94.33,8,4,False
ORD102968,2025-03-30,CUST01472,new,35-44,social_media,mobile,electronics,105.68,10,2,190.22,8,4,False
ORD101480,2025-03-30,CUST02193,returning,35-44,email,mobile,clothing,109.52,30,1,76.66,3,5,False
ORD100907,2025-03-30,CUST01777,new,45-54,search_ads,desktop,clothing,42.65,10,2,76.77,6,5,False
ORD103541,2025-03-30,CUST00751,new,25-34,email,desktop,electronics,239.44,0,1,239.44,5,4,True
ORD100521,2025-03-30,CUST03011,new,25-34,organic,mobile,electronics,418.86,10,1,376.97,4,4,False
ORD104217,2025-03-30,CUST02600,new,35-44,social_media,mobile,home,79.78,5,1,75.79,8,5,False
ORD104813,2025-03-30,CUST00058,returning,45-54,search_ads,mobile,home,110.37,15,2,187.63,4,4,False
ORD100896,2025-03-30,CUST01080,new,25-34,search_ads,mobile,electronics,42.54,15,2,72.32,6,5,False
ORD104220,2025-03-30,CUST02958,new,55+,social_media,desktop,home,95.94,30,3,201.47,6,5,False
ORD100642,2025-03-30,CUST01452,new,55+,email,mobile,clothing,29.88,10,2,53.78,5,5,False
ORD103145,2025-03-30,CUST01460,returning,25-34,email,mobile,electronics,64.33,20,3,154.39,6,4,False
ORD101339,2025-03-30,CUST02948,new,25-34,social_media,mobile,electronics,144.06,10,1,129.65,5,5,False
ORD100302,2025-03-30,CUST02128,returning,55+,email,desktop,sports,79.35,0,3,238.05,4,5,False
ORD102226,2025-03-30,CUST02158,returning,18-24,social_media,desktop,clothing,32.06,10,2,57.71,2,5,False
ORD100784,2025-03-30,CUST02641,new,45-54,search_ads,desktop,clothing,32.7,10,1,29.43,6,4,False
ORD103078,2025-03-30,CUST01878,new,35-44,search_ads,mobile,electronics,160.76,15,2,273.29,6,5,False
ORD102119,2025-03-30,CUST00113,new,25-34,social_media,mobile,home,121.33,10,1,109.2,10,4,False
ORD100412,2025-03-30,CUST01160,returning,25-34,search_ads,mobile,beauty,76.64,30,1,53.65,7,3,False
ORD103923,2025-03-30,CUST02453,new,35-44,social_media,desktop,home,93.77,20,2,150.03,7,3,False
ORD101558,2025-03-30,CUST01643,new,25-34,social_media,desktop,clothing,54.21,20,1,43.37,7,4,False
ORD100644,2025-03-30,CUST00197,returning,25-34,organic,desktop,clothing,14.63,20,1,11.7,6,5,False
ORD103784,2025-03-30,CUST00525,returning,35-44,social_media,desktop,clothing,59.98,30,3,125.96,9,5,False
ORD102164,2025-03-30,CUST00650,new,45-54,email,desktop,clothing,35.53,5,2,67.51,8,5,False
ORD105103,2025-03-30,CUST00351,new,18-24,email,desktop,sports,108.76,15,2,184.89,4,5,False
ORD105012,2025-03-30,CUST02539,returning,18-24,referral,mobile,home,93.18,10,2,167.72,6,4,False
ORD105118,2025-03-31,CUST02497,returning,55+,search_ads,mobile,sports,91.91,0,2,183.82,3,5,False
ORD102808,2025-03-31,CUST01554,returning,25-34,organic,desktop,home,102.54,10,1,92.29,8,4,False
ORD104446,2025-03-31,CUST00861,new,18-24,email,desktop,home,177.93,0,1,177.93,7,5,True
ORD105095,2025-03-31,CUST02741,new,35-44,social_media,mobile,beauty,19.62,0,2,39.24,2,5,False
ORD101000,2025-03-31,CUST02860,returning,18-24,organic,desktop,clothing,48.2,10,2,86.76,6,5,False
ORD102385,2025-03-31,CUST01739,new,25-34,email,mobile,beauty,33.52,0,2,67.04,4,4,False
ORD103558,2025-03-31,CUST00151,new,18-24,social_media,mobile,clothing,20.98,5,2,39.86,5,5,False
ORD103370,2025-03-31,CUST01243,returning,25-34,search_ads,desktop,electronics,94.4,15,1,80.24,8,3,False
ORD104914,2025-03-31,CUST02441,returning,25-34,search_ads,desktop,home,104.69,20,1,83.75,5,5,True
ORD102826,2025-03-31,CUST00365,returning,25-34,social_media,mobile,clothing,31.32,20,2,50.11,8,4,True
ORD103777,2025-03-31,CUST01540,returning,25-34,referral,desktop,beauty,53.89,15,1,45.81,4,5,False
ORD104981,2025-03-31,CUST00117,new,35-44,social_media,desktop,clothing,89.57,20,2,143.31,4,5,False
ORD100355,2025-03-31,CUST02856,new,45-54,referral,desktop,home,116.17,0,1,116.17,9,5,False
ORD101163,2025-03-31,CUST00229,new,25-34,social_media,desktop,sports,39.77,0,3,119.31,8,5,False
ORD104996,2025-03-31,CUST01751,returning,45-54,referral,mobile,electronics,51.46,20,3,123.5,4,5,False
ORD100197,2025-03-31,CUST01394,returning,35-44,search_ads,mobile,home,71.08,10,2,127.94,5,5,False
ORD100409,2025-03-31,CUST01602,new,55+,referral,mobile,electronics,130.04,15,1,110.53,7,5,True
ORD100331,2025-03-31,CUST01863,returning,45-54,search_ads,mobile,home,67.62,0,1,67.62,3,5,False
ORD101948,2025-03-31,CUST01697,new,18-24,referral,desktop,clothing,41.63,5,2,79.1,4,5,False
ORD104066,2025-03-31,CUST00167,new,18-24,social_media,desktop,home,81.54,15,1,69.31,5,4,False
ORD102241,2025-03-31,CUST01701,new,55+,social_media,desktop,electronics,152.76,5,2,290.24,11,4,False
ORD102719,2025-03-31,CUST00103,new,18-24,email,mobile,beauty,52.77,5,3,150.39,5,4,False
ORD105037,2025-03-31,CUST00125,new,35-44,organic,desktop,beauty,15.39,15,1,13.08,5,5,False
ORD105064,2025-03-31,CUST00228,returning,35-44,organic,desktop,electronics,176.02,5,2,334.44,6,5,False
ORD104772,2025-03-31,CUST02348,new,35-44,social_media,mobile,home,105.56,15,3,269.18,5,5,False
ORD103742,2025-03-31,CUST00679,new,18-24,search_ads,mobile,electronics,89.19,15,2,151.62,7,4,False
ORD102614,2025-04-01,CUST01433,returning,35-44,organic,desktop,electronics,151.51,15,1,128.78,5,5,True
ORD100140,2025-04-01,CUST03087,new,25-34,email,desktop,home,76.47,10,2,137.65,5,5,False
ORD105006,2025-04-01,CUST02919,new,55+,social_media,desktop,clothing,40.63,15,1,34.54,3,5,False
ORD100166,2025-04-01,CUST01536,new,55+,email,mobile,electronics,291.56,10,1,262.4,6,4,False
ORD102892,2025-04-01,CUST01781,returning,35-44,referral,desktop,sports,69.84,20,3,167.62,8,4,False
ORD100100,2025-04-01,CUST02809,returning,18-24,social_media,desktop,home,125.08,0,1,125.08,5,5,False
ORD101009,2025-04-01,CUST01975,returning,55+,organic,desktop,beauty,32.43,15,1,27.57,4,5,False
ORD103633,2025-04-01,CUST01020,returning,45-54,social_media,mobile,home,148.89,10,2,268.0,5,5,False
ORD102433,2025-04-01,CUST01318,new,25-34,search_ads,mobile,home,53.7,30,2,75.18,7,4,False
ORD100494,2025-04-01,CUST01418,returning,55+,referral,mobile,home,87.4,5,2,166.06,6,5,False
ORD102997,2025-04-01,CUST01403,new,55+,referral,desktop,beauty,18.02,0,1,18.02,7,3,False
ORD100717,2025-04-01,CUST01353,new,25-34,email,desktop,clothing,24.52,5,1,23.29,8,5,False
ORD104171,2025-04-01,CUST00732,new,35-44,organic,desktop,clothing,71.54,15,1,60.81,5,5,False
ORD100299,2025-04-01,CUST00113,new,25-34,email,mobile,clothing,30.19,5,2,57.36,2,5,False
ORD101826,2025-04-01,CUST01818,new,25-34,referral,mobile,beauty,45.92,10,3,123.98,5,5,False
ORD102374,2025-04-01,CUST01614,new,55+,social_media,mobile,home,61.41,0,1,61.41,4,5,True
ORD104225,2025-04-01,CUST02101,returning,25-34,social_media,mobile,clothing,25.91,5,3,73.84,6,4,False
ORD103586,2025-04-01,CUST00903,new,35-44,organic,desktop,electronics,151.42,0,2,302.84,6,5,False
ORD101863,2025-04-01,CUST03153,new,35-44,social_media,desktop,electronics,244.62,10,2,440.32,7,5,False
ORD101960,2025-04-01,CUST01615,returning,25-34,search_ads,desktop,home,64.3,30,2,90.02,7,4,False
ORD101323,2025-04-01,CUST01686,new,18-24,search_ads,desktop,electronics,224.1,15,2,380.97,10,4,False
ORD104305,2025-04-01,CUST00806,new,25-34,search_ads,mobile,beauty,28.64,15,2,48.69,6,5,False
ORD103369,2025-04-01,CUST02463,returning,45-54,social_media,mobile,clothing,42.19,15,2,71.72,3,5,False
ORD104354,2025-04-01,CUST02488,returning,55+,email,mobile,clothing,25.17,0,3,75.51,7,4,True
ORD101682,2025-04-01,CUST02799,new,25-34,social_media,desktop,electronics,135.34,20,1,108.27,5,5,False
ORD101804,2025-04-01,CUST01612,new,25-34,organic,desktop,home,96.74,0,1,96.74,7,4,False
ORD101002,2025-04-01,CUST03073,returning,55+,search_ads,mobile,home,178.05,30,2,249.27,10,4,False
ORD102025,2025-04-01,CUST01708,returning,25-34,email,mobile,home,99.16,20,1,79.33,9,5,False
ORD100797,2025-04-01,CUST02615,new,18-24,email,mobile,beauty,59.89,0,1,59.89,4,5,False
ORD100139,2025-04-01,CUST02898,returning,45-54,search_ads,mobile,beauty,17.43,10,2,31.37,6,4,False
ORD102268,2025-04-01,CUST02089,new,25-34,social_media,mobile,electronics,318.5,15,2,541.45,11,4,False
ORD101111,2025-04-02,CUST03071,returning,25-34,referral,mobile,clothing,54.25,0,2,108.5,7,4,False
ORD102684,2025-04-02,CUST02316,new,25-34,social_media,mobile,beauty,23.17,0,2,46.34,9,3,False
ORD101528,2025-04-02,CUST02735,new,35-44,social_media,mobile,home,145.76,10,1,131.18,3,5,False
ORD104797,2025-04-02,CUST02894,new,18-24,social_media,desktop,clothing,51.94,15,3,132.45,5,5,False
ORD101526,2025-04-02,CUST02423,returning,25-34,social_media,mobile,clothing,21.38,0,1,21.38,5,4,False
ORD100076,2025-04-02,CUST01382,new,25-34,social_media,desktop,clothing,56.33,20,1,45.06,4,5,False
ORD105053,2025-04-02,CUST00905,returning,18-24,search_ads,mobile,beauty,35.44,30,2,49.62,6,5,False
ORD101044,2025-04-02,CUST00289,returning,25-34,referral,mobile,electronics,215.57,10,3,582.04,6,5,False
ORD101217,2025-04-02,CUST01151,new,25-34,search_ads,desktop,electronics,140.63,0,1,140.63,3,5,False
ORD103660,2025-04-02,CUST02286,returning,45-54,social_media,mobile,sports,42.33,20,1,33.86,5,5,False
ORD102004,2025-04-02,CUST01624,returning,18-24,social_media,mobile,clothing,78.53,0,1,78.53,6,5,False
ORD100089,2025-04-02,CUST01450,new,45-54,organic,desktop,home,82.57,15,1,70.18,5,5,False
ORD101613,2025-04-02,CUST01472,returning,55+,email,desktop,beauty,23.4,0,3,70.2,5,4,False
ORD102913,2025-04-02,CUST00298,returning,18-24,organic,desktop,home,12.22,0,1,12.22,4,4,False
ORD100259,2025-04-02,CUST00144,new,25-34,organic,desktop,clothing,100.88,15,1,85.75,3,5,False
ORD104827,2025-04-02,CUST02522,new,25-34,referral,desktop,sports,40.26,15,1,34.22,1,5,False
ORD102069,2025-04-02,CUST02369,new,35-44,social_media,desktop,electronics,582.54,10,1,524.29,5,5,False
ORD100313,2025-04-03,CUST02519,returning,18-24,organic,mobile,home,171.9,20,2,275.04,7,4,False
ORD100746,2025-04-03,CUST01657,returning,55+,social_media,desktop,home,73.33,5,1,69.66,9,5,False
ORD100669,2025-04-03,CUST01664,returning,35-44,organic,mobile,home,51.91,0,1,51.91,6,5,False
ORD103672,2025-04-03,CUST00935,returning,18-24,email,mobile,electronics,228.68,10,2,411.62,11,3,True
ORD104235,2025-04-03,CUST03134,returning,18-24,social_media,mobile,clothing,85.29,30,2,119.41,4,5,False
ORD101348,2025-04-03,CUST02997,returning,25-34,search_ads,mobile,beauty,18.39,0,2,36.78,4,5,False
ORD102279,2025-04-03,CUST01689,new,18-24,organic,mobile,electronics,217.47,0,1,217.47,6,5,False
ORD101564,2025-04-03,CUST02614,new,25-34,social_media,desktop,sports,53.32,5,1,50.65,7,5,False
ORD102218,2025-04-03,CUST01199,new,45-54,organic,mobile,home,36.09,10,2,64.96,4,5,False
ORD103482,2025-04-03,CUST01861,returning,25-34,social_media,mobile,clothing,66.01,10,3,178.23,8,5,True
ORD100501,2025-04-03,CUST01627,new,35-44,organic,desktop,home,169.75,10,2,305.55,8,3,False
ORD104518,2025-04-03,CUST02688,new,45-54,search_ads,mobile,beauty,35.6,0,1,35.6,2,5,False
ORD101125,2025-04-03,CUST01136,new,25-34,email,mobile,home,32.5,10,1,29.25,5,5,False
ORD101458,2025-04-03,CUST01068,new,35-44,organic,desktop,home,61.54,0,1,61.54,2,5,False
ORD102423,2025-04-03,CUST00125,returning,18-24,organic,desktop,electronics,276.61,0,2,553.22,6,4,False
ORD101437,2025-04-03,CUST02365,returning,35-44,organic,desktop,electronics,40.85,5,2,77.61,6,5,False
ORD100171,2025-04-03,CUST03194,new,35-44,social_media,desktop,electronics,232.6,0,1,232.6,5,4,False
ORD101874,2025-04-03,CUST01438,returning,45-54,social_media,mobile,clothing,82.3,0,3,246.9,5,4,False
ORD104790,2025-04-03,CUST01465,returning,55+,search_ads,mobile,clothing,42.27,20,2,67.63,3,5,False
ORD101654,2025-04-03,CUST00720,new,35-44,search_ads,mobile,home,91.21,0,3,273.63,4,5,False
ORD104927,2025-04-03,CUST00243,new,55+,email,mobile,sports,81.61,0,2,163.22,5,5,False
ORD101680,2025-04-03,CUST02736,returning,18-24,referral,mobile,clothing,32.69,10,1,29.42,3,5,False
ORD103835,2025-04-03,CUST00853,returning,25-34,organic,desktop,home,55.6,10,1,50.04,3,4,False
ORD103762,2025-04-03,CUST02912,returning,25-34,referral,mobile,beauty,22.03,0,2,44.06,6,4,False
ORD104971,2025-04-03,CUST01635,new,25-34,referral,mobile,electronics,120.35,5,2,228.66,4,5,False
ORD100308,2025-04-03,CUST03032,returning,45-54,social_media,mobile,clothing,37.08,15,1,31.52,11,5,False
ORD104850,2025-04-03,CUST02366,returning,45-54,social_media,desktop,home,75.2,15,3,191.76,7,5,False
ORD102612,2025-04-03,CUST00493,returning,25-34,referral,mobile,electronics,164.97,0,2,329.94,9,5,False
ORD101294,2025-04-04,CUST03026,new,45-54,organic,mobile,beauty,9.65,20,2,15.44,5,5,False
ORD103115,2025-04-04,CUST01648,returning,18-24,social_media,desktop,sports,60.91,5,1,57.86,6,5,False
ORD104793,2025-04-04,CUST02036,returning,45-54,organic,desktop,clothing,47.48,5,1,45.11,2,5,False
ORD105186,2025-04-04,CUST01110,returning,25-34,organic,desktop,clothing,100.63,15,3,256.61,7,3,False
ORD100206,2025-04-04,CUST02249,new,18-24,organic,desktop,clothing,52.34,0,2,104.68,4,5,False
ORD105138,2025-04-04,CUST00314,new,45-54,social_media,mobile,clothing,9.29,5,2,17.65,3,5,False
ORD102304,2025-04-04,CUST02667,new,25-34,organic,mobile,beauty,24.93,15,1,21.19,5,5,False
ORD104941,2025-04-04,CUST00518,returning,18-24,social_media,mobile,clothing,30.01,0,1,30.01,5,4,False
ORD100152,2025-04-04,CUST03019,new,18-24,organic,mobile,electronics,314.73,0,1,314.73,10,5,False
ORD100563,2025-04-04,CUST02169,returning,18-24,social_media,desktop,clothing,43.78,0,2,87.56,7,3,False
ORD104199,2025-04-04,CUST02599,returning,25-34,organic,desktop,home,47.8,0,2,95.6,6,4,False
ORD104837,2025-04-04,CUST01701,new,55+,search_ads,desktop,beauty,24.74,15,1,21.03,4,5,False
ORD104838,2025-04-04,CUST03004,new,18-24,social_media,mobile,home,60.06,20,2,96.1,6,5,False
ORD102347,2025-04-04,CUST01453,new,35-44,organic,mobile,home,42.53,30,2,59.54,4,5,False
ORD102068,2025-04-04,CUST01645,new,25-34,email,desktop,beauty,36.4,0,1,36.4,6,5,False
ORD102221,2025-04-04,CUST00220,new,45-54,organic,mobile,electronics,72.86,5,2,138.43,5,5,False
ORD101584,2025-04-04,CUST02857,new,35-44,social_media,mobile,clothing,28.88,0,3,86.64,3,4,False
ORD103993,2025-04-04,CUST00450,returning,55+,search_ads,desktop,home,146.25,0,1,146.25,5,5,False
ORD103979,2025-04-04,CUST00120,returning,35-44,social_media,desktop,sports,64.74,10,3,174.8,5,4,False
ORD104021,2025-04-04,CUST00303,new,18-24,organic,mobile,beauty,38.86,10,1,34.97,4,5,False
ORD103817,2025-04-04,CUST02556,new,45-54,email,desktop,home,56.61,0,2,113.22,3,5,False
ORD101771,2025-04-05,CUST02983,new,45-54,search_ads,desktop,clothing,63.77,15,2,108.41,10,4,False
ORD104840,2025-04-05,CUST00754,new,25-34,search_ads,desktop,electronics,214.27,15,1,182.13,3,5,False
ORD104811,2025-04-05,CUST00786,new,35-44,search_ads,mobile,clothing,41.16,10,2,74.09,4,4,False
ORD104336,2025-04-05,CUST00133,new,25-34,organic,mobile,clothing,26.8,0,2,53.6,4,5,False
ORD101378,2025-04-05,CUST01493,new,45-54,social_media,mobile,home,242.36,0,2,484.72,4,4,False
ORD103954,2025-04-05,CUST01645,new,25-34,organic,mobile,electronics,230.32,15,2,391.54,11,4,False
ORD100931,2025-04-05,CUST00072,returning,25-34,organic,desktop,beauty,30.48,15,2,51.82,5,5,False
ORD102850,2025-04-05,CUST02400,new,25-34,referral,mobile,home,100.51,10,2,180.92,3,5,False
ORD101461,2025-04-05,CUST01170,new,25-34,email,desktop,home,47.07,10,3,127.09,6,5,False
ORD102981,2025-04-05,CUST02891,new,25-34,social_media,desktop,electronics,119.54,10,1,107.59,3,5,False
ORD101141,2025-04-05,CUST02904,new,45-54,organic,desktop,clothing,20.21,0,2,40.42,2,5,False
ORD100234,2025-04-05,CUST01472,new,55+,email,mobile,home,131.28,15,2,223.18,6,4,False
ORD102994,2025-04-05,CUST02466,new,45-54,organic,mobile,clothing,23.92,10,2,43.06,5,5,False
ORD100809,2025-04-05,CUST01065,returning,45-54,email,desktop,clothing,36.42,20,3,87.41,4,5,False
ORD102301,2025-04-05,CUST02945,new,55+,organic,mobile,clothing,40.35,15,1,34.3,8,5,False
ORD103709,2025-04-05,CUST00197,returning,35-44,social_media,mobile,clothing,62.1,0,1,62.1,5,4,False
ORD104092,2025-04-05,CUST02938,returning,55+,email,mobile,electronics,192.81,20,2,308.5,4,5,False
ORD101244,2025-04-05,CUST00849,new,35-44,organic,desktop,clothing,99.4,20,3,238.56,9,4,True
ORD103597,2025-04-05,CUST02900,new,45-54,email,desktop,sports,75.41,0,2,150.82,7,3,False
ORD102724,2025-04-05,CUST00546,returning,45-54,search_ads,mobile,clothing,75.18,20,2,120.29,9,4,False
ORD102645,2025-04-05,CUST02886,new,18-24,email,mobile,electronics,215.27,20,1,172.22,7,5,True
ORD104672,2025-04-05,CUST02749,returning,25-34,organic,mobile,sports,89.82,0,1,89.82,7,5,False
ORD101051,2025-04-05,CUST01993,new,35-44,social_media,desktop,clothing,109.72,0,1,109.72,5,4,False
ORD100188,2025-04-05,CUST01909,new,35-44,organic,mobile,home,49.04,0,2,98.08,4,5,False
ORD100182,2025-04-05,CUST00788,returning,18-24,organic,desktop,clothing,75.53,20,3,181.27,2,5,False
ORD104472,2025-04-05,CUST01575,returning,25-34,search_ads,desktop,clothing,50.33,20,1,40.26,7,4,False
ORD100397,2025-04-05,CUST00063,returning,45-54,email,desktop,beauty,11.99,15,2,20.38,3,4,False
ORD101858,2025-04-05,CUST02556,new,25-34,organic,mobile,sports,36.21,0,2,72.42,7,4,False
ORD103706,2025-04-05,CUST00618,new,25-34,organic,mobile,beauty,30.65,0,3,91.95,3,4,False
ORD102958,2025-04-06,CUST00773,new,45-54,social_media,mobile,home,248.46,0,1,248.46,2,5,False
ORD105016,2025-04-06,CUST02859,returning,45-54,social_media,mobile,home,68.73,10,2,123.71,2,5,False
ORD102042,2025-04-06,CUST02656,returning,25-34,organic,mobile,clothing,73.83,0,1,73.83,3,5,False
ORD104863,2025-04-06,CUST03167,returning,25-34,social_media,mobile,home,52.85,5,1,50.21,3,5,False
ORD100957,2025-04-06,CUST02253,returning,35-44,social_media,mobile,beauty,41.37,0,2,82.74,3,5,False
ORD102737,2025-04-06,CUST01943,returning,25-34,organic,mobile,sports,52.46,15,1,44.59,4,5,False
ORD101744,2025-04-06,CUST00252,new,55+,email,mobile,electronics,95.34,0,1,95.34,4,4,False
ORD102493,2025-04-06,CUST00448,new,25-34,referral,desktop,clothing,51.34,10,1,46.21,9,5,False
ORD101881,2025-04-06,CUST00709,returning,18-24,social_media,mobile,sports,55.68,15,3,141.98,7,4,False
ORD101039,2025-04-06,CUST02660,new,55+,social_media,mobile,sports,86.62,20,2,138.59,6,5,False
ORD101817,2025-04-06,CUST01291,new,45-54,referral,mobile,electronics,68.97,10,3,186.22,4,5,False
ORD104977,2025-04-06,CUST02610,new,55+,search_ads,mobile,electronics,176.54,10,1,158.89,5,5,False
ORD100760,2025-04-06,CUST02532,new,35-44,organic,mobile,sports,90.97,15,1,77.32,10,3,True
ORD102890,2025-04-06,CUST03170,returning,35-44,organic,desktop,home,262.86,0,1,262.86,6,5,False
ORD101956,2025-04-06,CUST03001,new,35-44,social_media,desktop,clothing,16.77,20,1,13.42,3,4,False
ORD100751,2025-04-07,CUST01737,returning,45-54,social_media,desktop,home,30.51,0,1,30.51,4,5,False
ORD101242,2025-04-07,CUST00947,new,35-44,organic,mobile,electronics,104.93,0,1,104.93,10,4,False
ORD100979,2025-04-07,CUST01915,new,25-34,organic,desktop,beauty,26.48,0,2,52.96,6,4,False
ORD101180,2025-04-07,CUST00806,returning,35-44,organic,mobile,beauty,23.15,0,1,23.15,6,4,False
ORD103404,2025-04-07,CUST00696,returning,35-44,organic,desktop,beauty,23.98,0,3,71.94,5,3,False
ORD104392,2025-04-07,CUST02782,new,18-24,social_media,mobile,electronics,206.31,15,1,175.36,4,5,False
ORD103289,2025-04-07,CUST01733,returning,18-24,organic,desktop,clothing,36.23,0,3,108.69,2,4,False
ORD101246,2025-04-07,CUST00128,new,45-54,social_media,mobile,home,114.93,30,2,160.9,5,5,False
ORD103025,2025-04-07,CUST01450,new,18-24,email,mobile,clothing,62.73,10,1,56.46,7,4,False
ORD103334,2025-04-07,CUST02543,returning,45-54,email,mobile,clothing,46.09,10,1,41.48,6,5,False
ORD103274,2025-04-07,CUST00527,returning,25-34,search_ads,mobile,beauty,68.61,0,2,137.22,5,4,False
ORD103355,2025-04-07,CUST00788,returning,18-24,search_ads,mobile,sports,88.74,0,2,177.48,5,5,False
ORD100190,2025-04-07,CUST00347,new,45-54,social_media,mobile,sports,15.52,15,2,26.38,3,4,False
ORD101795,2025-04-07,CUST02255,new,18-24,organic,desktop,beauty,31.4,0,1,31.4,7,5,False
ORD104957,2025-04-07,CUST02055,new,35-44,search_ads,desktop,electronics,169.49,20,2,271.18,5,5,False
ORD103697,2025-04-07,CUST00358,new,25-34,search_ads,desktop,electronics,124.27,10,2,223.69,11,3,False
ORD103271,2025-04-07,CUST02410,returning,35-44,social_media,mobile,home,83.75,0,1,83.75,1,4,False
ORD100305,2025-04-07,CUST00518,returning,25-34,email,desktop,electronics,445.65,0,1,445.65,5,5,False
ORD102457,2025-04-07,CUST00389,new,25-34,social_media,mobile,home,114.25,30,1,79.97,9,5,False
ORD101717,2025-04-07,CUST02241,new,25-34,referral,mobile,beauty,19.6,15,2,33.32,6,5,False
ORD101527,2025-04-07,CUST01199,new,25-34,social_media,desktop,sports,32.13,15,1,27.31,3,5,False
ORD101573,2025-04-07,CUST02614,new,55+,search_ads,mobile,clothing,32.82,15,2,55.79,3,5,False
ORD100865,2025-04-07,CUST01638,returning,25-34,social_media,mobile,electronics,42.92,10,3,115.88,6,5,False
ORD102294,2025-04-07,CUST00651,returning,25-34,search_ads,mobile,clothing,114.58,0,1,114.58,4,5,False
ORD102187,2025-04-07,CUST00875,returning,25-34,referral,desktop,electronics,292.36,20,1,233.89,3,5,False
ORD103501,2025-04-07,CUST02567,new,35-44,search_ads,desktop,clothing,73.11,20,1,58.49,5,5,True
ORD102864,2025-04-07,CUST02315,returning,45-54,organic,desktop,electronics,160.64,0,1,160.64,6,5,True
ORD101595,2025-04-07,CUST02297,new,25-34,referral,desktop,electronics,97.1,0,1,97.1,15,5,False
ORD102908,2025-04-07,CUST00491,returning,25-34,social_media,desktop,beauty,21.81,0,1,21.81,4,5,False
ORD101136,2025-04-07,CUST02205,new,35-44,search_ads,mobile,home,99.72,20,1,79.78,4,4,False
ORD102637,2025-04-07,CUST00246,returning,35-44,social_media,desktop,clothing,111.18,0,3,333.54,7,5,False
ORD100160,2025-04-08,CUST02547,returning,25-34,organic,desktop,beauty,37.47,20,1,29.98,7,5,False
ORD104029,2025-04-08,CUST01182,returning,35-44,social_media,mobile,clothing,59.8,5,1,56.81,4,5,False
ORD101383,2025-04-08,CUST03018,new,45-54,social_media,mobile,beauty,15.56,30,2,21.78,7,4,False
ORD100276,2025-04-08,CUST00625,returning,35-44,organic,desktop,beauty,10.87,20,2,17.39,6,5,False
ORD104326,2025-04-08,CUST01008,returning,18-24,social_media,mobile,beauty,24.03,5,1,22.83,3,5,False
ORD101547,2025-04-08,CUST01689,new,18-24,organic,mobile,clothing,49.87,15,1,42.39,3,5,False
ORD103421,2025-04-08,CUST01447,returning,35-44,social_media,desktop,clothing,17.87,10,1,16.08,5,5,False
ORD101551,2025-04-08,CUST00503,new,45-54,email,desktop,clothing,94.61,10,1,85.15,3,4,False
ORD103585,2025-04-08,CUST01374,new,55+,search_ads,mobile,home,36.02,10,1,32.42,8,3,False
ORD102868,2025-04-08,CUST00765,new,25-34,social_media,desktop,home,102.55,20,2,164.08,7,5,False
ORD105025,2025-04-08,CUST01552,new,45-54,social_media,mobile,home,246.89,0,1,246.89,6,5,False
ORD103704,2025-04-08,CUST00980,new,18-24,email,mobile,electronics,116.91,5,1,111.06,5,5,False
ORD100039,2025-04-08,CUST02060,new,25-34,search_ads,desktop,clothing,61.36,20,1,49.09,1,5,False
ORD102512,2025-04-08,CUST00893,new,35-44,search_ads,mobile,sports,51.97,0,1,51.97,3,4,False
ORD103238,2025-04-08,CUST02829,new,18-24,social_media,desktop,electronics,223.37,0,1,223.37,7,5,False
ORD103341,2025-04-08,CUST01252,returning,25-34,social_media,mobile,clothing,12.3,15,1,10.46,4,5,False
ORD104085,2025-04-08,CUST01020,new,55+,social_media,mobile,clothing,21.56,0,2,43.12,6,5,False
ORD104762,2025-04-08,CUST00262,returning,35-44,search_ads,mobile,home,124.75,0,2,249.5,3,5,False
ORD102526,2025-04-08,CUST01375,returning,25-34,social_media,desktop,electronics,223.89,0,1,223.89,5,5,False
ORD104549,2025-04-08,CUST01690,returning,25-34,organic,mobile,sports,88.49,15,1,75.22,5,5,False
ORD103119,2025-04-08,CUST02137,returning,35-44,search_ads,mobile,clothing,55.95,10,2,100.71,5,5,False
ORD104858,2025-04-08,CUST02304,returning,18-24,search_ads,desktop,sports,60.19,10,1,54.17,4,5,False
ORD102921,2025-04-08,CUST00530,new,45-54,organic,desktop,clothing,23.42,5,2,44.5,9,5,False
ORD102442,2025-04-08,CUST00880,new,45-54,social_media,mobile,clothing,34.71,0,1,34.71,3,5,False
ORD103961,2025-04-08,CUST02348,new,25-34,social_media,mobile,beauty,20.6,30,3,43.26,8,3,False
ORD103247,2025-04-09,CUST00330,returning,25-34,email,desktop,electronics,226.87,5,2,431.05,6,4,False
ORD102743,2025-04-09,CUST03176,new,25-34,organic,desktop,electronics,74.73,15,1,63.52,6,5,False
ORD100834,2025-04-09,CUST02594,returning,35-44,referral,mobile,home,49.59,20,1,39.67,3,5,False
ORD100816,2025-04-09,CUST01771,new,25-34,organic,mobile,sports,74.2,0,2,148.4,7,5,False
ORD101199,2025-04-09,CUST02206,returning,25-34,referral,mobile,clothing,39.51,20,1,31.61,6,5,False
ORD101884,2025-04-09,CUST01339,returning,35-44,organic,desktop,clothing,102.9,0,2,205.8,3,5,False
ORD101221,2025-04-09,CUST02547,new,45-54,organic,desktop,home,71.97,5,1,68.37,7,4,False
ORD100628,2025-04-09,CUST00613,returning,45-54,social_media,desktop,home,9.89,0,2,19.78,4,5,False
ORD102424,2025-04-09,CUST01635,returning,55+,organic,mobile,home,72.01,0,1,72.01,4,5,False
ORD104542,2025-04-09,CUST01506,new,35-44,search_ads,mobile,beauty,6.23,15,2,10.59,6,4,False
ORD101737,2025-04-09,CUST00010,new,35-44,organic,mobile,electronics,290.69,0,1,290.69,10,4,False
ORD103563,2025-04-09,CUST02688,returning,55+,social_media,desktop,electronics,217.79,5,1,206.9,8,4,True
ORD102716,2025-04-09,CUST02758,new,25-34,social_media,desktop,clothing,111.83,0,1,111.83,4,4,False
ORD105192,2025-04-09,CUST01463,new,35-44,organic,desktop,sports,65.77,10,2,118.39,5,4,False
ORD104380,2025-04-09,CUST01091,new,18-24,search_ads,mobile,beauty,13.29,20,1,10.63,6,5,False
ORD100719,2025-04-09,CUST02649,new,55+,organic,mobile,electronics,228.08,0,1,228.08,8,5,False
ORD105133,2025-04-09,CUST02421,returning,25-34,social_media,desktop,home,192.27,10,2,346.09,5,5,False
ORD102273,2025-04-09,CUST02098,returning,35-44,social_media,desktop,clothing,64.64,20,1,51.71,4,5,False
ORD101397,2025-04-09,CUST01905,returning,35-44,search_ads,desktop,clothing,60.08,0,1,60.08,3,5,False
ORD103591,2025-04-09,CUST00548,new,45-54,organic,mobile,clothing,27.89,0,2,55.78,5,5,False
ORD104361,2025-04-09,CUST01039,new,25-34,search_ads,mobile,clothing,67.7,30,2,94.78,6,4,False
ORD100177,2025-04-09,CUST01008,new,45-54,organic,mobile,beauty,32.0,0,3,96.0,4,5,False
ORD102936,2025-04-09,CUST00652,new,25-34,organic,desktop,sports,56.32,5,1,53.5,4,5,False
ORD103792,2025-04-09,CUST01166,new,25-34,organic,desktop,clothing,71.23,10,1,64.11,5,5,False
ORD101274,2025-04-10,CUST01335,returning,25-34,email,mobile,electronics,91.98,20,3,220.75,8,4,False
ORD101337,2025-04-10,CUST02373,returning,25-34,organic,desktop,beauty,27.35,10,2,49.23,3,4,False
ORD101922,2025-04-10,CUST00030,new,25-34,organic,mobile,electronics,201.59,20,3,483.82,4,4,False
ORD101768,2025-04-10,CUST01158,returning,45-54,organic,desktop,home,37.6,15,3,95.88,1,5,False
ORD100768,2025-04-10,CUST00947,returning,25-34,search_ads,mobile,clothing,23.48,0,1,23.48,5,5,True
ORD100505,2025-04-10,CUST01992,returning,35-44,search_ads,mobile,electronics,127.65,30,3,268.06,8,5,True
ORD101825,2025-04-10,CUST00765,new,25-34,search_ads,mobile,beauty,43.55,20,1,34.84,4,5,False
ORD103207,2025-04-10,CUST00302,returning,45-54,social_media,mobile,home,54.3,15,2,92.31,4,5,False
ORD103955,2025-04-10,CUST00428,new,25-34,email,mobile,home,74.39,10,1,66.95,6,4,False
ORD105099,2025-04-10,CUST00327,new,25-34,referral,desktop,electronics,195.91,0,1,195.91,5,5,False
ORD101886,2025-04-10,CUST02185,new,25-34,organic,desktop,beauty,63.16,20,1,50.53,5,5,False
ORD102020,2025-04-10,CUST03012,returning,25-34,social_media,mobile,clothing,43.27,20,3,103.85,5,5,False
ORD103090,2025-04-10,CUST02912,new,45-54,email,desktop,electronics,158.93,15,2,270.18,8,3,False
ORD101254,2025-04-10,CUST01680,returning,25-34,email,desktop,clothing,43.12,10,3,116.42,6,4,False
ORD103002,2025-04-10,CUST02811,new,35-44,search_ads,desktop,clothing,74.85,0,1,74.85,2,5,False
ORD104869,2025-04-10,CUST01702,new,45-54,email,desktop,clothing,51.97,10,3,140.32,1,4,False
ORD101937,2025-04-10,CUST02462,new,25-34,social_media,mobile,clothing,70.94,20,1,56.75,4,5,False
ORD100584,2025-04-10,CUST00818,returning,25-34,social_media,mobile,sports,48.38,5,2,91.92,5,5,False
ORD103885,2025-04-10,CUST00496,new,25-34,social_media,mobile,sports,28.29,30,2,39.61,4,5,False
ORD103834,2025-04-10,CUST02622,returning,45-54,organic,desktop,electronics,115.36,0,2,230.72,8,4,True
ORD101382,2025-04-10,CUST00015,new,25-34,referral,mobile,home,21.7,15,3,55.34,8,5,False
ORD102699,2025-04-11,CUST00387,new,45-54,social_media,mobile,beauty,18.9,0,1,18.9,6,4,False
ORD103629,2025-04-11,CUST02295,new,25-34,social_media,desktop,sports,150.25,15,1,127.71,6,5,False
ORD103496,2025-04-11,CUST00546,new,55+,email,desktop,electronics,255.03,5,3,726.84,6,5,False
ORD103527,2025-04-11,CUST02420,new,18-24,organic,desktop,sports,57.53,15,1,48.9,5,5,False
ORD101229,2025-04-11,CUST03118,new,35-44,social_media,desktop,electronics,57.17,30,1,40.02,3,5,False
ORD101227,2025-04-11,CUST01924,returning,18-24,organic,mobile,beauty,48.16,20,1,38.53,5,5,False
ORD100359,2025-04-11,CUST02463,new,25-34,social_media,mobile,home,56.38,20,2,90.21,7,4,False
ORD102046,2025-04-11,CUST02715,new,45-54,search_ads,desktop,clothing,61.62,20,1,49.3,3,4,False
ORD102613,2025-04-11,CUST02075,returning,35-44,organic,mobile,electronics,49.05,5,1,46.6,7,5,False
ORD100134,2025-04-11,CUST00834,new,45-54,organic,mobile,electronics,219.74,5,1,208.75,6,4,False
ORD100755,2025-04-11,CUST01932,returning,55+,email,mobile,electronics,133.78,30,1,93.65,6,4,False
ORD103753,2025-04-11,CUST02910,new,45-54,search_ads,desktop,beauty,13.55,15,1,11.52,5,5,False
ORD103986,2025-04-11,CUST03159,returning,55+,email,mobile,electronics,163.12,0,1,163.12,10,4,False
ORD104058,2025-04-11,CUST00315,new,35-44,social_media,mobile,home,101.33,30,1,70.93,3,5,False
ORD100458,2025-04-11,CUST02044,returning,35-44,organic,mobile,clothing,33.25,15,1,28.26,5,5,False
ORD100462,2025-04-11,CUST02467,new,35-44,referral,desktop,sports,31.24,0,1,31.24,8,5,False
ORD103061,2025-04-11,CUST02866,new,25-34,search_ads,mobile,beauty,43.77,0,1,43.77,9,3,True
ORD102587,2025-04-11,CUST01456,returning,25-34,search_ads,desktop,sports,71.31,30,1,49.92,2,5,False
ORD103488,2025-04-11,CUST02967,new,45-54,organic,mobile,beauty,7.31,10,1,6.58,6,5,False
ORD104301,2025-04-11,CUST02440,returning,45-54,search_ads,desktop,beauty,49.2,20,2,78.72,10,3,True
ORD103138,2025-04-11,CUST01883,new,18-24,email,mobile,beauty,32.04,5,1,30.44,3,5,False
ORD105142,2025-04-11,CUST00972,returning,25-34,organic,desktop,home,126.23,5,1,119.92,7,4,False
ORD103397,2025-04-11,CUST01438,returning,25-34,email,mobile,home,68.14,5,3,194.2,3,5,False
ORD102671,2025-04-11,CUST03183,new,18-24,organic,mobile,beauty,34.01,5,1,32.31,5,5,False
ORD104989,2025-04-11,CUST02727,new,35-44,social_media,mobile,home,121.54,10,2,218.77,4,5,False
ORD102882,2025-04-11,CUST01128,returning,45-54,organic,mobile,sports,103.67,20,2,165.87,4,4,False
ORD102594,2025-04-11,CUST00524,returning,55+,search_ads,mobile,electronics,96.7,20,2,154.72,6,5,False
ORD102773,2025-04-11,CUST01723,new,25-34,social_media,desktop,sports,30.14,0,2,60.28,3,5,False
ORD102376,2025-04-11,CUST01903,returning,25-34,organic,mobile,clothing,119.85,0,3,359.55,4,5,False
ORD103490,2025-04-11,CUST02168,new,25-34,social_media,mobile,clothing,19.81,15,1,16.84,7,5,False
ORD104907,2025-04-12,CUST02081,new,25-34,email,mobile,beauty,30.19,10,1,27.17,2,5,False
ORD101240,2025-04-12,CUST02806,new,18-24,search_ads,mobile,home,16.02,10,1,14.42,6,5,False
ORD102074,2025-04-12,CUST01988,returning,25-34,search_ads,mobile,clothing,37.84,20,2,60.54,6,5,False
ORD100148,2025-04-12,CUST03119,new,25-34,social_media,desktop,clothing,125.21,5,1,118.95,3,4,False
ORD104979,2025-04-12,CUST02704,new,25-34,social_media,mobile,beauty,47.35,0,2,94.7,6,4,False
ORD104960,2025-04-12,CUST02114,new,25-34,email,desktop,electronics,400.41,10,1,360.37,8,5,True
ORD104505,2025-04-12,CUST03187,returning,35-44,social_media,mobile,electronics,202.92,30,2,284.09,9,4,False
ORD104912,2025-04-12,CUST00016,returning,55+,organic,mobile,sports,39.28,0,2,78.56,7,5,False
ORD104711,2025-04-12,CUST02283,new,25-34,organic,mobile,home,44.14,10,3,119.18,3,5,False
ORD102766,2025-04-12,CUST01956,new,25-34,search_ads,mobile,home,88.79,10,3,239.73,3,5,False
ORD102649,2025-04-12,CUST00718,returning,18-24,organic,mobile,clothing,70.35,0,1,70.35,4,5,False
ORD102988,2025-04-12,CUST01765,new,35-44,search_ads,mobile,clothing,30.18,20,2,48.29,8,5,False
ORD104478,2025-04-12,CUST01196,returning,18-24,email,mobile,electronics,196.03,0,1,196.03,3,5,False
ORD102987,2025-04-12,CUST00792,returning,18-24,referral,mobile,clothing,61.17,0,3,183.51,1,5,False
ORD102328,2025-04-12,CUST01099,new,25-34,search_ads,desktop,beauty,36.17,15,1,30.74,3,4,False
ORD101865,2025-04-12,CUST03027,returning,35-44,referral,mobile,clothing,51.27,0,2,102.54,2,5,False
ORD102297,2025-04-12,CUST00990,new,35-44,social_media,desktop,electronics,250.21,0,2,500.42,11,5,False
ORD103196,2025-04-12,CUST03036,new,18-24,search_ads,mobile,sports,43.18,30,1,30.23,6,5,False
ORD104130,2025-04-12,CUST00625,returning,35-44,referral,mobile,electronics,191.89,0,2,383.78,10,5,False
ORD101660,2025-04-12,CUST00144,returning,35-44,organic,mobile,clothing,40.66,30,2,56.92,5,5,False
ORD103684,2025-04-12,CUST02163,new,55+,social_media,desktop,sports,132.17,30,2,185.04,6,5,False
ORD103851,2025-04-12,CUST02053,new,45-54,referral,mobile,electronics,284.93,15,2,484.38,6,5,False
ORD103879,2025-04-12,CUST00709,returning,18-24,social_media,mobile,clothing,41.99,15,1,35.69,4,4,False
ORD103972,2025-04-12,CUST00910,returning,25-34,referral,desktop,clothing,25.61,20,1,20.49,4,5,False
ORD103354,2025-04-12,CUST03088,new,35-44,organic,mobile,sports,27.92,0,1,27.92,4,5,False
ORD104037,2025-04-12,CUST02007,new,35-44,organic,mobile,electronics,66.79,5,1,63.45,10,3,False
ORD103530,2025-04-12,CUST00277,new,35-44,organic,mobile,clothing,55.55,15,2,94.43,6,4,False
ORD103579,2025-04-12,CUST01039,returning,35-44,organic,desktop,beauty,27.66,10,2,49.79,6,5,False
ORD102177,2025-04-12,CUST02001,returning,25-34,search_ads,mobile,electronics,185.82,10,1,167.24,7,3,False
ORD103374,2025-04-12,CUST02586,returning,18-24,organic,desktop,clothing,107.45,10,1,96.7,7,5,True
ORD100975,2025-04-12,CUST01602,returning,18-24,email,mobile,sports,149.21,5,1,141.75,5,5,False
ORD103580,2025-04-13,CUST02983,new,25-34,organic,mobile,beauty,18.95,0,1,18.95,5,5,False
ORD101143,2025-04-13,CUST00176,returning,45-54,organic,desktop,electronics,248.98,10,2,448.16,4,5,False
ORD103210,2025-04-13,CUST02910,returning,35-44,referral,mobile,electronics,128.83,0,2,257.66,5,5,False
ORD101038,2025-04-13,CUST01462,new,45-54,social_media,mobile,sports,74.81,10,1,67.33,4,5,False
ORD102662,2025-04-13,CUST01578,new,45-54,organic,mobile,clothing,64.59,10,1,58.13,5,5,False
ORD100922,2025-04-13,CUST03051,returning,25-34,organic,mobile,clothing,54.09,5,3,154.16,10,4,False
ORD101535,2025-04-13,CUST03011,new,45-54,search_ads,mobile,home,130.03,0,3,390.09,10,5,False
ORD102391,2025-04-13,CUST01467,returning,25-34,organic,desktop,home,177.06,20,2,283.3,2,4,False
ORD104707,2025-04-13,CUST03122,returning,45-54,social_media,desktop,electronics,202.71,15,1,172.3,5,5,False
ORD103962,2025-04-13,CUST02089,returning,18-24,social_media,mobile,sports,70.22,0,1,70.22,6,5,False
ORD103476,2025-04-13,CUST00727,new,35-44,referral,mobile,electronics,194.24,5,2,369.06,5,5,False
ORD102021,2025-04-13,CUST00208,returning,25-34,search_ads,mobile,beauty,14.47,30,1,10.13,4,5,False
ORD100984,2025-04-13,CUST00551,new,35-44,search_ads,desktop,electronics,185.41,0,3,556.23,5,3,False
ORD100552,2025-04-13,CUST02775,returning,45-54,social_media,mobile,home,55.41,20,1,44.33,6,4,True
ORD105159,2025-04-13,CUST00073,new,25-34,social_media,desktop,electronics,289.39,0,3,868.17,6,5,False
ORD104065,2025-04-13,CUST01662,returning,18-24,social_media,mobile,sports,54.33,0,1,54.33,4,4,False
ORD100608,2025-04-13,CUST03090,new,25-34,referral,mobile,home,200.68,15,2,341.16,4,5,False
ORD101312,2025-04-13,CUST03126,returning,35-44,email,mobile,electronics,193.76,20,1,155.01,3,5,False
ORD101028,2025-04-14,CUST02386,returning,18-24,email,mobile,electronics,241.61,20,2,386.58,5,5,False
ORD102228,2025-04-14,CUST01345,returning,25-34,social_media,desktop,electronics,48.28,15,1,41.04,9,4,False
ORD100322,2025-04-14,CUST01656,new,18-24,social_media,desktop,clothing,15.74,0,3,47.22,10,4,False
ORD103630,2025-04-14,CUST02758,new,45-54,organic,mobile,home,63.34,0,3,190.02,2,4,False
ORD104980,2025-04-14,CUST00325,new,18-24,social_media,desktop,beauty,14.42,15,2,24.51,6,5,False
ORD103828,2025-04-14,CUST02359,new,18-24,search_ads,mobile,home,54.88,30,2,76.83,3,5,False
ORD101234,2025-04-14,CUST00868,new,25-34,social_media,desktop,clothing,70.61,15,2,120.04,8,4,False
ORD100967,2025-04-14,CUST03027,new,45-54,email,mobile,sports,48.75,15,3,124.31,6,5,False
ORD104246,2025-04-14,CUST01687,new,35-44,organic,desktop,clothing,58.85,10,1,52.96,5,5,False
ORD105149,2025-04-14,CUST02149,new,55+,search_ads,mobile,clothing,62.49,30,1,43.74,3,5,False
ORD103533,2025-04-14,CUST00833,returning,55+,search_ads,mobile,home,49.92,0,1,49.92,6,5,False
ORD104857,2025-04-14,CUST01195,new,18-24,organic,mobile,electronics,185.95,15,1,158.06,4,5,False
ORD100033,2025-04-14,CUST00130,new,45-54,organic,desktop,electronics,181.89,0,2,363.78,9,5,True
ORD104944,2025-04-14,CUST00759,returning,25-34,email,desktop,sports,77.98,20,3,187.15,5,5,True
ORD105199,2025-04-14,CUST02719,new,35-44,referral,mobile,clothing,45.92,5,2,87.25,1,5,False
ORD100428,2025-04-14,CUST02353,new,45-54,organic,desktop,electronics,211.49,5,3,602.75,9,5,False
ORD104466,2025-04-14,CUST02754,returning,35-44,social_media,desktop,clothing,96.35,15,3,245.69,7,5,False
ORD103328,2025-04-14,CUST02470,new,18-24,email,mobile,beauty,48.88,0,1,48.88,2,5,False
ORD104018,2025-04-14,CUST00833,new,55+,organic,mobile,beauty,72.9,15,3,185.9,6,4,False
ORD102009,2025-04-15,CUST02316,returning,55+,organic,desktop,home,13.28,0,1,13.28,3,4,False
ORD104746,2025-04-15,CUST02308,new,55+,search_ads,mobile,electronics,211.71,15,1,179.95,5,5,False
ORD102079,2025-04-15,CUST00609,new,25-34,social_media,mobile,home,55.08,0,2,110.16,4,5,False
ORD103405,2025-04-15,CUST01771,returning,45-54,email,mobile,home,118.1,0,1,118.1,4,5,True
ORD101011,2025-04-15,CUST01328,returning,25-34,search_ads,mobile,clothing,14.44,20,2,23.1,5,5,False
ORD102265,2025-04-15,CUST00321,new,25-34,organic,desktop,home,73.42,0,3,220.26,9,4,False
ORD104990,2025-04-15,CUST02930,returning,55+,social_media,desktop,clothing,54.72,15,1,46.51,6,5,False
ORD104691,2025-04-15,CUST02205,returning,25-34,organic,mobile,clothing,61.01,0,2,122.02,3,5,False
ORD101068,2025-04-15,CUST01092,returning,55+,organic,desktop,clothing,63.84,0,2,127.68,7,4,False
ORD102745,2025-04-15,CUST03034,new,55+,social_media,mobile,clothing,40.8,0,1,40.8,5,3,False
ORD101520,2025-04-15,CUST02883,returning,35-44,social_media,mobile,home,46.37,0,2,92.74,7,4,False
ORD102167,2025-04-15,CUST01413,returning,25-34,social_media,mobile,electronics,59.06,0,1,59.06,8,3,True
ORD102060,2025-04-15,CUST02004,returning,35-44,social_media,desktop,home,85.08,0,1,85.08,5,5,False
ORD100849,2025-04-15,CUST02395,returning,45-54,organic,desktop,home,80.03,5,3,228.09,8,4,False
ORD101867,2025-04-15,CUST01294,new,45-54,email,desktop,home,36.5,10,1,32.85,7,5,False
ORD102608,2025-04-15,CUST02311,new,25-34,social_media,desktop,home,186.02,0,1,186.02,2,5,False
ORD102827,2025-04-16,CUST02423,returning,45-54,email,mobile,beauty,56.99,0,1,56.99,5,5,False
ORD102992,2025-04-16,CUST00114,returning,25-34,email,desktop,sports,63.97,20,1,51.18,7,5,False
ORD101612,2025-04-16,CUST00786,returning,45-54,referral,mobile,clothing,20.05,0,2,40.1,5,5,False
ORD103513,2025-04-16,CUST02426,new,55+,social_media,desktop,clothing,24.87,0,1,24.87,6,4,False
ORD100518,2025-04-16,CUST00698,returning,35-44,referral,desktop,clothing,60.02,5,1,57.02,2,5,False
ORD104193,2025-04-16,CUST00419,returning,45-54,search_ads,mobile,electronics,30.71,30,1,21.5,6,5,True
ORD101106,2025-04-16,CUST00640,returning,35-44,organic,mobile,beauty,19.17,10,1,17.25,3,4,False
ORD104803,2025-04-16,CUST02197,returning,18-24,referral,mobile,clothing,45.8,10,2,82.44,5,5,False
ORD103983,2025-04-16,CUST00711,new,35-44,referral,mobile,beauty,21.76,10,1,19.58,3,4,False
ORD100181,2025-04-16,CUST01804,new,35-44,organic,desktop,beauty,71.07,0,1,71.07,5,5,False
ORD103301,2025-04-16,CUST01843,new,35-44,email,mobile,clothing,99.02,0,3,297.06,8,5,False
ORD101239,2025-04-16,CUST02245,returning,25-34,email,mobile,clothing,83.3,10,3,224.91,3,5,False
ORD104017,2025-04-16,CUST00643,new,55+,organic,desktop,electronics,52.71,0,2,105.42,6,5,False
ORD104248,2025-04-16,CUST00380,returning,55+,referral,mobile,sports,84.91,0,1,84.91,6,5,False
ORD104548,2025-04-16,CUST02462,returning,25-34,organic,mobile,clothing,44.06,0,2,88.12,5,5,False
ORD101390,2025-04-16,CUST01793,returning,18-24,social_media,mobile,clothing,65.48,20,1,52.38,3,5,False
ORD103251,2025-04-16,CUST00531,new,25-34,social_media,desktop,clothing,34.93,0,1,34.93,5,5,False
ORD103664,2025-04-16,CUST02481,returning,18-24,email,mobile,beauty,23.71,5,2,45.05,10,5,False
ORD100154,2025-04-16,CUST00127,returning,45-54,organic,desktop,beauty,53.24,0,2,106.48,8,4,False
ORD104988,2025-04-16,CUST01545,new,55+,search_ads,desktop,home,45.57,0,2,91.14,6,5,False
ORD101360,2025-04-17,CUST03119,new,25-34,search_ads,mobile,beauty,33.27,15,2,56.56,2,5,False
ORD104760,2025-04-17,CUST02080,new,35-44,organic,mobile,sports,36.46,30,2,51.04,6,5,False
ORD104753,2025-04-17,CUST00775,new,35-44,social_media,desktop,clothing,25.66,0,1,25.66,7,4,False
ORD103872,2025-04-17,CUST02302,returning,18-24,organic,mobile,electronics,100.1,0,1,100.1,5,5,False
ORD103636,2025-04-17,CUST00989,new,25-34,referral,mobile,clothing,81.82,10,1,73.64,9,5,False
ORD102491,2025-04-17,CUST00733,returning,18-24,organic,mobile,home,15.57,0,2,31.14,4,5,False
ORD100866,2025-04-17,CUST00346,returning,35-44,social_media,desktop,home,88.91,0,1,88.91,6,5,False
ORD102911,2025-04-17,CUST00744,returning,25-34,search_ads,desktop,electronics,109.84,0,1,109.84,5,5,False
ORD101435,2025-04-17,CUST02317,new,45-54,search_ads,mobile,sports,14.8,0,2,29.6,8,5,False
ORD101474,2025-04-17,CUST02209,new,45-54,email,mobile,home,19.72,0,1,19.72,4,5,False
ORD102044,2025-04-17,CUST01754,new,35-44,email,mobile,clothing,68.8,15,1,58.48,9,4,False
ORD101356,2025-04-17,CUST00152,returning,45-54,referral,mobile,sports,16.95,5,3,48.31,2,4,False
ORD103902,2025-04-17,CUST00407,new,18-24,organic,mobile,sports,48.05,5,2,91.29,5,4,False
ORD104640,2025-04-17,CUST01335,new,18-24,social_media,desktop,electronics,188.83,0,1,188.83,4,5,False
ORD101875,2025-04-17,CUST00253,new,55+,social_media,mobile,electronics,221.39,20,1,177.11,4,5,False
ORD100854,2025-04-17,CUST02477,new,18-24,organic,desktop,home,56.0,30,3,117.6,5,4,False
ORD102917,2025-04-17,CUST00116,returning,25-34,search_ads,desktop,electronics,338.22,15,1,287.49,7,5,False
ORD101468,2025-04-17,CUST01973,new,35-44,social_media,mobile,electronics,87.03,20,2,139.25,7,3,False
ORD102815,2025-04-17,CUST02851,new,18-24,search_ads,desktop,home,97.46,20,2,155.94,5,5,False
ORD102775,2025-04-17,CUST03005,new,25-34,organic,desktop,beauty,35.55,10,1,31.99,3,4,False
ORD104652,2025-04-17,CUST01627,new,45-54,search_ads,mobile,clothing,31.64,20,2,50.62,10,4,False
ORD103539,2025-04-17,CUST01836,returning,25-34,social_media,mobile,sports,63.37,20,1,50.7,3,5,False
ORD102169,2025-04-17,CUST02840,returning,35-44,organic,mobile,beauty,46.48,10,2,83.66,5,5,False
ORD101035,2025-04-17,CUST00844,returning,55+,search_ads,mobile,clothing,66.73,30,3,140.13,4,5,True
ORD102547,2025-04-17,CUST00483,returning,25-34,email,mobile,sports,74.49,0,2,148.98,3,5,False
ORD101232,2025-04-17,CUST02161,new,35-44,organic,desktop,electronics,51.98,0,2,103.96,5,5,False
ORD100670,2025-04-17,CUST00732,new,45-54,email,desktop,home,38.69,0,3,116.07,4,5,False
ORD101084,2025-04-17,CUST02473,returning,18-24,social_media,mobile,clothing,19.29,30,3,40.51,4,5,False
ORD103480,2025-04-18,CUST00307,new,45-54,organic,mobile,clothing,48.47,0,3,145.41,4,5,False
ORD102803,2025-04-18,CUST01831,new,35-44,referral,mobile,home,64.45,15,3,164.35,5,5,False
ORD101646,2025-04-18,CUST01019,new,25-34,social_media,mobile,electronics,145.72,0,1,145.72,7,4,False
ORD101266,2025-04-18,CUST01028,returning,45-54,organic,desktop,clothing,36.49,5,1,34.67,5,5,False
ORD104237,2025-04-18,CUST02063,returning,25-34,email,mobile,clothing,47.83,10,2,86.09,3,5,False
ORD100983,2025-04-18,CUST02172,new,35-44,search_ads,mobile,beauty,31.26,20,2,50.02,7,4,False
ORD100330,2025-04-18,CUST01820,new,25-34,organic,desktop,sports,125.0,15,1,106.25,1,5,False
ORD100684,2025-04-18,CUST00622,new,35-44,social_media,desktop,sports,89.2,15,1,75.82,6,5,False
ORD104832,2025-04-18,CUST02785,new,25-34,email,desktop,home,127.99,10,2,230.38,6,5,False
ORD100269,2025-04-18,CUST01006,returning,25-34,social_media,mobile,clothing,59.56,5,1,56.58,7,3,False
ORD100410,2025-04-18,CUST02156,returning,18-24,organic,mobile,clothing,24.98,0,1,24.98,3,5,False
ORD100876,2025-04-18,CUST02048,new,35-44,organic,desktop,home,95.51,0,1,95.51,8,5,False
ORD104059,2025-04-18,CUST02579,new,35-44,email,mobile,clothing,25.38,20,2,40.61,5,5,True
ORD101809,2025-04-18,CUST01320,new,25-34,organic,mobile,electronics,90.76,0,1,90.76,7,4,False
ORD102993,2025-04-18,CUST02638,new,45-54,email,mobile,electronics,260.64,0,1,260.64,13,4,True
ORD100944,2025-04-18,CUST00903,returning,18-24,social_media,mobile,home,44.46,0,3,133.38,3,4,False
ORD100888,2025-04-18,CUST03141,returning,18-24,organic,mobile,beauty,17.66,5,1,16.78,2,4,False
ORD102544,2025-04-18,CUST01591,new,45-54,email,mobile,clothing,110.43,15,1,93.87,6,4,False
ORD100424,2025-04-18,CUST02824,returning,25-34,email,mobile,electronics,158.88,0,2,317.76,10,4,False
ORD102905,2025-04-18,CUST02352,returning,18-24,social_media,desktop,electronics,61.63,0,2,123.26,8,4,False
ORD104561,2025-04-18,CUST02936,new,25-34,referral,desktop,electronics,169.01,0,3,507.03,4,5,False
ORD100225,2025-04-18,CUST02342,returning,35-44,social_media,mobile,electronics,133.3,15,1,113.3,8,3,False
ORD100218,2025-04-18,CUST02854,returning,55+,email,mobile,electronics,156.58,5,1,148.75,8,4,False
ORD103577,2025-04-18,CUST01969,returning,55+,search_ads,mobile,home,105.24,15,2,178.91,2,5,False
ORD100375,2025-04-19,CUST01294,new,45-54,organic,mobile,clothing,47.68,0,2,95.36,6,5,False
ORD104544,2025-04-19,CUST01148,new,18-24,referral,desktop,sports,24.08,30,1,16.86,6,5,False
ORD104845,2025-04-19,CUST00251,new,45-54,search_ads,mobile,clothing,42.06,20,1,33.65,6,5,False
ORD104509,2025-04-19,CUST02950,new,45-54,organic,mobile,home,125.13,0,1,125.13,5,5,False
ORD102927,2025-04-19,CUST01775,new,25-34,organic,desktop,home,91.7,0,1,91.7,5,5,False
ORD104444,2025-04-19,CUST01384,new,25-34,organic,mobile,electronics,160.23,0,2,320.46,6,5,False
ORD103675,2025-04-19,CUST01513,new,18-24,social_media,desktop,beauty,40.92,10,2,73.66,4,5,True
ORD100235,2025-04-19,CUST01819,returning,45-54,search_ads,desktop,electronics,205.84,15,3,524.89,8,4,False
ORD102556,2025-04-19,CUST01648,returning,18-24,organic,desktop,home,82.23,10,1,74.01,2,4,False
ORD103637,2025-04-19,CUST01987,new,25-34,organic,mobile,sports,49.66,15,1,42.21,7,3,False
ORD103682,2025-04-19,CUST03010,new,25-34,email,mobile,clothing,30.99,5,2,58.88,3,5,False
ORD103008,2025-04-19,CUST01380,returning,25-34,social_media,mobile,electronics,114.49,5,3,326.3,6,4,False
ORD104749,2025-04-19,CUST03175,new,25-34,organic,mobile,electronics,88.93,0,2,177.86,9,5,False
ORD102661,2025-04-19,CUST00666,new,35-44,social_media,mobile,beauty,25.58,5,1,24.3,5,5,False
ORD102269,2025-04-20,CUST01181,returning,25-34,social_media,desktop,clothing,49.41,15,1,42.0,5,5,False
ORD102275,2025-04-20,CUST02969,returning,45-54,search_ads,mobile,sports,70.53,30,2,98.74,6,5,False
ORD101950,2025-04-20,CUST00812,new,25-34,referral,mobile,clothing,31.49,0,1,31.49,6,5,False
ORD101909,2025-04-20,CUST03089,new,25-34,email,desktop,clothing,68.03,0,3,204.09,9,4,False
ORD100119,2025-04-20,CUST02921,new,18-24,social_media,desktop,beauty,58.98,10,3,159.25,6,5,False
ORD104732,2025-04-20,CUST00764,new,25-34,search_ads,mobile,beauty,37.18,0,2,74.36,2,5,False
ORD102571,2025-04-20,CUST00191,returning,55+,email,mobile,beauty,14.83,0,3,44.49,8,3,False
ORD100290,2025-04-20,CUST01130,new,35-44,organic,desktop,home,137.79,0,1,137.79,7,3,False
ORD102568,2025-04-20,CUST02766,new,45-54,email,mobile,home,130.79,10,2,235.42,9,5,False
ORD101992,2025-04-20,CUST01187,returning,55+,organic,mobile,sports,72.43,15,1,61.57,9,5,False
ORD101225,2025-04-20,CUST01679,new,35-44,referral,mobile,beauty,19.04,0,1,19.04,7,5,False
ORD104921,2025-04-20,CUST01543,returning,35-44,social_media,desktop,clothing,23.83,0,1,23.83,4,3,False
ORD101094,2025-04-20,CUST01244,new,18-24,email,mobile,beauty,35.77,0,2,71.54,2,4,False
ORD100474,2025-04-20,CUST02747,new,35-44,search_ads,mobile,home,139.19,20,3,334.06,9,5,False
ORD102628,2025-04-20,CUST00922,returning,35-44,organic,mobile,beauty,18.28,5,3,52.1,7,4,False
ORD100226,2025-04-20,CUST01886,returning,25-34,organic,mobile,home,26.97,0,2,53.94,3,5,False
ORD103000,2025-04-20,CUST02691,returning,45-54,referral,mobile,electronics,114.75,0,2,229.5,8,3,False
ORD102804,2025-04-20,CUST02311,new,35-44,social_media,mobile,clothing,96.52,10,1,86.87,3,5,False
ORD104035,2025-04-20,CUST03144,returning,18-24,email,mobile,electronics,124.97,5,2,237.44,8,5,False
ORD101761,2025-04-21,CUST01462,new,25-34,organic,desktop,beauty,53.6,5,2,101.84,5,4,False
ORD102974,2025-04-21,CUST01295,new,18-24,email,mobile,sports,31.34,0,3,94.02,5,4,False
ORD102059,2025-04-21,CUST01346,new,45-54,social_media,desktop,home,151.65,5,1,144.07,5,5,False
ORD102381,2025-04-21,CUST02631,new,18-24,organic,desktop,electronics,84.65,10,1,76.18,8,4,False
ORD101194,2025-04-21,CUST00352,returning,35-44,search_ads,mobile,clothing,58.98,15,1,50.13,8,5,False
ORD100063,2025-04-21,CUST02898,new,25-34,social_media,desktop,home,129.4,5,1,122.93,6,5,False
ORD104318,2025-04-21,CUST02758,new,25-34,search_ads,mobile,home,35.05,20,2,56.08,9,4,False
ORD100378,2025-04-21,CUST03131,new,55+,referral,desktop,home,53.64,20,2,85.82,2,5,False
ORD100981,2025-04-21,CUST02032,new,45-54,social_media,mobile,home,26.07,0,2,52.14,3,4,False
ORD102249,2025-04-21,CUST01117,new,25-34,search_ads,desktop,clothing,30.11,20,1,24.09,8,5,False
ORD102721,2025-04-21,CUST01924,returning,25-34,search_ads,desktop,clothing,98.4,15,1,83.64,3,5,False
ORD103218,2025-04-21,CUST00478,new,35-44,search_ads,mobile,sports,65.32,15,1,55.52,2,5,False
ORD100872,2025-04-21,CUST01650,returning,25-34,social_media,desktop,clothing,95.06,15,1,80.8,10,4,False
ORD105049,2025-04-21,CUST00906,new,25-34,organic,mobile,home,64.32,0,1,64.32,5,5,False
ORD104143,2025-04-21,CUST00103,returning,35-44,email,mobile,beauty,27.01,10,2,48.62,4,5,False
ORD104352,2025-04-21,CUST02139,returning,55+,organic,mobile,home,66.12,15,1,56.2,7,5,False
ORD104784,2025-04-21,CUST02892,returning,45-54,search_ads,mobile,clothing,91.78,15,3,234.04,5,5,False
ORD101014,2025-04-21,CUST01550,returning,18-24,social_media,desktop,electronics,243.41,30,2,340.77,8,5,False
ORD100007,2025-04-21,CUST01098,new,45-54,organic,mobile,electronics,147.05,0,1,147.05,7,4,False
ORD102206,2025-04-21,CUST01592,returning,18-24,organic,desktop,clothing,77.16,10,2,138.89,1,4,False
ORD100685,2025-04-21,CUST01246,new,25-34,organic,desktop,electronics,162.28,30,2,227.19,7,4,False
ORD101669,2025-04-21,CUST01538,returning,18-24,social_media,mobile,clothing,34.76,20,1,27.81,5,5,False
ORD102650,2025-04-21,CUST03158,new,25-34,organic,mobile,electronics,25.51,5,1,24.23,9,4,True
ORD101112,2025-04-21,CUST01037,new,25-34,email,desktop,sports,94.81,20,1,75.85,7,4,False
ORD104055,2025-04-22,CUST03155,new,35-44,social_media,mobile,clothing,58.05,5,2,110.29,4,4,False
ORD104589,2025-04-22,CUST03054,returning,45-54,organic,mobile,home,42.58,20,1,34.06,5,5,False
ORD102865,2025-04-22,CUST00689,returning,25-34,social_media,desktop,clothing,40.61,20,2,64.98,7,5,False
ORD102529,2025-04-22,CUST02105,new,45-54,social_media,desktop,electronics,93.44,5,3,266.3,3,4,True
ORD105129,2025-04-22,CUST02628,returning,55+,search_ads,mobile,electronics,139.25,10,2,250.65,8,5,False
ORD101315,2025-04-22,CUST02013,new,35-44,referral,mobile,clothing,28.85,0,2,57.7,9,5,True
ORD101840,2025-04-22,CUST01208,new,25-34,social_media,mobile,electronics,133.9,5,2,254.41,2,4,False
ORD101411,2025-04-22,CUST01783,returning,35-44,social_media,mobile,home,96.1,15,3,245.05,3,5,False
ORD101116,2025-04-22,CUST02114,new,25-34,search_ads,mobile,home,73.49,15,1,62.47,7,4,False
ORD104823,2025-04-22,CUST00441,new,45-54,organic,mobile,electronics,164.31,30,1,115.02,6,4,False
ORD103444,2025-04-22,CUST01351,returning,45-54,email,desktop,electronics,317.68,10,2,571.82,6,5,False
ORD102408,2025-04-22,CUST02412,returning,25-34,social_media,mobile,clothing,47.66,0,1,47.66,7,5,False
ORD104932,2025-04-23,CUST00885,returning,25-34,organic,mobile,beauty,25.43,0,2,50.86,6,5,False
ORD102518,2025-04-23,CUST02972,new,25-34,email,mobile,beauty,43.41,5,3,123.72,5,5,False
ORD102545,2025-04-23,CUST00057,new,25-34,social_media,mobile,home,116.46,0,2,232.92,4,5,False
ORD102306,2025-04-23,CUST01250,returning,35-44,organic,mobile,clothing,70.02,10,2,126.04,6,5,False
ORD101850,2025-04-23,CUST00992,new,18-24,email,mobile,clothing,46.37,20,1,37.1,4,4,False
ORD102686,2025-04-23,CUST01624,new,45-54,email,desktop,clothing,40.93,0,3,122.79,6,4,False
ORD103604,2025-04-23,CUST01089,new,35-44,social_media,desktop,sports,38.61,10,2,69.5,5,5,False
ORD100079,2025-04-23,CUST00486,new,18-24,email,desktop,electronics,79.17,10,2,142.51,6,5,False
ORD102537,2025-04-23,CUST00095,new,18-24,search_ads,mobile,home,33.88,10,2,60.98,5,5,False
ORD102272,2025-04-23,CUST01367,returning,18-24,organic,mobile,clothing,92.07,10,3,248.59,4,5,False
ORD101998,2025-04-23,CUST02892,returning,35-44,referral,mobile,beauty,33.07,5,1,31.42,4,5,False
ORD103574,2025-04-23,CUST01557,new,35-44,email,desktop,home,118.14,5,3,336.7,4,5,True
ORD102230,2025-04-23,CUST00359,new,25-34,organic,desktop,clothing,44.55,20,3,106.92,6,5,True
ORD101117,2025-04-23,CUST01153,returning,55+,organic,mobile,beauty,46.9,20,1,37.52,9,4,True
ORD100537,2025-04-23,CUST00638,new,25-34,search_ads,mobile,beauty,7.64,20,1,6.11,3,5,False
ORD100275,2025-04-23,CUST00649,new,45-54,social_media,desktop,beauty,55.02,15,1,46.77,4,5,False
ORD103336,2025-04-23,CUST00680,new,25-34,social_media,mobile,beauty,16.98,10,2,30.56,8,4,True
ORD100184,2025-04-23,CUST02125,new,55+,organic,mobile,beauty,20.54,10,1,18.49,5,5,False
ORD104041,2025-04-24,CUST02494,returning,25-34,organic,desktop,electronics,132.29,0,3,396.87,5,5,True
ORD104680,2025-04-24,CUST02589,new,45-54,email,desktop,clothing,53.56,0,1,53.56,10,4,False
ORD104519,2025-04-24,CUST01120,new,18-24,search_ads,mobile,clothing,24.23,10,1,21.81,7,4,False
ORD103217,2025-04-24,CUST00316,new,35-44,referral,mobile,home,100.98,20,1,80.78,3,5,False
ORD101307,2025-04-24,CUST02086,new,55+,organic,desktop,clothing,11.2,0,3,33.6,5,4,False
ORD104314,2025-04-24,CUST00400,new,35-44,search_ads,mobile,clothing,32.13,10,2,57.83,4,5,False
ORD101290,2025-04-24,CUST00401,returning,18-24,search_ads,desktop,clothing,29.8,0,3,89.4,5,5,False
ORD104859,2025-04-24,CUST01239,returning,25-34,social_media,desktop,sports,93.87,0,1,93.87,5,5,False
ORD102895,2025-04-24,CUST00443,new,55+,organic,desktop,electronics,131.92,0,2,263.84,4,5,False
ORD101359,2025-04-24,CUST01048,new,55+,search_ads,desktop,home,141.19,15,2,240.02,4,5,False
ORD101538,2025-04-24,CUST00713,returning,35-44,email,desktop,beauty,55.12,0,1,55.12,5,3,False
ORD105140,2025-04-24,CUST00853,new,25-34,search_ads,mobile,clothing,55.5,30,1,38.85,5,5,False
ORD104708,2025-04-24,CUST03051,returning,45-54,social_media,mobile,home,17.86,10,1,16.07,4,5,False
ORD100750,2025-04-24,CUST02516,returning,45-54,organic,desktop,home,52.22,10,1,47.0,3,5,False
ORD101166,2025-04-24,CUST00134,returning,18-24,search_ads,desktop,beauty,46.36,15,3,118.22,2,5,False
ORD105087,2025-04-24,CUST01095,new,25-34,social_media,mobile,sports,77.67,0,2,155.34,7,5,False
ORD102983,2025-04-24,CUST02942,new,55+,social_media,desktop,beauty,50.71,0,1,50.71,4,5,False
ORD104554,2025-04-24,CUST02028,new,18-24,search_ads,desktop,home,242.52,20,2,388.03,9,5,False
ORD105110,2025-04-25,CUST01172,new,25-34,social_media,mobile,beauty,30.19,0,1,30.19,4,5,False
ORD104363,2025-04-25,CUST00885,new,25-34,search_ads,desktop,beauty,36.76,10,1,33.08,6,5,False
ORD103963,2025-04-25,CUST02441,new,25-34,social_media,mobile,clothing,44.67,0,1,44.67,8,4,False
ORD104119,2025-04-25,CUST02149,new,55+,search_ads,desktop,clothing,57.84,20,1,46.27,5,5,False
ORD100830,2025-04-25,CUST00228,new,45-54,referral,mobile,clothing,76.05,5,3,216.74,2,5,False
ORD101833,2025-04-25,CUST02319,returning,25-34,search_ads,mobile,electronics,220.64,20,3,529.54,8,4,False
ORD104049,2025-04-25,CUST01524,new,45-54,referral,mobile,clothing,12.12,15,2,20.6,7,5,False
ORD105009,2025-04-25,CUST00949,new,25-34,email,mobile,home,148.09,0,1,148.09,7,5,True
ORD104592,2025-04-25,CUST00465,returning,25-34,email,desktop,sports,140.61,0,1,140.61,4,5,False
ORD102421,2025-04-25,CUST01291,returning,25-34,organic,mobile,clothing,90.87,0,2,181.74,4,4,False
ORD102780,2025-04-25,CUST01818,new,55+,organic,desktop,electronics,255.68,5,2,485.79,11,4,True
ORD105007,2025-04-25,CUST01241,new,18-24,search_ads,mobile,beauty,19.58,20,1,15.66,6,4,False
ORD102576,2025-04-25,CUST02224,returning,55+,social_media,desktop,clothing,84.66,15,1,71.96,5,4,False
ORD101139,2025-04-25,CUST00861,returning,35-44,organic,desktop,clothing,47.11,20,1,37.69,6,4,False
ORD100668,2025-04-25,CUST02089,new,25-34,organic,mobile,beauty,34.23,15,1,29.1,7,4,False
ORD102131,2025-04-26,CUST02815,new,45-54,social_media,mobile,clothing,102.83,20,1,82.26,5,5,False
ORD102168,2025-04-26,CUST02385,new,18-24,email,desktop,beauty,59.38,10,2,106.88,6,4,False
ORD100203,2025-04-26,CUST01348,new,35-44,social_media,mobile,beauty,57.41,0,2,114.82,5,5,False
ORD102027,2025-04-26,CUST02617,new,25-34,organic,mobile,beauty,19.65,10,2,35.37,4,5,False
ORD102830,2025-04-26,CUST00622,new,35-44,email,mobile,electronics,191.16,0,2,382.32,7,4,False
ORD100764,2025-04-26,CUST01226,returning,25-34,search_ads,mobile,sports,24.93,20,1,19.94,4,4,False
ORD101363,2025-04-26,CUST00314,returning,18-24,search_ads,desktop,electronics,18.92,10,3,51.08,7,3,True
ORD102863,2025-04-26,CUST00309,returning,25-34,social_media,mobile,home,51.57,0,2,103.14,4,5,False
ORD101759,2025-04-26,CUST02074,returning,25-34,organic,desktop,beauty,41.77,20,3,100.25,5,5,True
ORD102680,2025-04-26,CUST01729,new,25-34,organic,mobile,clothing,91.49,15,3,233.3,3,5,False
ORD100963,2025-04-26,CUST00226,new,45-54,social_media,mobile,electronics,156.18,0,3,468.54,7,5,True
ORD104112,2025-04-26,CUST02437,new,18-24,search_ads,mobile,beauty,19.4,10,2,34.92,3,5,False
ORD100667,2025-04-26,CUST00113,new,25-34,search_ads,mobile,home,71.63,10,1,64.47,10,5,False
ORD103748,2025-04-26,CUST02092,new,45-54,organic,mobile,clothing,65.45,0,1,65.45,5,5,False
ORD101642,2025-04-26,CUST01307,returning,55+,email,mobile,home,112.18,10,1,100.96,8,4,False
ORD102557,2025-04-27,CUST01951,new,35-44,social_media,mobile,electronics,218.46,0,3,655.38,6,5,False
ORD101904,2025-04-27,CUST01321,new,55+,organic,mobile,electronics,79.82,10,1,71.84,6,4,False
ORD100260,2025-04-27,CUST01151,new,35-44,organic,mobile,home,62.65,0,3,187.95,6,4,True
ORD100431,2025-04-27,CUST01590,returning,25-34,referral,mobile,electronics,83.37,20,2,133.39,6,4,False
ORD100890,2025-04-27,CUST00785,new,35-44,email,mobile,electronics,112.08,5,1,106.48,5,5,False
ORD104367,2025-04-27,CUST01138,new,35-44,email,desktop,clothing,37.69,0,2,75.38,5,5,False
ORD104061,2025-04-27,CUST01857,returning,25-34,organic,mobile,clothing,50.4,0,1,50.4,7,5,True
ORD101619,2025-04-27,CUST02924,returning,35-44,email,mobile,sports,161.72,0,1,161.72,7,4,True
ORD104759,2025-04-27,CUST01611,returning,25-34,search_ads,mobile,clothing,29.51,20,2,47.22,4,5,False
ORD104833,2025-04-27,CUST01253,new,45-54,organic,desktop,home,70.32,0,3,210.96,6,5,False
ORD103184,2025-04-27,CUST02471,new,25-34,search_ads,desktop,home,197.3,0,3,591.9,3,4,False
ORD101601,2025-04-27,CUST00672,new,45-54,organic,mobile,electronics,203.23,15,1,172.75,3,5,True
ORD101148,2025-04-27,CUST00674,returning,25-34,social_media,desktop,clothing,24.37,15,2,41.43,3,4,False
ORD100169,2025-04-27,CUST00194,returning,25-34,organic,desktop,beauty,45.28,15,1,38.49,6,5,False
ORD101156,2025-04-27,CUST03168,returning,45-54,social_media,mobile,beauty,41.29,5,3,117.68,7,4,False
ORD103088,2025-04-27,CUST02536,returning,25-34,organic,desktop,beauty,18.06,15,1,15.35,6,5,True
ORD103395,2025-04-28,CUST01060,returning,55+,organic,mobile,clothing,51.33,0,1,51.33,9,4,False
ORD101593,2025-04-28,CUST01368,new,35-44,search_ads,desktop,beauty,64.71,30,1,45.3,6,4,False
ORD101711,2025-04-28,CUST02342,new,35-44,email,desktop,electronics,155.62,5,1,147.84,10,3,False
ORD103844,2025-04-28,CUST02956,returning,25-34,organic,desktop,sports,75.99,5,2,144.38,7,3,False
ORD102510,2025-04-28,CUST02968,returning,25-34,organic,desktop,clothing,58.69,10,1,52.82,2,5,False
ORD103600,2025-04-28,CUST03111,returning,18-24,organic,mobile,home,75.97,10,1,68.37,5,5,False
ORD100137,2025-04-28,CUST00889,new,25-34,referral,mobile,electronics,98.64,10,1,88.78,8,4,True
ORD103987,2025-04-28,CUST02903,returning,18-24,organic,mobile,clothing,81.83,20,2,130.93,2,5,False
ORD103589,2025-04-28,CUST02434,returning,35-44,search_ads,mobile,electronics,145.08,10,3,391.72,4,5,True
ORD100075,2025-04-28,CUST02652,new,45-54,organic,desktop,sports,118.94,10,2,214.09,7,4,False
ORD100847,2025-04-28,CUST02290,returning,25-34,email,desktop,electronics,322.75,20,1,258.2,7,4,False
ORD103640,2025-04-28,CUST00030,returning,45-54,email,mobile,clothing,64.34,10,3,173.72,6,5,False
ORD102437,2025-04-28,CUST02743,returning,35-44,organic,mobile,electronics,268.45,0,3,805.35,8,4,False
ORD102041,2025-04-28,CUST01634,returning,35-44,organic,mobile,clothing,17.87,0,2,35.74,2,5,False
ORD101708,2025-04-28,CUST03185,returning,55+,social_media,desktop,electronics,217.7,0,1,217.7,7,4,False
ORD102548,2025-04-28,CUST01706,returning,25-34,email,desktop,electronics,143.53,10,2,258.35,8,5,False
ORD103670,2025-04-28,CUST02022,new,45-54,email,mobile,beauty,4.94,10,1,4.45,6,5,False
ORD104330,2025-04-28,CUST01257,new,25-34,search_ads,desktop,sports,22.61,20,1,18.09,4,5,False
ORD100064,2025-04-28,CUST02812,new,55+,organic,mobile,electronics,196.47,30,1,137.53,5,5,False
ORD104376,2025-04-28,CUST03002,new,55+,organic,desktop,home,105.23,20,1,84.18,6,5,False
ORD103270,2025-04-29,CUST00567,new,25-34,social_media,mobile,beauty,11.7,15,2,19.89,3,5,False
ORD104641,2025-04-29,CUST01524,returning,35-44,search_ads,desktop,home,135.13,0,2,270.26,6,5,False
ORD100001,2025-04-29,CUST02247,new,55+,organic,desktop,electronics,136.81,20,2,218.9,6,5,False
ORD100616,2025-04-29,CUST01715,new,55+,organic,mobile,electronics,199.11,10,1,179.2,5,5,False
ORD100835,2025-04-29,CUST00607,returning,25-34,organic,desktop,electronics,195.61,20,2,312.98,8,4,False
ORD103376,2025-04-29,CUST01554,new,35-44,social_media,desktop,home,106.03,20,2,169.65,1,5,False
ORD103367,2025-04-29,CUST01936,new,55+,search_ads,mobile,electronics,155.24,30,1,108.67,6,5,False
ORD100863,2025-04-29,CUST02607,new,55+,organic,mobile,clothing,38.3,0,2,76.6,9,5,False
ORD101164,2025-04-29,CUST02919,new,25-34,search_ads,mobile,home,127.94,0,3,383.82,5,5,False
ORD101606,2025-04-29,CUST01526,new,25-34,organic,mobile,clothing,70.81,10,2,127.46,8,4,False
ORD101742,2025-04-29,CUST03173,new,35-44,search_ads,mobile,home,111.31,30,1,77.92,3,5,False
ORD101127,2025-04-29,CUST02012,returning,55+,organic,desktop,clothing,61.39,0,1,61.39,4,5,False
ORD105050,2025-04-29,CUST00208,new,18-24,organic,mobile,clothing,72.85,15,1,61.92,6,5,False
ORD102781,2025-04-29,CUST00595,returning,25-34,search_ads,mobile,electronics,176.84,15,1,150.31,6,5,False
ORD105148,2025-04-29,CUST01615,returning,18-24,search_ads,mobile,beauty,13.56,0,3,40.68,7,3,False
ORD101835,2025-04-29,CUST00076,new,45-54,email,mobile,home,46.87,5,3,133.58,4,4,False
ORD101385,2025-04-29,CUST01104,returning,45-54,email,desktop,home,70.48,0,2,140.96,5,5,False
ORD104332,2025-04-29,CUST00931,returning,25-34,organic,desktop,clothing,93.54,0,1,93.54,3,5,False
ORD105089,2025-04-29,CUST00356,new,45-54,social_media,mobile,electronics,108.85,0,3,326.55,4,5,False
ORD103866,2025-04-29,CUST01410,new,55+,email,mobile,sports,17.84,20,1,14.27,4,5,False
ORD101625,2025-04-29,CUST02081,new,18-24,social_media,desktop,beauty,15.89,20,1,12.71,2,5,False
ORD102697,2025-04-29,CUST00845,returning,45-54,social_media,mobile,sports,19.15,20,1,15.32,3,5,False
ORD102602,2025-04-29,CUST02207,returning,25-34,search_ads,desktop,electronics,108.33,10,1,97.5,8,5,False
ORD104903,2025-04-30,CUST03073,returning,45-54,social_media,desktop,electronics,195.43,0,2,390.86,5,4,False
ORD103549,2025-04-30,CUST00589,returning,35-44,referral,desktop,electronics,148.13,10,1,133.32,6,5,False
ORD103719,2025-04-30,CUST01715,returning,35-44,search_ads,desktop,electronics,123.02,20,3,295.25,6,5,True
ORD103259,2025-04-30,CUST01958,new,18-24,organic,desktop,clothing,45.56,10,1,41.0,3,5,False
ORD103917,2025-04-30,CUST01942,new,18-24,organic,desktop,clothing,47.91,15,3,122.17,6,5,False
ORD102563,2025-04-30,CUST02390,returning,35-44,search_ads,desktop,beauty,23.62,0,1,23.62,5,5,True
ORD101198,2025-04-30,CUST00619,new,25-34,referral,mobile,sports,79.32,0,1,79.32,9,4,False
ORD104825,2025-04-30,CUST01673,new,45-54,social_media,mobile,clothing,21.75,0,1,21.75,7,5,False
ORD105071,2025-04-30,CUST01158,returning,25-34,referral,desktop,clothing,50.18,0,1,50.18,5,5,False
ORD101489,2025-04-30,CUST00867,new,45-54,search_ads,mobile,sports,28.13,10,1,25.32,5,5,False
ORD101679,2025-04-30,CUST02418,new,35-44,organic,mobile,beauty,16.49,5,1,15.67,5,5,False
ORD103905,2025-04-30,CUST01336,returning,18-24,email,mobile,clothing,59.0,10,2,106.2,6,5,False
ORD100332,2025-04-30,CUST02689,returning,55+,social_media,desktop,sports,105.2,15,2,178.84,2,5,False
ORD100823,2025-05-01,CUST02081,returning,35-44,referral,desktop,beauty,21.18,30,1,14.83,3,5,False
ORD102181,2025-05-01,CUST02185,returning,25-34,organic,desktop,beauty,38.94,30,2,54.52,6,5,False
ORD101343,2025-05-01,CUST03068,returning,35-44,social_media,mobile,electronics,189.67,10,2,341.41,8,4,False
ORD100690,2025-05-01,CUST00084,returning,25-34,search_ads,mobile,home,56.4,20,1,45.12,5,4,False
ORD101542,2025-05-01,CUST01466,returning,18-24,social_media,desktop,electronics,269.85,0,1,269.85,5,5,False
ORD104513,2025-05-01,CUST02308,new,45-54,email,mobile,electronics,223.8,15,1,190.23,7,3,False
ORD102708,2025-05-01,CUST01939,returning,35-44,organic,mobile,electronics,106.86,5,2,203.03,7,4,False
ORD102627,2025-05-01,CUST01930,new,18-24,search_ads,desktop,home,78.47,30,1,54.93,5,5,False
ORD102302,2025-05-01,CUST00669,returning,35-44,search_ads,mobile,electronics,95.71,20,2,153.14,10,3,True
ORD100278,2025-05-01,CUST03157,new,35-44,search_ads,desktop,electronics,228.95,0,3,686.85,3,5,False
ORD103213,2025-05-01,CUST02547,returning,35-44,email,mobile,electronics,66.87,20,3,160.49,11,5,True
ORD102658,2025-05-01,CUST00833,new,25-34,organic,desktop,clothing,39.23,5,2,74.54,4,5,False
ORD102689,2025-05-01,CUST01720,new,55+,organic,desktop,clothing,70.37,15,1,59.81,5,5,False
ORD101512,2025-05-01,CUST01526,returning,18-24,organic,mobile,clothing,34.41,20,2,55.06,9,4,True
ORD100911,2025-05-01,CUST00504,new,18-24,referral,mobile,electronics,87.48,10,3,236.2,6,4,False
ORD101533,2025-05-01,CUST01962,new,35-44,social_media,mobile,clothing,24.96,0,1,24.96,3,5,False
ORD105002,2025-05-01,CUST00916,new,55+,social_media,mobile,home,28.39,5,2,53.94,4,5,False
ORD100707,2025-05-01,CUST01732,returning,35-44,social_media,mobile,home,90.38,10,1,81.34,4,5,False
ORD101251,2025-05-01,CUST03041,new,18-24,referral,mobile,home,62.22,15,1,52.89,8,5,False
ORD103287,2025-05-01,CUST02402,returning,45-54,search_ads,mobile,electronics,94.54,15,1,80.36,7,5,False
ORD103494,2025-05-01,CUST01972,new,25-34,social_media,mobile,home,44.49,0,3,133.47,5,5,False
ORD104693,2025-05-01,CUST00181,new,55+,organic,mobile,clothing,44.54,10,2,80.17,4,5,False
ORD103029,2025-05-01,CUST01665,new,55+,email,mobile,clothing,17.18,15,2,29.21,4,5,False
ORD104399,2025-05-01,CUST00289,new,45-54,email,desktop,clothing,15.01,0,2,30.02,5,5,False
ORD104274,2025-05-01,CUST01609,new,55+,referral,mobile,clothing,30.92,15,1,26.28,5,5,False
ORD104198,2025-05-02,CUST00777,new,45-54,organic,desktop,clothing,57.27,30,3,120.27,4,5,False
ORD101897,2025-05-02,CUST01811,new,25-34,email,mobile,clothing,52.19,10,1,46.97,4,5,False
ORD100224,2025-05-02,CUST00280,new,18-24,organic,desktop,clothing,20.76,0,1,20.76,12,5,False
ORD104405,2025-05-02,CUST03034,new,35-44,organic,desktop,clothing,57.15,10,1,51.44,9,4,False
ORD104906,2025-05-02,CUST02020,returning,25-34,email,desktop,electronics,88.06,10,1,79.25,11,4,False
ORD104264,2025-05-02,CUST00385,returning,45-54,search_ads,desktop,sports,49.38,10,1,44.44,5,4,False
ORD103099,2025-05-02,CUST02019,new,25-34,email,mobile,clothing,45.79,15,3,116.76,7,5,False
ORD104295,2025-05-02,CUST03079,new,45-54,referral,desktop,beauty,39.76,0,3,119.28,10,5,False
ORD104036,2025-05-02,CUST02021,returning,55+,search_ads,desktop,sports,55.42,10,1,49.88,5,4,False
ORD102513,2025-05-02,CUST01552,new,45-54,social_media,desktop,home,126.9,0,3,380.7,2,5,False
ORD104714,2025-05-02,CUST02064,returning,45-54,referral,mobile,clothing,37.52,0,3,112.56,4,5,False
ORD102254,2025-05-02,CUST01866,new,55+,email,mobile,beauty,19.36,5,1,18.39,2,5,False
ORD100619,2025-05-02,CUST01967,returning,45-54,search_ads,mobile,clothing,42.13,0,3,126.39,5,5,False
ORD102183,2025-05-02,CUST00695,new,25-34,referral,desktop,sports,83.85,0,3,251.55,7,5,False
ORD101149,2025-05-03,CUST01624,new,25-34,social_media,desktop,electronics,161.11,0,1,161.11,5,5,False
ORD104108,2025-05-03,CUST01325,returning,25-34,social_media,mobile,beauty,62.28,5,1,59.17,6,5,False
ORD101919,2025-05-03,CUST01337,returning,35-44,social_media,desktop,clothing,27.15,0,1,27.15,3,5,True
ORD100654,2025-05-03,CUST00935,new,45-54,organic,desktop,beauty,28.08,0,2,56.16,3,5,False
ORD101958,2025-05-03,CUST00626,new,35-44,organic,mobile,clothing,113.52,10,1,102.17,8,4,True
ORD100992,2025-05-03,CUST00795,new,45-54,organic,mobile,clothing,41.33,10,3,111.59,2,5,False
ORD102884,2025-05-03,CUST00479,returning,18-24,search_ads,mobile,clothing,31.85,20,1,25.48,3,5,False
ORD102707,2025-05-03,CUST00054,new,18-24,social_media,desktop,beauty,30.3,0,1,30.3,5,5,False
ORD104280,2025-05-03,CUST02942,new,45-54,email,mobile,sports,55.21,5,1,52.45,4,5,False
ORD103896,2025-05-03,CUST02418,new,35-44,search_ads,mobile,home,236.57,30,3,496.8,5,5,False
ORD104530,2025-05-03,CUST01658,returning,35-44,search_ads,desktop,electronics,114.71,10,3,309.72,7,5,False
ORD103542,2025-05-04,CUST00469,returning,35-44,email,mobile,beauty,31.19,15,1,26.51,4,5,False
ORD100398,2025-05-04,CUST00293,new,55+,email,desktop,electronics,164.31,20,1,131.45,9,5,False
ORD100558,2025-05-04,CUST02359,new,35-44,search_ads,mobile,electronics,237.51,20,1,190.01,8,3,False
ORD100187,2025-05-04,CUST02532,new,25-34,organic,mobile,clothing,73.26,10,1,65.93,6,5,False
ORD100637,2025-05-04,CUST03077,new,35-44,social_media,mobile,home,52.85,0,2,105.7,9,5,False
ORD104924,2025-05-04,CUST01226,new,55+,search_ads,mobile,clothing,42.33,30,2,59.26,6,5,False
ORD100534,2025-05-04,CUST00837,new,45-54,organic,mobile,clothing,71.31,20,1,57.05,6,5,False
ORD103994,2025-05-04,CUST02877,returning,25-34,organic,desktop,beauty,67.91,15,1,57.72,5,5,False
ORD101634,2025-05-04,CUST01303,returning,25-34,social_media,mobile,clothing,42.57,10,2,76.63,5,5,False
ORD102359,2025-05-04,CUST02956,new,35-44,organic,mobile,clothing,27.46,15,1,23.34,6,4,False
ORD104311,2025-05-05,CUST02852,new,18-24,organic,mobile,electronics,112.84,0,1,112.84,5,4,False
ORD100526,2025-05-05,CUST00234,returning,45-54,organic,desktop,clothing,79.75,10,2,143.55,6,5,False
ORD102243,2025-05-05,CUST02656,new,35-44,social_media,desktop,beauty,22.6,20,1,18.08,3,5,False
ORD101020,2025-05-05,CUST01402,returning,45-54,social_media,desktop,electronics,65.66,0,3,196.98,7,4,True
ORD102887,2025-05-05,CUST02800,new,25-34,social_media,desktop,beauty,40.33,5,2,76.63,5,5,False
ORD103934,2025-05-05,CUST01787,returning,25-34,email,mobile,electronics,171.67,15,3,437.76,6,5,False
ORD102946,2025-05-05,CUST02242,returning,35-44,search_ads,desktop,home,68.4,10,1,61.56,7,4,False
ORD104303,2025-05-05,CUST01252,returning,25-34,referral,desktop,clothing,32.12,5,3,91.54,12,5,True
ORD104307,2025-05-05,CUST00951,returning,45-54,organic,mobile,clothing,66.05,5,1,62.75,6,4,False
ORD100727,2025-05-05,CUST02085,returning,35-44,organic,desktop,home,83.77,10,2,150.79,5,5,False
ORD101857,2025-05-05,CUST01940,new,25-34,organic,mobile,clothing,68.19,0,2,136.38,4,5,False
ORD100336,2025-05-05,CUST02513,returning,45-54,organic,desktop,electronics,230.01,0,3,690.03,10,4,False
ORD102769,2025-05-05,CUST01871,new,55+,organic,desktop,beauty,39.07,0,1,39.07,3,4,False
ORD103146,2025-05-05,CUST02709,new,18-24,email,mobile,electronics,80.89,15,1,68.76,6,4,False
ORD102676,2025-05-05,CUST00091,new,35-44,organic,mobile,home,100.11,0,1,100.11,7,4,False
ORD101571,2025-05-05,CUST00811,new,25-34,social_media,mobile,electronics,372.15,5,2,707.08,8,4,False
ORD101716,2025-05-06,CUST01991,new,45-54,organic,desktop,sports,64.47,15,2,109.6,5,4,False
ORD104030,2025-05-06,CUST00180,returning,18-24,organic,mobile,home,67.49,0,2,134.98,2,5,False
ORD100384,2025-05-06,CUST01675,returning,45-54,email,desktop,clothing,54.5,10,2,98.1,4,5,False
ORD103372,2025-05-06,CUST01626,returning,55+,organic,mobile,beauty,18.09,5,2,34.37,10,4,True
ORD100360,2025-05-06,CUST01088,returning,45-54,organic,desktop,sports,28.28,20,2,45.25,6,5,False
ORD100986,2025-05-06,CUST01620,new,35-44,email,desktop,electronics,76.48,20,1,61.18,7,3,False
ORD102617,2025-05-06,CUST03081,returning,25-34,organic,mobile,sports,94.59,10,1,85.13,1,5,True
ORD103460,2025-05-06,CUST02091,new,18-24,social_media,desktop,clothing,78.96,10,1,71.06,2,5,False
ORD103239,2025-05-06,CUST00440,new,45-54,social_media,desktop,beauty,10.05,10,2,18.09,8,3,False
ORD104765,2025-05-06,CUST01932,new,45-54,social_media,desktop,home,96.36,0,1,96.36,3,3,False
ORD104001,2025-05-06,CUST01774,new,25-34,email,mobile,beauty,36.69,5,1,34.86,5,5,False
ORD102878,2025-05-06,CUST01489,returning,55+,email,mobile,clothing,50.49,5,1,47.97,4,5,False
ORD102016,2025-05-06,CUST02582,new,25-34,social_media,mobile,electronics,196.34,15,1,166.89,2,5,False
ORD104504,2025-05-06,CUST01316,new,35-44,search_ads,mobile,electronics,95.72,15,1,81.36,8,4,False
ORD103192,2025-05-06,CUST00331,new,55+,referral,desktop,home,87.2,0,1,87.2,4,5,False
ORD104096,2025-05-06,CUST00823,returning,55+,social_media,mobile,home,46.91,0,1,46.91,7,5,False
ORD100344,2025-05-06,CUST01324,new,35-44,social_media,desktop,clothing,58.15,0,3,174.45,3,4,False
ORD103737,2025-05-07,CUST01969,returning,25-34,organic,mobile,beauty,24.41,0,2,48.82,3,5,False
ORD102185,2025-05-07,CUST03031,new,25-34,organic,mobile,electronics,170.47,15,3,434.7,7,4,False
ORD101590,2025-05-07,CUST01580,returning,25-34,organic,desktop,sports,94.47,15,1,80.3,3,4,False
ORD102450,2025-05-07,CUST01270,returning,35-44,social_media,desktop,beauty,72.28,5,1,68.67,5,4,False
ORD100472,2025-05-07,CUST02428,new,25-34,social_media,mobile,beauty,16.04,10,1,14.44,5,5,False
ORD103638,2025-05-07,CUST00120,new,25-34,social_media,desktop,clothing,90.76,30,2,127.06,3,5,False
ORD104138,2025-05-07,CUST00187,new,25-34,social_media,desktop,clothing,68.84,10,2,123.91,4,5,False
ORD100094,2025-05-07,CUST01043,returning,35-44,organic,desktop,beauty,45.95,30,1,32.16,2,5,False
ORD104946,2025-05-07,CUST00618,returning,55+,organic,mobile,clothing,63.52,5,1,60.34,6,4,False
ORD101407,2025-05-07,CUST02716,new,18-24,referral,desktop,clothing,36.0,5,1,34.2,4,5,False
ORD103240,2025-05-07,CUST02453,returning,25-34,email,mobile,beauty,27.92,5,3,79.57,7,5,False
ORD102523,2025-05-07,CUST03127,new,45-54,email,mobile,beauty,22.04,0,2,44.08,3,5,False
ORD101901,2025-05-07,CUST02296,new,35-44,organic,mobile,sports,33.27,15,1,28.28,4,4,False
ORD100345,2025-05-07,CUST03076,new,55+,organic,desktop,home,68.57,0,1,68.57,6,5,False
ORD100284,2025-05-08,CUST00226,returning,45-54,organic,mobile,electronics,106.51,15,2,181.07,9,4,False
ORD103416,2025-05-08,CUST01816,new,55+,social_media,mobile,beauty,24.13,15,1,20.51,4,4,False
ORD102471,2025-05-08,CUST01824,new,35-44,organic,mobile,clothing,27.84,10,3,75.17,6,5,False
ORD104886,2025-05-08,CUST02788,new,25-34,organic,desktop,electronics,99.3,15,2,168.81,7,4,False
ORD103686,2025-05-08,CUST01206,new,35-44,organic,mobile,electronics,86.47,0,3,259.41,13,4,False
ORD101783,2025-05-08,CUST02037,returning,18-24,organic,mobile,beauty,16.63,20,1,13.3,4,4,True
ORD104481,2025-05-08,CUST02566,new,45-54,social_media,desktop,electronics,186.57,0,1,186.57,13,4,False
ORD101022,2025-05-08,CUST02325,returning,25-34,referral,mobile,home,101.18,15,1,86.0,5,5,False
ORD102972,2025-05-08,CUST00449,new,25-34,organic,mobile,beauty,11.71,10,1,10.54,8,4,False
ORD102090,2025-05-08,CUST02567,new,25-34,search_ads,desktop,sports,26.52,15,1,22.54,4,5,False
ORD104449,2025-05-08,CUST00974,returning,25-34,referral,desktop,sports,95.39,0,1,95.39,6,5,False
ORD102418,2025-05-08,CUST03190,new,45-54,search_ads,desktop,home,39.92,15,2,67.86,7,5,False
ORD103974,2025-05-08,CUST02102,new,35-44,social_media,mobile,electronics,56.06,0,1,56.06,7,5,False
ORD103243,2025-05-08,CUST01695,new,35-44,search_ads,mobile,beauty,38.5,20,2,61.6,6,5,False
ORD102888,2025-05-08,CUST02292,new,25-34,email,mobile,clothing,27.87,0,1,27.87,5,5,False
ORD100943,2025-05-08,CUST02998,new,18-24,organic,desktop,clothing,11.52,10,2,20.74,7,5,False
ORD101395,2025-05-08,CUST02174,new,35-44,organic,desktop,electronics,293.92,10,1,264.53,4,4,False
ORD104526,2025-05-08,CUST02386,returning,45-54,social_media,desktop,electronics,83.54,30,2,116.96,6,4,True
ORD100609,2025-05-09,CUST01116,new,25-34,social_media,desktop,electronics,264.65,5,2,502.83,5,5,False
ORD104272,2025-05-09,CUST02998,new,45-54,referral,mobile,clothing,52.71,10,3,142.32,6,4,False
ORD101725,2025-05-09,CUST01159,new,45-54,organic,desktop,clothing,117.58,20,1,94.06,3,5,False
ORD101614,2025-05-09,CUST02476,new,25-34,organic,mobile,electronics,179.86,0,1,179.86,6,4,False
ORD103158,2025-05-09,CUST00920,new,35-44,social_media,mobile,clothing,51.06,15,2,86.8,2,4,False
ORD103470,2025-05-09,CUST02822,returning,25-34,email,desktop,clothing,57.98,15,1,49.28,1,5,False
ORD101006,2025-05-09,CUST02870,returning,35-44,social_media,desktop,electronics,260.62,5,2,495.18,8,4,False
ORD101496,2025-05-09,CUST00167,returning,35-44,organic,desktop,home,50.98,15,1,43.33,7,4,False
ORD104879,2025-05-09,CUST02518,new,55+,referral,mobile,clothing,46.7,0,1,46.7,6,5,False
ORD100080,2025-05-09,CUST02790,returning,45-54,email,mobile,electronics,84.07,0,2,168.14,7,4,False
ORD103975,2025-05-09,CUST00517,new,18-24,organic,mobile,beauty,42.97,10,2,77.35,5,4,False
ORD102447,2025-05-09,CUST02365,returning,25-34,search_ads,mobile,electronics,253.27,30,1,177.29,7,4,False
ORD104477,2025-05-09,CUST00993,new,18-24,organic,mobile,beauty,55.67,15,1,47.32,5,4,False
ORD102538,2025-05-09,CUST02958,returning,35-44,social_media,mobile,home,53.33,10,2,95.99,6,5,False
ORD102924,2025-05-09,CUST02034,returning,35-44,organic,mobile,home,50.54,0,1,50.54,3,5,False
ORD102274,2025-05-09,CUST01952,new,25-34,social_media,mobile,beauty,4.48,15,1,3.81,3,4,True
ORD103051,2025-05-09,CUST01763,new,55+,social_media,desktop,home,158.86,0,1,158.86,4,5,False
ORD101059,2025-05-09,CUST00252,returning,18-24,referral,desktop,clothing,33.6,0,2,67.2,3,5,False
ORD104938,2025-05-09,CUST01490,new,55+,organic,desktop,electronics,170.05,0,2,340.1,6,5,True
ORD101632,2025-05-09,CUST02350,new,55+,email,desktop,clothing,24.09,10,1,21.68,6,5,False
ORD104287,2025-05-10,CUST00226,new,25-34,organic,mobile,sports,50.93,15,1,43.29,3,5,False
ORD104605,2025-05-10,CUST02455,new,25-34,organic,mobile,home,83.64,15,2,142.19,7,5,False
ORD100135,2025-05-10,CUST01355,returning,25-34,organic,mobile,home,56.32,20,1,45.06,5,5,False
ORD100789,2025-05-10,CUST00528,new,18-24,social_media,mobile,electronics,170.23,5,1,161.72,8,5,True
ORD105000,2025-05-10,CUST02549,returning,55+,social_media,mobile,home,164.7,5,1,156.46,4,5,False
ORD100371,2025-05-10,CUST01034,new,25-34,social_media,mobile,sports,59.65,10,1,53.68,5,5,False
ORD102146,2025-05-10,CUST02416,new,55+,email,mobile,beauty,14.11,10,1,12.7,8,4,True
ORD101256,2025-05-10,CUST03165,returning,25-34,organic,desktop,sports,49.68,10,1,44.71,6,5,False
ORD100657,2025-05-10,CUST02530,new,18-24,email,mobile,home,198.48,10,2,357.26,4,5,False
ORD104377,2025-05-10,CUST00879,new,25-34,social_media,mobile,beauty,47.4,5,1,45.03,6,5,False
ORD105078,2025-05-10,CUST00009,returning,45-54,organic,mobile,sports,66.48,20,1,53.18,7,4,True
ORD104212,2025-05-10,CUST00184,new,25-34,organic,desktop,beauty,10.06,15,2,17.1,5,5,False
ORD103789,2025-05-10,CUST00293,returning,25-34,organic,desktop,home,71.66,0,1,71.66,5,5,False
ORD103108,2025-05-10,CUST01182,returning,35-44,organic,mobile,beauty,31.69,20,3,76.06,6,5,False
ORD102105,2025-05-10,CUST01796,new,35-44,social_media,mobile,home,111.29,5,2,211.45,5,5,False
ORD102963,2025-05-10,CUST00171,new,45-54,organic,desktop,clothing,35.43,20,1,28.34,5,5,False
ORD104015,2025-05-11,CUST01143,returning,25-34,organic,mobile,home,67.17,0,1,67.17,1,5,False
ORD104510,2025-05-11,CUST01749,new,18-24,organic,mobile,clothing,16.51,0,2,33.02,4,5,False
ORD102154,2025-05-11,CUST00511,new,45-54,search_ads,desktop,electronics,258.71,20,1,206.97,2,4,False
ORD104470,2025-05-11,CUST02969,new,55+,social_media,mobile,electronics,107.45,10,2,193.41,8,5,False
ORD102188,2025-05-11,CUST02539,new,25-34,social_media,mobile,home,126.03,10,1,113.43,8,5,False
ORD102735,2025-05-11,CUST00597,returning,45-54,referral,mobile,home,64.42,0,2,128.84,4,4,False
ORD102875,2025-05-11,CUST01284,new,35-44,organic,desktop,home,114.15,20,1,91.32,2,5,False
ORD105201,2025-05-11,CUST01094,new,55+,email,mobile,clothing,60.72,15,2,103.22,6,5,False
ORD103522,2025-05-11,CUST01952,new,35-44,referral,mobile,clothing,84.66,5,1,80.43,3,5,False
ORD103982,2025-05-11,CUST01356,new,25-34,social_media,desktop,clothing,81.4,0,2,162.8,6,5,False
ORD101288,2025-05-11,CUST01742,returning,25-34,referral,mobile,electronics,233.4,20,1,186.72,7,5,False
ORD101882,2025-05-11,CUST01743,returning,25-34,social_media,desktop,sports,81.03,30,2,113.44,2,5,False
ORD104754,2025-05-11,CUST01438,returning,35-44,organic,desktop,beauty,56.11,0,2,112.22,4,5,False
ORD101552,2025-05-11,CUST00523,returning,25-34,social_media,desktop,electronics,237.1,20,3,569.04,5,5,False
ORD103681,2025-05-11,CUST00048,new,55+,organic,mobile,clothing,85.92,0,1,85.92,8,4,False
ORD102961,2025-05-11,CUST02770,new,35-44,social_media,mobile,beauty,20.11,5,1,19.1,8,3,False
ORD102500,2025-05-11,CUST02892,new,35-44,email,mobile,clothing,57.47,5,3,163.79,5,5,False
ORD101443,2025-05-11,CUST02578,new,25-34,social_media,mobile,electronics,233.12,0,1,233.12,8,3,False
ORD101712,2025-05-11,CUST00522,returning,25-34,organic,mobile,home,132.09,10,2,237.76,7,5,False
ORD104441,2025-05-11,CUST02292,new,55+,search_ads,mobile,electronics,117.64,10,2,211.75,8,5,False
ORD101557,2025-05-12,CUST01119,returning,35-44,social_media,desktop,clothing,50.57,5,2,96.08,6,4,False
ORD104419,2025-05-12,CUST03102,new,45-54,social_media,desktop,electronics,151.56,5,2,287.96,5,5,False
ORD102289,2025-05-12,CUST00319,new,25-34,social_media,desktop,home,49.55,10,1,44.6,6,5,False
ORD104492,2025-05-12,CUST02008,new,45-54,organic,mobile,home,111.57,10,1,100.41,2,4,False
ORD100908,2025-05-12,CUST02755,returning,25-34,search_ads,mobile,beauty,22.44,15,1,19.07,5,4,False
ORD104788,2025-05-12,CUST00488,returning,55+,search_ads,mobile,beauty,25.48,0,1,25.48,5,4,False
ORD100904,2025-05-12,CUST02891,new,25-34,organic,mobile,home,32.05,0,1,32.05,6,5,False
ORD102186,2025-05-12,CUST02917,returning,18-24,organic,desktop,clothing,101.64,0,2,203.28,3,5,False
ORD100451,2025-05-12,CUST02488,new,35-44,referral,desktop,beauty,102.15,10,1,91.94,4,5,False
ORD101490,2025-05-12,CUST00551,new,45-54,organic,desktop,clothing,74.55,30,1,52.18,3,4,False
ORD103537,2025-05-12,CUST03056,new,35-44,search_ads,mobile,home,53.19,10,1,47.87,8,4,False
ORD102492,2025-05-13,CUST01662,returning,55+,email,mobile,beauty,20.5,10,2,36.9,4,4,False
ORD102335,2025-05-13,CUST00762,returning,25-34,email,desktop,clothing,12.4,0,2,24.8,4,5,False
ORD101057,2025-05-13,CUST01469,new,25-34,organic,mobile,sports,150.42,15,2,255.71,6,5,False
ORD105169,2025-05-13,CUST01163,returning,25-34,organic,mobile,home,48.56,20,3,116.54,3,5,False
ORD104333,2025-05-13,CUST01250,returning,35-44,social_media,desktop,electronics,118.21,0,3,354.63,6,5,False
ORD105173,2025-05-13,CUST01171,new,35-44,social_media,mobile,clothing,24.72,10,1,22.25,3,5,False
ORD100844,2025-05-13,CUST00432,new,45-54,referral,mobile,clothing,42.59,30,3,89.44,4,4,False
ORD104184,2025-05-13,CUST01373,new,35-44,social_media,desktop,clothing,62.18,20,1,49.74,2,5,False
ORD102427,2025-05-13,CUST01956,new,18-24,referral,desktop,home,161.94,10,1,145.75,5,5,False
ORD100065,2025-05-13,CUST02738,new,25-34,search_ads,mobile,clothing,31.64,30,1,22.15,5,5,False
ORD103163,2025-05-13,CUST01994,returning,45-54,email,desktop,home,82.03,15,1,69.73,4,5,False
ORD101027,2025-05-13,CUST02479,new,55+,referral,mobile,beauty,15.06,15,1,12.8,4,4,False
ORD100082,2025-05-13,CUST00885,new,55+,email,mobile,clothing,22.66,5,2,43.05,5,5,False
ORD100252,2025-05-13,CUST01695,returning,25-34,email,mobile,beauty,14.66,15,1,12.46,3,5,False
ORD100588,2025-05-13,CUST02855,new,55+,organic,mobile,clothing,48.15,0,1,48.15,8,5,False
ORD104656,2025-05-14,CUST00367,new,18-24,email,mobile,clothing,27.35,20,1,21.88,8,5,False
ORD101944,2025-05-14,CUST01198,returning,45-54,email,mobile,beauty,28.53,5,2,54.21,3,4,False
ORD102872,2025-05-14,CUST00643,returning,35-44,social_media,desktop,home,31.04,20,1,24.83,11,5,True
ORD102341,2025-05-14,CUST02893,new,35-44,social_media,mobile,sports,43.94,5,1,41.74,5,5,False
ORD102330,2025-05-14,CUST00735,new,35-44,search_ads,mobile,electronics,230.43,30,2,322.6,6,5,False
ORD103194,2025-05-14,CUST00668,new,45-54,search_ads,mobile,clothing,106.2,20,1,84.96,5,5,False
ORD100464,2025-05-14,CUST01846,new,35-44,search_ads,mobile,beauty,26.73,20,1,21.38,4,4,False
ORD101182,2025-05-14,CUST00822,new,45-54,search_ads,desktop,electronics,111.93,15,3,285.42,5,5,False
ORD100059,2025-05-14,CUST00342,returning,25-34,search_ads,mobile,home,34.54,30,3,72.53,5,5,False
ORD101788,2025-05-14,CUST03004,returning,18-24,organic,mobile,beauty,44.14,0,3,132.42,5,5,False
ORD102331,2025-05-14,CUST03084,new,25-34,social_media,mobile,sports,61.8,0,1,61.8,6,5,False
ORD100735,2025-05-15,CUST00153,new,35-44,social_media,mobile,clothing,66.13,10,2,119.03,5,5,False
ORD103203,2025-05-15,CUST00762,returning,35-44,social_media,desktop,clothing,76.29,0,1,76.29,7,5,False
ORD101594,2025-05-15,CUST02394,returning,35-44,organic,mobile,beauty,26.83,10,1,24.15,4,4,False
ORD104215,2025-05-15,CUST01677,returning,25-34,search_ads,desktop,sports,63.27,30,1,44.29,5,4,False
ORD102236,2025-05-15,CUST01026,new,25-34,search_ads,desktop,home,100.72,10,3,271.94,4,4,True
ORD104070,2025-05-15,CUST00714,returning,25-34,referral,mobile,beauty,42.31,10,3,114.24,4,5,False
ORD100340,2025-05-15,CUST01620,returning,35-44,organic,mobile,home,153.73,30,1,107.61,7,3,False
ORD104786,2025-05-15,CUST01939,new,35-44,organic,desktop,clothing,59.4,10,1,53.46,6,4,False
ORD101056,2025-05-15,CUST03060,new,55+,search_ads,mobile,clothing,19.07,0,1,19.07,3,5,False
ORD101727,2025-05-15,CUST00079,new,45-54,email,mobile,clothing,53.47,5,2,101.59,4,4,False
ORD104597,2025-05-15,CUST00256,returning,25-34,social_media,desktop,clothing,32.77,15,1,27.85,4,5,False
ORD100044,2025-05-15,CUST01318,new,25-34,search_ads,mobile,beauty,32.21,15,2,54.76,6,5,False
ORD105141,2025-05-15,CUST00943,new,35-44,referral,mobile,beauty,32.9,10,2,59.22,5,5,False
ORD101798,2025-05-15,CUST00459,new,55+,organic,mobile,clothing,43.81,10,1,39.43,4,5,False
ORD101563,2025-05-15,CUST02618,new,55+,search_ads,mobile,sports,50.94,15,2,86.6,8,5,False
ORD104347,2025-05-15,CUST01956,returning,25-34,referral,desktop,clothing,46.34,0,2,92.68,6,5,False
ORD101546,2025-05-15,CUST02573,returning,18-24,search_ads,mobile,sports,28.82,30,2,40.35,3,5,False
ORD105125,2025-05-16,CUST01428,returning,55+,search_ads,mobile,sports,4.68,30,3,9.83,8,3,False
ORD100387,2025-05-16,CUST01516,returning,55+,search_ads,mobile,home,76.01,15,1,64.61,7,5,False
ORD102923,2025-05-16,CUST01252,returning,18-24,search_ads,mobile,clothing,31.77,10,2,57.19,4,5,False
ORD104742,2025-05-16,CUST03153,new,25-34,organic,desktop,clothing,23.32,20,2,37.31,4,5,True
ORD104135,2025-05-16,CUST00890,new,18-24,organic,desktop,clothing,91.72,0,2,183.44,5,5,False
ORD103006,2025-05-16,CUST02837,new,18-24,email,mobile,clothing,44.2,5,3,125.97,2,5,False
ORD103091,2025-05-16,CUST02309,new,45-54,organic,desktop,clothing,121.2,0,2,242.4,6,4,False
ORD103601,2025-05-17,CUST01183,returning,35-44,search_ads,desktop,beauty,28.25,10,1,25.42,5,4,False
ORD101004,2025-05-17,CUST02270,new,25-34,social_media,desktop,beauty,31.63,0,2,63.26,4,4,False
ORD100938,2025-05-17,CUST02513,new,35-44,email,mobile,electronics,135.45,10,3,365.72,13,5,False
ORD104920,2025-05-17,CUST00810,new,35-44,search_ads,desktop,sports,67.05,20,2,107.28,2,4,False
ORD100170,2025-05-17,CUST00281,new,55+,organic,desktop,home,77.38,10,1,69.64,6,4,False
ORD102475,2025-05-17,CUST02094,returning,25-34,search_ads,desktop,home,163.16,20,2,261.06,2,5,False
ORD104580,2025-05-17,CUST02938,returning,35-44,email,desktop,clothing,33.09,5,1,31.44,3,5,False
ORD102531,2025-05-17,CUST03023,returning,25-34,organic,mobile,home,56.36,0,2,112.72,3,5,False
ORD101086,2025-05-17,CUST01823,new,25-34,social_media,mobile,electronics,183.18,10,2,329.72,7,5,False
ORD101464,2025-05-17,CUST02053,new,25-34,email,mobile,clothing,61.73,10,1,55.56,5,5,False
ORD103899,2025-05-17,CUST00926,new,35-44,organic,mobile,beauty,37.25,5,1,35.39,5,4,False
ORD104994,2025-05-17,CUST03020,new,35-44,search_ads,mobile,clothing,42.72,15,1,36.31,4,5,False
ORD101333,2025-05-17,CUST02767,new,45-54,social_media,desktop,sports,45.93,10,1,41.34,9,5,True
ORD103516,2025-05-17,CUST01103,returning,35-44,social_media,mobile,clothing,131.49,15,3,335.3,3,5,False
ORD102351,2025-05-17,CUST00211,returning,25-34,organic,mobile,beauty,13.44,5,2,25.54,6,5,False
ORD102370,2025-05-17,CUST02618,returning,35-44,organic,desktop,clothing,174.03,10,3,469.88,6,5,False
ORD102350,2025-05-18,CUST00401,new,45-54,search_ads,mobile,electronics,141.38,15,3,360.52,10,4,False
ORD102955,2025-05-18,CUST02893,returning,18-24,email,desktop,electronics,323.04,0,1,323.04,4,4,False
ORD100484,2025-05-18,CUST02975,returning,25-34,organic,mobile,electronics,120.76,0,1,120.76,7,4,False
ORD104169,2025-05-18,CUST00517,returning,35-44,email,mobile,electronics,92.56,30,2,129.58,7,4,False
ORD104603,2025-05-18,CUST00724,returning,45-54,referral,mobile,electronics,115.85,20,3,278.04,6,5,False
ORD103981,2025-05-18,CUST00651,returning,35-44,social_media,mobile,beauty,40.51,15,3,103.3,10,5,False
ORD101249,2025-05-18,CUST02323,new,45-54,search_ads,mobile,electronics,109.7,20,1,87.76,13,5,False
ORD103744,2025-05-18,CUST00192,new,35-44,organic,mobile,clothing,9.58,5,1,9.1,7,5,False
ORD104661,2025-05-18,CUST00494,new,18-24,organic,mobile,clothing,56.42,5,1,53.6,3,5,False
ORD102605,2025-05-18,CUST00177,new,18-24,social_media,mobile,sports,82.84,0,1,82.84,6,5,False
ORD101629,2025-05-18,CUST00253,new,25-34,search_ads,mobile,clothing,45.89,20,2,73.42,5,5,False
ORD103999,2025-05-18,CUST01199,new,25-34,organic,mobile,electronics,141.55,30,2,198.17,3,5,False
ORD103400,2025-05-18,CUST00074,returning,45-54,social_media,desktop,electronics,198.66,15,1,168.86,5,4,False
ORD101410,2025-05-18,CUST02983,new,55+,email,mobile,home,76.67,15,1,65.17,3,5,True
ORD102877,2025-05-18,CUST02372,new,45-54,email,desktop,beauty,19.4,0,2,38.8,3,5,False
ORD102278,2025-05-18,CUST03094,new,35-44,email,desktop,electronics,185.72,10,1,167.15,10,3,False
ORD103857,2025-05-18,CUST02050,returning,25-34,social_media,desktop,clothing,94.09,5,1,89.39,6,5,False
ORD101683,2025-05-19,CUST01364,returning,25-34,email,mobile,electronics,136.97,5,2,260.24,4,5,False
ORD101517,2025-05-19,CUST02790,new,18-24,organic,desktop,electronics,111.26,15,1,94.57,9,5,False
ORD100924,2025-05-19,CUST01839,new,35-44,social_media,mobile,sports,125.74,10,3,339.5,6,5,False
ORD101668,2025-05-19,CUST02820,returning,25-34,search_ads,mobile,beauty,34.06,20,2,54.5,4,5,False
ORD102562,2025-05-19,CUST00855,returning,18-24,social_media,desktop,electronics,307.82,0,2,615.64,11,3,True
ORD102362,2025-05-19,CUST02531,returning,25-34,organic,mobile,home,125.65,0,1,125.65,3,4,False
ORD101778,2025-05-19,CUST02630,new,18-24,search_ads,desktop,clothing,57.74,30,1,40.42,4,4,False
ORD104089,2025-05-19,CUST00319,returning,35-44,organic,mobile,beauty,22.4,0,1,22.4,3,4,False
ORD103778,2025-05-19,CUST02068,returning,55+,email,mobile,beauty,17.56,5,2,33.36,4,4,False
ORD100022,2025-05-19,CUST00155,returning,45-54,search_ads,mobile,beauty,54.53,30,3,114.51,5,5,False
ORD100650,2025-05-20,CUST01139,new,35-44,organic,mobile,electronics,100.18,15,2,170.31,6,5,False
ORD101670,2025-05-20,CUST02894,returning,55+,search_ads,desktop,electronics,148.28,10,2,266.9,4,5,True
ORD101883,2025-05-20,CUST02959,returning,55+,search_ads,mobile,beauty,33.03,15,2,56.15,6,5,False
ORD101518,2025-05-20,CUST02199,new,55+,search_ads,desktop,electronics,177.43,15,3,452.45,4,5,False
ORD103437,2025-05-20,CUST00044,returning,45-54,organic,desktop,home,79.23,15,1,67.35,8,3,False
ORD102453,2025-05-20,CUST00466,new,25-34,email,desktop,beauty,52.76,10,3,142.45,6,5,False
ORD102717,2025-05-20,CUST00255,new,18-24,social_media,mobile,home,13.46,10,1,12.11,7,4,False
ORD105163,2025-05-21,CUST00220,new,25-34,search_ads,mobile,beauty,18.55,10,1,16.7,1,4,False
ORD101135,2025-05-21,CUST01155,new,25-34,search_ads,mobile,home,79.45,15,2,135.06,4,5,False
ORD102134,2025-05-21,CUST00455,new,25-34,social_media,mobile,home,54.47,15,3,138.9,9,5,False
ORD100362,2025-05-21,CUST00452,returning,18-24,organic,desktop,electronics,267.1,10,1,240.39,10,5,False
ORD100894,2025-05-21,CUST02487,new,45-54,email,desktop,home,82.69,0,1,82.69,4,4,False
ORD102755,2025-05-21,CUST01322,returning,25-34,search_ads,desktop,sports,61.3,20,1,49.04,4,5,False
ORD100553,2025-05-21,CUST01586,new,45-54,organic,desktop,beauty,47.4,0,1,47.4,4,5,False
ORD102261,2025-05-21,CUST02000,new,35-44,organic,mobile,clothing,41.37,0,2,82.74,4,5,False
ORD101430,2025-05-21,CUST02423,returning,45-54,organic,desktop,electronics,223.73,20,2,357.97,7,4,False
ORD102049,2025-05-21,CUST00417,returning,25-34,organic,mobile,beauty,24.78,0,2,49.56,3,5,False
ORD105177,2025-05-22,CUST02529,returning,35-44,referral,mobile,clothing,33.56,10,2,60.41,6,5,False
ORD101802,2025-05-22,CUST02698,returning,55+,referral,mobile,clothing,69.4,5,2,131.86,4,5,False
ORD100361,2025-05-22,CUST01641,new,25-34,email,desktop,clothing,70.75,10,1,63.68,5,5,False
ORD103144,2025-05-22,CUST01305,returning,25-34,search_ads,mobile,electronics,170.57,20,2,272.91,5,4,False
ORD102416,2025-05-22,CUST03085,new,35-44,search_ads,mobile,home,82.4,30,1,57.68,3,5,False
ORD103578,2025-05-22,CUST01499,new,45-54,organic,desktop,home,78.41,5,2,148.98,2,5,True
ORD101810,2025-05-22,CUST02685,new,55+,organic,mobile,home,84.33,0,2,168.66,2,5,False
ORD102404,2025-05-22,CUST00583,new,25-34,social_media,mobile,electronics,260.53,5,1,247.5,6,5,False
ORD102822,2025-05-22,CUST00076,returning,35-44,organic,mobile,clothing,70.76,15,2,120.29,6,5,False
ORD102837,2025-05-22,CUST00902,returning,25-34,social_media,mobile,electronics,158.96,5,2,302.02,6,5,False
ORD100236,2025-05-23,CUST02398,returning,25-34,social_media,mobile,clothing,54.7,15,3,139.49,6,5,False
ORD100623,2025-05-23,CUST02424,returning,55+,social_media,desktop,beauty,46.75,20,1,37.4,3,5,False
ORD104968,2025-05-23,CUST02047,new,45-54,social_media,desktop,home,145.38,10,1,130.84,5,5,False
ORD104293,2025-05-23,CUST02446,returning,18-24,social_media,mobile,beauty,19.41,0,3,58.23,8,5,False
ORD105027,2025-05-23,CUST02616,new,18-24,social_media,mobile,electronics,59.36,5,1,56.39,7,5,False
ORD100198,2025-05-23,CUST02086,returning,55+,organic,mobile,sports,42.18,0,1,42.18,4,4,False
ORD101927,2025-05-23,CUST02872,new,25-34,search_ads,desktop,sports,50.21,15,2,85.36,5,5,False
ORD101034,2025-05-23,CUST01143,returning,25-34,email,desktop,home,110.31,0,3,330.93,5,5,False
ORD103500,2025-05-23,CUST01148,new,55+,social_media,mobile,clothing,61.8,0,1,61.8,4,5,False
ORD101398,2025-05-23,CUST02659,new,35-44,social_media,desktop,electronics,118.25,0,1,118.25,8,3,False
ORD100263,2025-05-23,CUST03142,returning,35-44,referral,mobile,home,47.54,5,2,90.33,5,5,False
ORD101650,2025-05-23,CUST01129,new,25-34,organic,mobile,clothing,5.35,20,1,4.28,3,5,False
ORD102136,2025-05-23,CUST00932,returning,45-54,email,desktop,clothing,16.79,0,1,16.79,2,5,False
ORD104663,2025-05-23,CUST03173,new,55+,email,mobile,sports,55.93,5,3,159.4,4,4,False
ORD100647,2025-05-23,CUST01344,returning,55+,search_ads,desktop,beauty,14.95,15,1,12.71,11,4,True
ORD104804,2025-05-23,CUST00896,new,35-44,referral,mobile,home,46.19,0,2,92.38,4,5,False
ORD102205,2025-05-23,CUST02801,new,45-54,organic,mobile,clothing,30.05,10,2,54.09,6,5,False
ORD104556,2025-05-24,CUST01880,new,18-24,organic,mobile,electronics,253.41,30,1,177.39,8,3,False
ORD104197,2025-05-24,CUST01193,new,25-34,search_ads,desktop,clothing,48.32,0,1,48.32,11,4,False
ORD101805,2025-05-24,CUST01052,new,25-34,organic,desktop,clothing,69.0,30,2,96.6,5,5,False
ORD102909,2025-05-24,CUST01674,returning,35-44,referral,mobile,beauty,29.25,0,2,58.5,10,4,False
ORD105060,2025-05-24,CUST01750,new,25-34,search_ads,desktop,beauty,69.75,15,2,118.58,7,4,False
ORD103136,2025-05-24,CUST01395,returning,25-34,social_media,desktop,clothing,36.7,0,2,73.4,1,3,False
ORD100664,2025-05-24,CUST03029,returning,35-44,search_ads,mobile,electronics,182.5,10,1,164.25,5,5,False
ORD103850,2025-05-24,CUST02284,returning,35-44,social_media,mobile,electronics,104.73,15,3,267.06,6,5,False
ORD103904,2025-05-24,CUST01635,new,35-44,referral,desktop,home,27.96,15,1,23.77,6,5,False
ORD101064,2025-05-24,CUST02174,new,35-44,organic,mobile,clothing,55.75,0,1,55.75,2,4,False
ORD101257,2025-05-24,CUST02088,returning,45-54,organic,mobile,clothing,38.68,15,2,65.76,8,5,False
ORD101075,2025-05-24,CUST01359,returning,25-34,organic,mobile,beauty,2.71,10,1,2.44,6,5,False
ORD103131,2025-05-24,CUST02941,returning,55+,search_ads,desktop,electronics,216.58,10,2,389.84,7,5,False
ORD100978,2025-05-24,CUST00764,returning,35-44,search_ads,mobile,home,94.1,15,3,239.96,6,5,False
ORD102588,2025-05-24,CUST00678,returning,35-44,social_media,desktop,home,70.5,15,1,59.92,7,5,False
ORD104512,2025-05-24,CUST02174,new,18-24,email,mobile,home,92.0,15,1,78.2,4,4,False
ORD104736,2025-05-25,CUST00013,new,25-34,search_ads,desktop,electronics,271.46,15,2,461.48,6,5,False
ORD100853,2025-05-25,CUST00013,returning,25-34,search_ads,mobile,electronics,174.61,20,3,419.06,4,5,False
ORD100902,2025-05-25,CUST01131,new,45-54,organic,mobile,electronics,116.02,20,2,185.63,8,5,False
ORD100792,2025-05-25,CUST00334,returning,45-54,email,mobile,clothing,19.84,5,2,37.7,7,4,False
ORD100758,2025-05-25,CUST01767,new,25-34,referral,mobile,home,45.74,10,2,82.33,4,5,False
ORD100233,2025-05-25,CUST02648,returning,55+,organic,desktop,sports,54.69,0,1,54.69,5,5,False
ORD103054,2025-05-25,CUST01561,returning,25-34,social_media,mobile,beauty,53.9,0,2,107.8,5,4,False
ORD103956,2025-05-25,CUST02587,new,25-34,search_ads,mobile,clothing,164.04,20,2,262.46,4,5,False
ORD101567,2025-05-25,CUST01068,returning,35-44,organic,mobile,sports,33.93,10,1,30.54,5,5,False
ORD102051,2025-05-25,CUST02654,new,25-34,organic,desktop,sports,47.88,10,1,43.09,7,5,False
ORD103774,2025-05-25,CUST03125,new,35-44,search_ads,desktop,electronics,124.83,30,2,174.76,8,5,False
ORD101622,2025-05-25,CUST01619,new,45-54,organic,desktop,clothing,61.37,0,1,61.37,5,3,False
ORD102579,2025-05-25,CUST00974,returning,25-34,organic,desktop,clothing,42.73,15,1,36.32,3,5,False
ORD103864,2025-05-25,CUST02698,returning,18-24,social_media,mobile,beauty,72.4,0,1,72.4,5,5,False
ORD104992,2025-05-25,CUST01076,new,45-54,search_ads,desktop,clothing,35.72,15,1,30.36,6,5,False
ORD100520,2025-05-25,CUST00354,returning,35-44,organic,mobile,beauty,14.34,5,2,27.25,7,5,False
ORD105108,2025-05-26,CUST00863,returning,18-24,organic,desktop,electronics,135.59,0,3,406.77,5,5,False
ORD104127,2025-05-26,CUST01050,new,55+,search_ads,desktop,beauty,19.22,10,1,17.3,4,4,False
ORD104521,2025-05-26,CUST01089,returning,18-24,social_media,mobile,clothing,29.81,10,1,26.83,10,4,False
ORD103279,2025-05-26,CUST00174,new,25-34,organic,desktop,sports,92.27,10,3,249.13,2,5,False
ORD101375,2025-05-26,CUST02875,returning,18-24,organic,mobile,clothing,36.22,0,2,72.44,5,5,False
ORD101107,2025-05-26,CUST03164,new,35-44,organic,mobile,clothing,19.69,5,1,18.71,6,5,False
ORD101502,2025-05-26,CUST01915,new,25-34,organic,desktop,clothing,15.36,0,3,46.08,6,5,False
ORD103190,2025-05-26,CUST02742,new,35-44,referral,desktop,beauty,43.84,0,1,43.84,7,5,False
ORD104242,2025-05-26,CUST00418,new,35-44,email,mobile,clothing,18.6,5,1,17.67,1,5,False
ORD100057,2025-05-26,CUST02435,returning,25-34,social_media,mobile,beauty,24.01,5,1,22.81,9,4,False
ORD101118,2025-05-26,CUST00220,returning,18-24,social_media,mobile,clothing,40.23,0,1,40.23,2,5,False
ORD104025,2025-05-26,CUST03122,new,55+,organic,desktop,electronics,177.63,10,1,159.87,8,4,False
ORD103031,2025-05-27,CUST01122,returning,55+,search_ads,mobile,electronics,160.9,20,2,257.44,4,5,False
ORD100101,2025-05-27,CUST02295,new,18-24,search_ads,mobile,electronics,234.16,20,1,187.33,3,5,False
ORD103726,2025-05-27,CUST00497,new,18-24,search_ads,mobile,beauty,30.12,30,3,63.25,5,5,False
ORD102232,2025-05-27,CUST00795,new,25-34,search_ads,mobile,home,76.45,15,2,129.96,2,5,False
ORD102982,2025-05-27,CUST02197,returning,35-44,social_media,mobile,home,78.49,10,3,211.92,9,4,True
ORD102213,2025-05-27,CUST02050,new,55+,social_media,desktop,clothing,79.96,20,1,63.97,5,5,True
ORD101303,2025-05-27,CUST02511,new,55+,search_ads,mobile,home,45.25,15,2,76.92,3,5,False
ORD102871,2025-05-27,CUST00908,new,35-44,organic,mobile,sports,74.5,0,1,74.5,5,5,False
ORD101703,2025-05-27,CUST01764,returning,45-54,email,desktop,home,94.6,15,2,160.82,4,5,False
ORD102853,2025-05-27,CUST01269,returning,45-54,social_media,desktop,clothing,100.16,0,2,200.32,6,5,False
ORD102879,2025-05-27,CUST00009,new,25-34,organic,mobile,home,29.98,30,2,41.97,6,5,False
ORD103073,2025-05-27,CUST00203,new,35-44,social_media,mobile,clothing,21.33,0,3,63.99,4,5,False
ORD102844,2025-05-27,CUST00946,returning,55+,organic,desktop,electronics,262.6,10,2,472.68,5,5,False
ORD100700,2025-05-27,CUST01786,new,45-54,social_media,mobile,clothing,89.7,10,3,242.19,5,5,True
ORD100333,2025-05-27,CUST01449,new,35-44,social_media,mobile,home,27.25,5,1,25.89,9,5,False
ORD102173,2025-05-27,CUST01132,new,55+,organic,desktop,clothing,63.56,0,1,63.56,5,4,False
ORD101822,2025-05-27,CUST00478,returning,18-24,social_media,mobile,beauty,12.28,10,1,11.05,5,5,False
ORD101981,2025-05-27,CUST00901,new,45-54,organic,mobile,sports,91.83,0,2,183.66,7,5,False
ORD103010,2025-05-27,CUST02200,returning,25-34,organic,mobile,home,77.71,15,2,132.11,5,4,False
ORD103870,2025-05-27,CUST02931,new,55+,organic,mobile,sports,74.45,5,2,141.46,8,5,True
ORD102947,2025-05-28,CUST00129,returning,45-54,referral,mobile,home,36.2,15,2,61.54,5,5,False
ORD100337,2025-05-28,CUST00873,new,18-24,organic,desktop,home,114.72,20,2,183.55,6,5,False
ORD101320,2025-05-28,CUST01603,new,18-24,organic,desktop,home,86.09,0,3,258.27,6,4,False
ORD101202,2025-05-28,CUST01462,new,18-24,social_media,mobile,sports,25.0,0,1,25.0,3,5,False
ORD101775,2025-05-28,CUST00099,returning,45-54,organic,desktop,beauty,46.53,5,1,44.2,9,4,False
ORD103469,2025-05-28,CUST02604,new,45-54,email,desktop,clothing,41.77,0,1,41.77,4,5,False
ORD101429,2025-05-28,CUST01408,returning,35-44,social_media,mobile,sports,46.82,15,2,79.59,3,5,False
ORD104296,2025-05-28,CUST01875,new,55+,search_ads,mobile,home,48.73,15,1,41.42,5,5,False
ORD103398,2025-05-28,CUST01213,returning,18-24,email,desktop,home,80.52,0,2,161.04,5,4,False
ORD102702,2025-05-28,CUST00564,returning,55+,email,mobile,beauty,21.07,5,1,20.02,5,4,False
ORD101902,2025-05-28,CUST01313,returning,25-34,organic,mobile,electronics,157.94,0,3,473.82,6,4,False
ORD100864,2025-05-28,CUST01736,returning,45-54,social_media,mobile,electronics,249.87,0,2,499.74,4,5,False
ORD104388,2025-05-28,CUST01909,returning,45-54,search_ads,mobile,home,102.91,30,1,72.04,4,4,False
ORD100525,2025-05-28,CUST00781,new,18-24,referral,mobile,electronics,124.73,5,1,118.49,6,5,False
ORD105179,2025-05-28,CUST02945,returning,35-44,organic,desktop,home,38.48,20,1,30.78,6,5,False
ORD103313,2025-05-28,CUST01142,returning,35-44,social_media,mobile,electronics,53.89,15,1,45.81,6,5,False
ORD101661,2025-05-28,CUST00198,new,45-54,social_media,desktop,home,116.1,30,1,81.27,5,4,False
ORD103451,2025-05-28,CUST02295,new,45-54,social_media,mobile,clothing,125.77,0,1,125.77,5,4,False
ORD102522,2025-05-28,CUST00661,returning,55+,organic,mobile,beauty,18.53,15,1,15.75,11,4,False
ORD101255,2025-05-29,CUST01664,returning,25-34,social_media,mobile,beauty,38.33,10,2,68.99,12,4,False
ORD100104,2025-05-29,CUST00436,new,45-54,organic,mobile,beauty,6.91,0,1,6.91,5,4,False
ORD102199,2025-05-29,CUST00900,returning,35-44,organic,mobile,electronics,140.5,20,2,224.8,6,4,False
ORD100030,2025-05-29,CUST01600,returning,25-34,social_media,mobile,beauty,12.4,10,1,11.16,3,5,False
ORD102551,2025-05-29,CUST02001,new,35-44,organic,mobile,clothing,21.16,5,1,20.1,6,5,False
ORD104787,2025-05-29,CUST00003,returning,25-34,organic,mobile,beauty,13.02,30,1,9.11,7,4,True
ORD100099,2025-05-29,CUST01848,new,18-24,search_ads,mobile,beauty,45.13,15,1,38.36,1,4,False
ORD103322,2025-05-29,CUST02215,new,25-34,social_media,mobile,sports,65.85,30,1,46.09,5,5,False
ORD104221,2025-05-29,CUST00608,returning,35-44,search_ads,mobile,clothing,62.09,15,1,52.78,2,5,False
ORD104011,2025-05-29,CUST01492,returning,35-44,search_ads,mobile,sports,37.51,0,1,37.51,4,5,False
ORD102394,2025-05-29,CUST01121,new,18-24,search_ads,mobile,clothing,42.98,20,1,34.38,8,4,False
ORD102336,2025-05-29,CUST00517,returning,35-44,referral,desktop,clothing,99.15,15,2,168.56,4,5,False
ORD100230,2025-05-30,CUST00756,new,45-54,social_media,mobile,electronics,84.92,0,3,254.76,8,4,False
ORD100606,2025-05-30,CUST02099,returning,55+,organic,desktop,clothing,29.76,0,1,29.76,6,4,False
ORD102488,2025-05-30,CUST02410,returning,45-54,organic,mobile,clothing,50.65,0,2,101.3,4,4,False
ORD100229,2025-05-30,CUST01910,new,35-44,social_media,desktop,beauty,41.99,15,1,35.69,4,5,False
ORD104666,2025-05-30,CUST01558,returning,25-34,organic,desktop,beauty,24.15,0,1,24.15,4,5,False
ORD103064,2025-05-30,CUST00656,new,55+,social_media,mobile,beauty,28.66,10,1,25.79,3,5,False
ORD100956,2025-05-30,CUST02708,new,25-34,social_media,mobile,clothing,89.54,0,3,268.62,3,4,False
ORD105170,2025-05-30,CUST00645,new,18-24,search_ads,desktop,sports,27.13,15,3,69.18,5,5,False
ORD102373,2025-05-30,CUST02170,new,35-44,search_ads,mobile,electronics,102.95,0,2,205.9,13,5,False
ORD103668,2025-05-30,CUST01270,returning,25-34,search_ads,mobile,clothing,46.75,0,1,46.75,4,5,False
ORD103932,2025-05-30,CUST01955,returning,18-24,organic,mobile,beauty,27.41,10,3,74.01,7,5,False
ORD100438,2025-05-30,CUST02742,returning,25-34,organic,desktop,electronics,182.86,0,2,365.72,6,5,False
ORD104633,2025-05-30,CUST03079,returning,35-44,email,mobile,electronics,195.15,10,1,175.64,9,5,False
ORD103755,2025-05-30,CUST02819,new,25-34,organic,mobile,beauty,55.47,20,1,44.38,7,5,False
ORD100383,2025-05-31,CUST01019,new,18-24,organic,mobile,home,175.09,0,2,350.18,5,5,False
ORD104917,2025-05-31,CUST02952,new,35-44,email,mobile,sports,102.86,0,1,102.86,3,5,False
ORD105091,2025-05-31,CUST00802,new,25-34,search_ads,mobile,clothing,61.55,15,2,104.64,3,5,True
ORD100449,2025-05-31,CUST00135,new,25-34,social_media,mobile,electronics,127.55,10,3,344.38,5,5,False
ORD104288,2025-05-31,CUST01937,new,35-44,social_media,mobile,home,22.56,20,2,36.1,7,4,False
ORD104031,2025-05-31,CUST01788,returning,35-44,referral,desktop,electronics,305.94,0,1,305.94,2,4,False
ORD101572,2025-05-31,CUST01410,new,25-34,organic,mobile,clothing,84.4,0,1,84.4,7,4,False
ORD103952,2025-05-31,CUST02775,new,25-34,email,mobile,clothing,57.76,5,2,109.74,4,5,False
ORD104756,2025-05-31,CUST01733,returning,35-44,organic,mobile,sports,84.76,20,1,67.81,3,4,False
ORD103625,2025-05-31,CUST02488,new,45-54,email,desktop,beauty,19.66,0,2,39.32,6,4,False
ORD101289,2025-05-31,CUST00084,new,18-24,search_ads,desktop,home,93.11,20,2,148.98,2,5,True
ORD100627,2025-06-01,CUST01147,new,45-54,social_media,mobile,home,77.7,0,1,77.7,5,4,False
ORD102922,2025-06-01,CUST02798,returning,35-44,social_media,mobile,home,37.0,15,3,94.35,5,5,False
ORD100327,2025-06-01,CUST02872,new,18-24,email,desktop,clothing,45.2,0,1,45.2,5,5,False
ORD101477,2025-06-01,CUST00239,new,45-54,organic,mobile,beauty,19.51,5,2,37.07,4,5,False
ORD101120,2025-06-01,CUST01506,returning,25-34,referral,mobile,sports,55.73,0,1,55.73,5,4,False
ORD102744,2025-06-01,CUST00369,new,35-44,social_media,desktop,home,81.56,5,1,77.48,3,5,False
ORD103758,2025-06-01,CUST00701,returning,45-54,organic,mobile,home,65.62,5,3,187.02,6,5,False
ORD104229,2025-06-01,CUST00584,new,45-54,organic,mobile,beauty,48.62,0,1,48.62,6,3,False
ORD103347,2025-06-01,CUST00506,new,18-24,search_ads,desktop,electronics,144.73,15,1,123.02,4,5,False
ORD103708,2025-06-01,CUST01563,new,45-54,email,mobile,clothing,29.0,15,1,24.65,5,5,False
ORD100427,2025-06-01,CUST02943,new,55+,search_ads,mobile,sports,123.94,15,1,105.35,7,5,False
ORD100062,2025-06-02,CUST02214,returning,35-44,social_media,mobile,home,64.93,10,2,116.87,5,5,False
ORD103454,2025-06-02,CUST02304,returning,25-34,search_ads,mobile,clothing,19.87,30,1,13.91,2,4,False
ORD100581,2025-06-02,CUST01802,returning,45-54,referral,mobile,sports,39.49,0,2,78.98,5,5,False
ORD102519,2025-06-02,CUST00900,returning,25-34,search_ads,desktop,clothing,58.79,20,1,47.03,3,5,False
ORD104340,2025-06-02,CUST01225,returning,45-54,organic,mobile,electronics,328.09,10,3,885.84,7,4,False
ORD102572,2025-06-02,CUST01764,returning,25-34,organic,mobile,home,39.44,10,1,35.5,3,5,False
ORD104498,2025-06-02,CUST00413,new,25-34,organic,desktop,sports,64.07,0,2,128.14,4,4,False
ORD105033,2025-06-02,CUST01669,returning,55+,search_ads,mobile,home,134.75,0,1,134.75,1,4,False
ORD101123,2025-06-02,CUST02225,new,18-24,search_ads,mobile,clothing,13.05,20,2,20.88,7,5,True
ORD100161,2025-06-02,CUST00593,returning,45-54,email,mobile,sports,67.27,0,1,67.27,7,5,False
ORD100632,2025-06-02,CUST01507,new,35-44,social_media,desktop,electronics,259.81,0,1,259.81,10,4,False
ORD103039,2025-06-02,CUST01661,returning,25-34,organic,mobile,electronics,135.07,0,2,270.14,7,4,False
ORD100946,2025-06-02,CUST00046,returning,25-34,organic,mobile,clothing,18.45,0,1,18.45,3,5,False
ORD105058,2025-06-02,CUST02115,returning,55+,organic,mobile,electronics,45.94,15,1,39.05,9,4,False
ORD101586,2025-06-02,CUST01065,returning,25-34,email,mobile,clothing,41.8,15,2,71.06,6,4,False
ORD101325,2025-06-03,CUST02376,returning,25-34,organic,desktop,clothing,77.88,0,2,155.76,4,4,False
ORD101427,2025-06-03,CUST01729,new,18-24,social_media,desktop,clothing,36.03,15,3,91.88,6,5,False
ORD100109,2025-06-03,CUST02832,new,55+,referral,mobile,electronics,218.54,10,2,393.37,4,5,False
ORD103295,2025-06-03,CUST01719,new,35-44,referral,mobile,electronics,134.89,0,3,404.67,5,4,False
ORD100778,2025-06-03,CUST02579,returning,35-44,referral,mobile,beauty,58.62,10,2,105.52,5,5,False
ORD103242,2025-06-03,CUST02334,returning,55+,social_media,mobile,home,43.94,0,2,87.88,5,5,False
ORD101602,2025-06-03,CUST00149,new,25-34,social_media,mobile,clothing,47.12,20,3,113.09,7,5,False
ORD101259,2025-06-03,CUST02631,new,45-54,email,mobile,home,141.83,0,1,141.83,6,4,False
ORD101838,2025-06-03,CUST00784,new,55+,email,mobile,sports,57.2,20,2,91.52,5,5,False
ORD100852,2025-06-03,CUST00169,new,45-54,referral,desktop,electronics,113.89,10,2,205.0,5,5,False
ORD103518,2025-06-03,CUST01665,new,25-34,social_media,mobile,home,128.64,0,3,385.92,2,5,False
ORD100994,2025-06-03,CUST00159,returning,25-34,referral,desktop,clothing,46.91,0,3,140.73,6,5,False
ORD104148,2025-06-03,CUST02178,new,35-44,search_ads,desktop,electronics,221.46,0,1,221.46,13,5,False
ORD102002,2025-06-04,CUST03196,new,35-44,organic,mobile,clothing,30.57,0,2,61.14,6,5,False
ORD104870,2025-06-04,CUST00840,returning,45-54,organic,mobile,clothing,63.25,10,2,113.85,4,5,False
ORD104091,2025-06-04,CUST00590,returning,45-54,organic,mobile,beauty,29.6,15,3,75.48,4,5,False
ORD104185,2025-06-04,CUST00314,returning,55+,email,mobile,electronics,240.48,20,1,192.38,4,4,False
ORD103770,2025-06-04,CUST03028,new,18-24,search_ads,mobile,beauty,24.24,0,1,24.24,7,4,True
ORD103272,2025-06-04,CUST01586,returning,55+,social_media,desktop,sports,34.96,20,3,83.9,8,4,True
ORD104175,2025-06-04,CUST02350,new,25-34,organic,mobile,sports,99.61,0,3,298.83,7,4,False
ORD104897,2025-06-04,CUST00474,new,18-24,organic,desktop,beauty,22.66,20,1,18.13,3,5,False
ORD105040,2025-06-04,CUST00081,returning,35-44,social_media,mobile,clothing,43.73,20,2,69.97,7,4,False
ORD103661,2025-06-04,CUST02509,new,18-24,organic,desktop,home,66.99,0,1,66.99,2,4,False
ORD100659,2025-06-04,CUST01420,new,55+,organic,mobile,beauty,22.46,30,1,15.72,4,5,False
ORD105022,2025-06-04,CUST02564,returning,18-24,referral,desktop,beauty,80.24,5,2,152.46,3,4,False
ORD104878,2025-06-04,CUST00863,returning,25-34,organic,mobile,electronics,170.07,10,1,153.06,4,5,False
ORD103309,2025-06-04,CUST02402,returning,25-34,email,mobile,beauty,25.86,0,3,77.58,6,4,False
ORD101796,2025-06-05,CUST00279,new,55+,referral,mobile,clothing,30.68,15,2,52.16,4,5,False
ORD105193,2025-06-05,CUST01110,returning,55+,social_media,desktop,sports,59.72,0,1,59.72,7,4,False
ORD102052,2025-06-05,CUST00240,new,18-24,referral,desktop,beauty,16.15,5,1,15.34,9,5,False
ORD104975,2025-06-05,CUST00357,new,25-34,email,desktop,home,35.25,15,1,29.96,4,5,False
ORD105014,2025-06-05,CUST01894,returning,55+,search_ads,desktop,electronics,180.64,0,1,180.64,4,5,False
ORD101843,2025-06-05,CUST01033,returning,35-44,social_media,mobile,home,74.9,10,1,67.41,3,5,False
ORD100430,2025-06-05,CUST02789,returning,25-34,search_ads,desktop,sports,57.42,20,2,91.87,3,5,False
ORD101438,2025-06-05,CUST00738,new,45-54,organic,desktop,electronics,145.42,20,2,232.67,9,3,True
ORD102291,2025-06-05,CUST03071,returning,25-34,social_media,mobile,beauty,51.33,15,1,43.63,3,5,False
ORD101335,2025-06-05,CUST00058,returning,18-24,organic,mobile,clothing,49.22,0,1,49.22,5,5,False
ORD100248,2025-06-05,CUST00525,returning,18-24,search_ads,desktop,clothing,49.55,0,2,99.1,2,5,False
ORD100377,2025-06-05,CUST02878,new,25-34,search_ads,desktop,electronics,83.05,20,1,66.44,7,3,True
ORD102703,2025-06-05,CUST01329,new,18-24,organic,mobile,home,49.28,5,1,46.82,1,5,False
ORD102231,2025-06-05,CUST01718,returning,55+,email,desktop,clothing,53.96,0,1,53.96,6,5,False
ORD104836,2025-06-05,CUST02534,returning,18-24,social_media,mobile,home,52.61,10,1,47.35,8,5,True
ORD103514,2025-06-05,CUST02651,new,25-34,social_media,desktop,clothing,59.69,0,2,119.38,1,5,False
ORD102907,2025-06-05,CUST00670,new,35-44,social_media,desktop,electronics,225.4,0,2,450.8,8,4,False
ORD102833,2025-06-05,CUST00014,returning,25-34,social_media,desktop,sports,36.92,0,1,36.92,5,5,False
ORD103084,2025-06-05,CUST00738,returning,45-54,email,desktop,home,35.1,15,1,29.84,6,5,False
ORD100973,2025-06-06,CUST01210,new,35-44,email,desktop,clothing,86.0,0,2,172.0,3,5,False
ORD101663,2025-06-06,CUST00848,returning,25-34,social_media,mobile,electronics,84.4,0,1,84.4,17,3,False
ORD102001,2025-06-06,CUST02248,new,55+,social_media,mobile,home,132.84,0,1,132.84,8,4,False
ORD102726,2025-06-06,CUST00359,new,25-34,social_media,desktop,sports,56.34,0,1,56.34,4,4,False
ORD104239,2025-06-06,CUST02108,returning,35-44,organic,mobile,sports,45.83,20,3,109.99,7,5,False
ORD103308,2025-06-06,CUST01502,returning,18-24,organic,desktop,beauty,18.66,15,1,15.86,3,5,False
ORD103323,2025-06-06,CUST02144,new,25-34,email,desktop,clothing,47.1,0,3,141.3,2,5,False
ORD103377,2025-06-06,CUST01261,returning,18-24,email,desktop,sports,69.87,15,1,59.39,4,4,False
ORD103491,2025-06-06,CUST01224,returning,25-34,organic,mobile,sports,29.04,10,1,26.14,5,5,False
ORD101851,2025-06-07,CUST02981,new,35-44,social_media,mobile,sports,54.57,0,2,109.14,4,5,False
ORD103278,2025-06-07,CUST01763,new,18-24,organic,desktop,sports,123.75,30,1,86.62,3,4,False
ORD102939,2025-06-07,CUST00939,returning,35-44,email,desktop,clothing,25.31,15,1,21.51,8,5,False
ORD101409,2025-06-07,CUST02501,returning,25-34,social_media,mobile,home,21.56,10,1,19.4,6,5,False
ORD104844,2025-06-07,CUST00120,new,35-44,organic,mobile,electronics,42.97,15,3,109.57,7,3,False
ORD102096,2025-06-07,CUST01648,returning,35-44,organic,mobile,clothing,25.11,0,3,75.33,4,5,False
ORD103771,2025-06-07,CUST01257,new,35-44,social_media,mobile,home,117.1,5,1,111.24,5,5,False
ORD105160,2025-06-07,CUST02117,new,18-24,organic,desktop,clothing,64.53,5,3,183.91,6,5,False
ORD105176,2025-06-07,CUST00702,new,18-24,social_media,mobile,home,129.38,20,2,207.01,6,5,False
ORD103776,2025-06-07,CUST01182,returning,25-34,social_media,desktop,clothing,76.14,10,1,68.53,10,4,False
ORD100989,2025-06-07,CUST00776,new,35-44,organic,desktop,clothing,70.83,15,1,60.21,9,4,True
ORD103126,2025-06-07,CUST01740,returning,18-24,social_media,desktop,beauty,39.31,0,2,78.62,3,5,False
ORD100348,2025-06-07,CUST00392,new,45-54,social_media,mobile,beauty,48.02,0,1,48.02,2,5,False
ORD103489,2025-06-07,CUST03131,new,35-44,email,desktop,clothing,38.08,0,1,38.08,7,4,False
ORD103201,2025-06-07,CUST01957,new,18-24,email,mobile,electronics,64.14,10,3,173.18,6,4,False
ORD104569,2025-06-07,CUST00948,new,55+,social_media,mobile,sports,28.31,10,1,25.48,2,5,False
ORD103165,2025-06-08,CUST00326,returning,45-54,search_ads,mobile,clothing,67.72,10,1,60.95,7,4,False
ORD100882,2025-06-08,CUST02278,new,35-44,email,mobile,electronics,203.24,0,1,203.24,7,5,False
ORD103743,2025-06-08,CUST02038,returning,25-34,social_media,mobile,clothing,88.91,0,1,88.91,4,5,False
ORD101847,2025-06-08,CUST02604,returning,25-34,social_media,desktop,beauty,52.46,5,2,99.67,7,5,False
ORD102754,2025-06-08,CUST00990,new,35-44,referral,mobile,clothing,39.18,0,1,39.18,4,5,False
ORD100052,2025-06-08,CUST01575,new,18-24,social_media,mobile,home,88.38,10,1,79.54,4,5,False
ORD103360,2025-06-08,CUST01576,returning,35-44,social_media,desktop,electronics,106.63,0,1,106.63,6,5,False
ORD101190,2025-06-08,CUST01799,new,45-54,social_media,mobile,clothing,57.91,5,2,110.03,6,4,False
ORD101488,2025-06-08,CUST00674,new,35-44,social_media,desktop,beauty,54.12,15,1,46.0,3,5,False
ORD104812,2025-06-08,CUST03003,new,55+,organic,desktop,clothing,40.8,10,1,36.72,2,4,False
ORD102178,2025-06-08,CUST02084,new,45-54,organic,mobile,beauty,35.53,10,1,31.98,3,5,False
ORD104150,2025-06-08,CUST01090,new,25-34,search_ads,mobile,clothing,88.48,20,2,141.57,6,5,False
ORD102153,2025-06-08,CUST01573,returning,55+,referral,desktop,sports,80.14,15,1,68.12,6,5,False
ORD104053,2025-06-08,CUST01162,returning,25-34,social_media,desktop,electronics,136.82,10,1,123.14,5,4,False
ORD102543,2025-06-08,CUST01609,returning,35-44,social_media,mobile,beauty,36.15,0,3,108.45,6,5,False
ORD103739,2025-06-08,CUST02529,new,25-34,social_media,desktop,clothing,50.89,0,2,101.78,8,2,False
ORD105096,2025-06-09,CUST03015,returning,25-34,search_ads,mobile,clothing,56.52,0,1,56.52,2,5,False
ORD104502,2025-06-09,CUST02224,returning,25-34,search_ads,mobile,electronics,76.24,0,2,152.48,5,5,False
ORD103257,2025-06-09,CUST01547,returning,45-54,organic,desktop,beauty,24.67,10,3,66.61,8,5,False
ORD101906,2025-06-09,CUST01154,returning,25-34,organic,mobile,clothing,44.23,30,2,61.92,6,5,False
ORD100810,2025-06-09,CUST01179,returning,25-34,search_ads,desktop,clothing,47.5,20,1,38.0,6,5,False
ORD101938,2025-06-09,CUST03147,returning,25-34,email,desktop,electronics,229.67,5,1,218.19,8,5,False
ORD100614,2025-06-09,CUST02469,new,45-54,organic,desktop,clothing,13.02,10,3,35.15,5,5,False
ORD104054,2025-06-09,CUST01624,new,45-54,social_media,mobile,home,126.66,10,3,341.98,3,4,False
ORD103859,2025-06-09,CUST01902,returning,25-34,organic,mobile,home,142.83,10,2,257.09,4,5,False
ORD100766,2025-06-09,CUST01509,new,18-24,referral,desktop,electronics,192.64,15,2,327.49,4,4,False
ORD101933,2025-06-10,CUST01833,returning,18-24,email,mobile,electronics,95.25,10,1,85.72,6,5,False
ORD104986,2025-06-10,CUST00108,returning,35-44,organic,desktop,clothing,93.53,10,2,168.35,5,5,False
ORD100009,2025-06-10,CUST02664,returning,18-24,organic,mobile,electronics,237.2,5,2,450.68,5,4,False
ORD103450,2025-06-10,CUST02868,returning,35-44,email,desktop,clothing,47.9,0,2,95.8,4,5,False
ORD102592,2025-06-10,CUST00332,returning,55+,email,mobile,clothing,20.28,0,3,60.84,7,4,False
ORD103596,2025-06-10,CUST00450,new,55+,email,desktop,beauty,18.2,0,3,54.6,4,5,False
ORD103869,2025-06-10,CUST02764,new,18-24,organic,mobile,sports,98.15,0,2,196.3,3,5,False
ORD100995,2025-06-10,CUST00584,new,35-44,social_media,desktop,beauty,44.64,20,3,107.14,4,5,False
ORD101695,2025-06-10,CUST01058,returning,18-24,social_media,mobile,clothing,30.3,30,1,21.21,1,5,False
ORD104922,2025-06-11,CUST01596,new,55+,email,mobile,electronics,80.09,0,2,160.18,5,4,False
ORD104425,2025-06-11,CUST01232,returning,18-24,search_ads,mobile,home,36.05,0,1,36.05,4,5,False
ORD103379,2025-06-11,CUST02565,returning,25-34,organic,mobile,beauty,24.04,10,2,43.27,5,5,False
ORD103346,2025-06-11,CUST00487,new,25-34,search_ads,mobile,sports,24.39,15,3,62.19,5,5,False
ORD102106,2025-06-11,CUST01745,returning,25-34,organic,mobile,home,101.38,20,1,81.1,3,5,False
ORD104791,2025-06-11,CUST02608,new,18-24,social_media,mobile,clothing,77.9,10,2,140.22,2,5,False
ORD103226,2025-06-11,CUST02446,new,55+,email,mobile,home,124.69,0,2,249.38,6,5,False
ORD102182,2025-06-11,CUST02168,returning,35-44,organic,mobile,electronics,119.67,0,2,239.34,3,4,False
ORD100143,2025-06-12,CUST03166,new,18-24,search_ads,mobile,clothing,16.35,10,2,29.43,4,5,False
ORD100800,2025-06-12,CUST02646,new,35-44,organic,desktop,electronics,160.12,15,2,272.2,10,4,False
ORD100268,2025-06-12,CUST01051,new,55+,email,mobile,electronics,84.34,0,2,168.68,3,5,False
ORD104046,2025-06-12,CUST02612,new,18-24,organic,mobile,electronics,105.98,5,3,302.04,7,3,True
ORD102489,2025-06-12,CUST02095,new,25-34,organic,desktop,home,125.95,0,1,125.95,13,5,False
ORD104822,2025-06-12,CUST00215,returning,45-54,referral,desktop,beauty,23.35,5,2,44.36,8,5,False
ORD104834,2025-06-12,CUST02007,new,35-44,social_media,desktop,sports,27.67,30,1,19.37,6,5,False
ORD102314,2025-06-12,CUST01456,new,25-34,email,mobile,sports,71.41,15,2,121.4,7,5,False
ORD103426,2025-06-12,CUST00059,new,45-54,organic,desktop,beauty,12.25,10,3,33.08,7,5,False
ORD102832,2025-06-12,CUST01885,new,25-34,search_ads,mobile,clothing,13.62,20,1,10.9,6,5,False
ORD100443,2025-06-13,CUST02245,new,25-34,organic,mobile,clothing,71.51,15,2,121.57,3,5,False
ORD104415,2025-06-13,CUST00033,returning,25-34,search_ads,mobile,home,74.77,20,3,179.45,9,5,False
ORD101872,2025-06-13,CUST02954,returning,45-54,referral,mobile,clothing,72.76,10,2,130.97,3,5,False
ORD102965,2025-06-13,CUST00425,new,25-34,social_media,desktop,sports,65.41,5,2,124.28,4,5,False
ORD101233,2025-06-13,CUST03098,returning,25-34,social_media,mobile,beauty,14.17,0,3,42.51,8,5,False
ORD103009,2025-06-13,CUST02581,returning,45-54,social_media,desktop,clothing,33.8,5,2,64.22,7,4,False
ORD102767,2025-06-13,CUST01356,new,35-44,organic,desktop,electronics,103.06,20,2,164.9,5,5,False
ORD103102,2025-06-13,CUST00057,returning,18-24,email,mobile,home,149.09,5,2,283.27,5,5,False
ORD100982,2025-06-13,CUST02895,returning,45-54,referral,mobile,beauty,30.42,5,2,57.8,6,4,False
ORD103003,2025-06-13,CUST02732,new,45-54,email,mobile,clothing,67.28,5,2,127.83,6,5,False
ORD102566,2025-06-14,CUST02312,new,35-44,referral,desktop,sports,77.26,20,2,123.62,7,5,False
ORD103804,2025-06-14,CUST01686,new,35-44,social_media,mobile,home,75.45,0,2,150.9,4,5,False
ORD101686,2025-06-14,CUST00566,new,35-44,search_ads,mobile,electronics,138.0,15,2,234.6,6,5,False
ORD100693,2025-06-14,CUST02057,new,55+,search_ads,mobile,beauty,46.32,15,2,78.74,9,4,False
ORD104873,2025-06-14,CUST02069,new,18-24,organic,mobile,beauty,34.56,0,2,69.12,2,5,False
ORD104057,2025-06-14,CUST00505,new,45-54,search_ads,mobile,beauty,51.32,0,3,153.96,5,4,False
ORD103178,2025-06-14,CUST01479,returning,25-34,social_media,mobile,clothing,69.2,0,2,138.4,2,4,False
ORD102669,2025-06-14,CUST00586,new,55+,search_ads,mobile,electronics,19.84,15,3,50.59,5,5,False
ORD102701,2025-06-14,CUST00677,new,25-34,search_ads,mobile,clothing,92.71,30,3,194.69,4,5,False
ORD102251,2025-06-14,CUST02628,new,45-54,referral,mobile,sports,44.85,10,1,40.36,10,5,True
ORD103095,2025-06-14,CUST01116,new,45-54,search_ads,desktop,electronics,246.3,10,3,665.01,6,4,False
ORD104327,2025-06-14,CUST00396,new,35-44,organic,mobile,electronics,216.49,0,1,216.49,5,5,False
ORD101330,2025-06-14,CUST02581,new,18-24,organic,mobile,sports,82.53,5,1,78.4,6,5,False
ORD104716,2025-06-15,CUST00499,new,55+,organic,mobile,electronics,173.11,30,2,242.35,12,4,False
ORD101861,2025-06-15,CUST00752,new,35-44,organic,mobile,electronics,311.41,15,2,529.4,5,5,False
ORD101605,2025-06-15,CUST01443,returning,35-44,social_media,mobile,clothing,51.18,10,2,92.12,5,5,False
ORD104893,2025-06-15,CUST01993,new,25-34,email,mobile,clothing,28.57,0,1,28.57,5,4,False
ORD101523,2025-06-15,CUST00668,new,45-54,search_ads,mobile,clothing,31.48,0,1,31.48,8,4,False
ORD103319,2025-06-15,CUST02704,returning,25-34,search_ads,desktop,clothing,72.32,30,1,50.62,6,5,False
ORD100621,2025-06-15,CUST03161,new,25-34,social_media,desktop,beauty,31.28,15,1,26.59,6,5,False
ORD102259,2025-06-16,CUST01549,returning,45-54,search_ads,desktop,clothing,74.96,15,1,63.72,2,5,False
ORD101403,2025-06-16,CUST00148,new,55+,email,mobile,clothing,52.09,15,1,44.28,3,5,False
ORD101701,2025-06-16,CUST02874,returning,35-44,search_ads,mobile,clothing,40.21,0,3,120.63,4,5,False
ORD101592,2025-06-16,CUST01477,new,45-54,search_ads,desktop,clothing,39.47,20,3,94.73,4,5,False
ORD105047,2025-06-16,CUST02593,new,25-34,social_media,mobile,clothing,48.1,0,1,48.1,7,5,False
ORD102834,2025-06-16,CUST00705,new,35-44,referral,mobile,clothing,33.5,5,1,31.82,6,5,False
ORD100442,2025-06-16,CUST00128,new,25-34,search_ads,mobile,home,83.04,20,3,199.3,5,5,True
ORD103819,2025-06-16,CUST02254,returning,45-54,email,mobile,sports,14.69,5,1,13.96,6,4,False
ORD103385,2025-06-17,CUST01471,new,18-24,search_ads,desktop,clothing,42.97,30,1,30.08,3,5,False
ORD104297,2025-06-17,CUST00402,new,35-44,email,mobile,beauty,11.9,0,2,23.8,5,5,False
ORD104429,2025-06-17,CUST01345,new,35-44,search_ads,mobile,home,78.54,0,1,78.54,4,5,False
ORD103135,2025-06-17,CUST02010,returning,35-44,social_media,desktop,clothing,59.45,5,1,56.48,7,5,False
ORD101201,2025-06-17,CUST02895,returning,18-24,organic,mobile,beauty,47.52,15,2,80.78,2,5,False
ORD104718,2025-06-17,CUST00336,returning,25-34,organic,mobile,sports,14.86,10,1,13.37,7,5,False
ORD100325,2025-06-17,CUST02950,new,35-44,organic,mobile,electronics,177.12,0,1,177.12,8,5,True
ORD103381,2025-06-17,CUST01927,returning,25-34,email,mobile,beauty,18.97,20,1,15.18,2,5,False
ORD100880,2025-06-17,CUST00833,new,18-24,search_ads,desktop,sports,49.54,20,2,79.26,4,4,False
ORD104744,2025-06-17,CUST02186,returning,35-44,email,mobile,clothing,26.28,10,1,23.65,3,5,False
ORD102403,2025-06-17,CUST00193,returning,35-44,social_media,mobile,clothing,10.92,0,1,10.92,5,5,False
ORD104107,2025-06-17,CUST03052,new,35-44,social_media,desktop,beauty,31.01,0,1,31.01,5,5,False
ORD102940,2025-06-17,CUST02437,new,35-44,email,desktop,sports,37.18,10,2,66.92,4,5,False
ORD104881,2025-06-17,CUST00821,returning,45-54,organic,mobile,sports,70.01,15,2,119.02,8,3,False
ORD101058,2025-06-17,CUST02187,new,45-54,search_ads,desktop,beauty,18.14,10,1,16.33,6,4,False
ORD101507,2025-06-17,CUST02110,returning,25-34,social_media,desktop,electronics,150.38,5,1,142.86,3,5,True
ORD104002,2025-06-18,CUST02557,new,45-54,organic,mobile,home,90.89,0,1,90.89,5,5,False
ORD102043,2025-06-18,CUST02444,new,25-34,search_ads,desktop,clothing,83.57,20,2,133.71,5,5,False
ORD101588,2025-06-18,CUST01849,new,45-54,social_media,desktop,clothing,81.7,5,1,77.61,4,4,False
ORD102160,2025-06-18,CUST01784,new,25-34,referral,mobile,electronics,139.48,15,1,118.56,8,5,False
ORD100661,2025-06-18,CUST01526,returning,18-24,email,desktop,electronics,232.4,15,2,395.08,6,5,False
ORD102189,2025-06-18,CUST01392,new,55+,email,mobile,home,103.18,0,2,206.36,6,5,False
ORD103528,2025-06-18,CUST01395,returning,25-34,referral,mobile,home,137.37,10,1,123.63,4,5,False
ORD102348,2025-06-18,CUST01358,returning,45-54,email,desktop,clothing,75.54,5,1,71.76,4,5,False
ORD102436,2025-06-19,CUST02071,returning,35-44,email,mobile,electronics,200.96,0,1,200.96,3,5,False
ORD102514,2025-06-19,CUST00401,new,25-34,email,mobile,home,25.14,5,2,47.77,4,5,False
ORD103212,2025-06-19,CUST02381,new,45-54,organic,desktop,clothing,25.89,10,2,46.6,4,5,False
ORD104348,2025-06-19,CUST02033,new,18-24,social_media,desktop,beauty,12.88,10,2,23.18,5,5,False
ORD103035,2025-06-19,CUST00223,new,25-34,search_ads,mobile,clothing,73.29,10,2,131.92,3,4,False
ORD104291,2025-06-19,CUST01704,returning,45-54,organic,mobile,clothing,53.77,15,2,91.41,4,5,False
ORD105180,2025-06-20,CUST00075,new,45-54,search_ads,mobile,beauty,31.49,20,1,25.19,9,4,False
ORD100189,2025-06-20,CUST02657,new,35-44,organic,mobile,electronics,82.71,10,2,148.88,7,3,False
ORD104043,2025-06-20,CUST00830,new,25-34,social_media,desktop,home,89.99,15,2,152.98,6,5,False
ORD100867,2025-06-20,CUST02946,new,25-34,organic,mobile,sports,45.65,10,1,41.08,2,4,False
ORD103547,2025-06-20,CUST00965,returning,25-34,organic,desktop,electronics,180.08,15,2,306.14,5,5,False
ORD102292,2025-06-20,CUST01827,new,55+,organic,mobile,clothing,24.2,10,2,43.56,4,5,False
ORD100452,2025-06-20,CUST01158,returning,55+,email,desktop,clothing,34.79,0,2,69.58,5,5,False
ORD101767,2025-06-20,CUST02850,new,55+,email,mobile,beauty,11.08,20,2,17.73,7,4,False
ORD103647,2025-06-20,CUST00690,new,45-54,social_media,mobile,home,170.52,0,2,341.04,3,5,False
ORD105075,2025-06-21,CUST02959,returning,35-44,social_media,mobile,home,155.21,0,1,155.21,6,5,False
ORD101424,2025-06-21,CUST00668,returning,35-44,social_media,desktop,beauty,48.61,15,1,41.32,4,4,False
ORD101754,2025-06-21,CUST00209,new,25-34,organic,mobile,clothing,83.96,0,3,251.88,6,4,False
ORD100980,2025-06-21,CUST00748,new,18-24,organic,mobile,beauty,22.9,20,3,54.96,4,5,False
ORD100969,2025-06-21,CUST02443,new,55+,email,desktop,beauty,37.28,15,2,63.38,2,5,False
ORD103511,2025-06-21,CUST01252,new,18-24,social_media,desktop,sports,76.31,10,3,206.04,4,5,True
ORD103609,2025-06-21,CUST02778,returning,25-34,search_ads,desktop,home,80.57,15,2,136.97,6,5,False
ORD104458,2025-06-21,CUST01583,returning,35-44,organic,desktop,beauty,28.43,30,1,19.9,7,5,True
ORD100214,2025-06-21,CUST02614,new,45-54,search_ads,mobile,beauty,23.06,30,1,16.14,5,4,False
ORD104925,2025-06-21,CUST02981,new,25-34,organic,desktop,electronics,378.56,0,1,378.56,10,3,False
ORD100211,2025-06-22,CUST00389,new,25-34,organic,mobile,electronics,55.05,10,2,99.09,6,4,False
ORD103040,2025-06-22,CUST02378,new,45-54,organic,mobile,clothing,36.77,0,1,36.77,7,4,False
ORD100466,2025-06-22,CUST03135,new,25-34,social_media,desktop,beauty,26.22,0,3,78.66,7,3,False
ORD101921,2025-06-22,CUST02103,returning,18-24,search_ads,desktop,beauty,15.84,0,2,31.68,5,5,False
ORD104647,2025-06-22,CUST02773,returning,35-44,search_ads,mobile,home,52.05,0,1,52.05,9,5,False
ORD102158,2025-06-23,CUST02756,new,25-34,email,mobile,electronics,154.85,0,1,154.85,8,5,False
ORD104181,2025-06-23,CUST02891,returning,35-44,email,desktop,clothing,56.0,10,2,100.8,5,5,False
ORD101170,2025-06-23,CUST00097,new,55+,email,mobile,home,76.9,0,1,76.9,4,4,False
ORD102840,2025-06-23,CUST00333,returning,25-34,social_media,mobile,sports,49.02,15,2,83.33,4,4,False
ORD102482,2025-06-23,CUST00573,returning,35-44,referral,desktop,home,170.4,0,1,170.4,6,5,False
ORD102405,2025-06-23,CUST00944,new,25-34,organic,desktop,clothing,3.27,5,2,6.21,3,5,False
ORD104344,2025-06-23,CUST00990,new,18-24,referral,mobile,clothing,24.53,10,1,22.08,3,5,False
ORD101930,2025-06-24,CUST02746,returning,35-44,search_ads,mobile,home,69.25,20,1,55.4,3,5,False
ORD100765,2025-06-24,CUST00606,returning,45-54,referral,mobile,beauty,14.68,5,1,13.95,4,5,True
ORD100289,2025-06-24,CUST00860,returning,45-54,email,mobile,home,87.24,0,1,87.24,3,4,False
ORD101870,2025-06-24,CUST01905,new,55+,search_ads,mobile,clothing,113.49,30,1,79.44,9,3,False
ORD102555,2025-06-24,CUST02331,returning,35-44,social_media,desktop,clothing,63.08,15,1,53.62,7,5,False
ORD100304,2025-06-24,CUST01618,new,25-34,email,desktop,clothing,74.8,15,2,127.16,8,4,False
ORD101899,2025-06-25,CUST01370,new,45-54,search_ads,mobile,electronics,80.98,30,3,170.06,12,4,False
ORD104014,2025-06-25,CUST00656,new,25-34,social_media,desktop,sports,141.52,0,3,424.56,5,5,False
ORD104033,2025-06-25,CUST01565,new,35-44,search_ads,desktop,clothing,65.84,20,1,52.67,1,5,False
ORD104360,2025-06-25,CUST03157,new,25-34,search_ads,mobile,clothing,85.23,20,1,68.18,12,5,False
ORD102053,2025-06-25,CUST00826,returning,25-34,social_media,desktop,sports,21.03,0,2,42.06,5,3,True
ORD101837,2025-06-25,CUST02161,new,35-44,social_media,mobile,home,98.13,0,3,294.39,2,5,False
ORD104141,2025-06-25,CUST00093,returning,45-54,email,mobile,home,29.77,15,2,50.61,5,4,False
ORD102948,2025-06-25,CUST00261,returning,25-34,organic,mobile,beauty,49.32,30,3,103.57,4,5,False
ORD101812,2025-06-25,CUST01382,new,45-54,organic,desktop,sports,87.36,15,2,148.51,5,5,False
ORD100342,2025-06-25,CUST02961,new,35-44,social_media,mobile,sports,19.69,5,1,18.71,5,5,False
ORD104575,2025-06-25,CUST02891,new,55+,referral,mobile,electronics,107.15,0,1,107.15,7,5,False
ORD104743,2025-06-25,CUST00514,new,35-44,social_media,mobile,clothing,82.4,0,1,82.4,4,5,False
ORD102768,2025-06-26,CUST00758,returning,45-54,email,mobile,electronics,142.18,15,1,120.85,8,5,True
ORD103970,2025-06-26,CUST02679,returning,55+,organic,mobile,electronics,174.58,20,1,139.66,9,4,False
ORD104913,2025-06-26,CUST00805,new,25-34,search_ads,mobile,electronics,156.17,15,1,132.74,3,5,False
ORD104013,2025-06-26,CUST01293,returning,18-24,email,mobile,home,57.5,20,1,46.0,6,5,False
ORD102765,2025-06-26,CUST00604,new,35-44,search_ads,mobile,clothing,71.78,10,3,193.81,4,5,False
ORD104179,2025-06-26,CUST03143,new,45-54,search_ads,mobile,beauty,21.5,30,3,45.15,8,5,False
ORD103104,2025-06-26,CUST03001,new,25-34,organic,mobile,home,56.34,10,1,50.71,4,5,False
ORD101085,2025-06-27,CUST00206,new,18-24,organic,desktop,beauty,48.98,20,3,117.55,4,5,False
ORD104132,2025-06-27,CUST02943,new,18-24,social_media,mobile,clothing,21.26,0,1,21.26,9,5,False
ORD100110,2025-06-27,CUST00601,new,55+,referral,mobile,clothing,127.18,10,1,114.46,3,5,True
ORD101758,2025-06-27,CUST02993,new,45-54,search_ads,mobile,electronics,207.49,20,1,165.99,6,5,False
ORD104026,2025-06-27,CUST02267,new,25-34,referral,mobile,beauty,22.2,0,2,44.4,3,5,False
ORD101587,2025-06-27,CUST03078,returning,25-34,search_ads,mobile,clothing,42.61,15,1,36.22,9,4,True
ORD102549,2025-06-28,CUST00277,returning,25-34,organic,desktop,electronics,164.15,15,2,279.06,7,4,False
ORD100743,2025-06-28,CUST02808,returning,25-34,search_ads,mobile,home,43.89,10,3,118.5,8,4,False
ORD102577,2025-06-28,CUST02975,returning,18-24,organic,desktop,beauty,44.87,10,1,40.38,4,5,False
ORD104563,2025-06-28,CUST01879,new,35-44,organic,desktop,home,111.39,10,1,100.25,7,5,False
ORD100069,2025-06-28,CUST02021,new,18-24,organic,desktop,home,58.5,15,2,99.45,3,4,False
ORD100487,2025-06-28,CUST00077,returning,35-44,email,mobile,clothing,68.78,0,1,68.78,4,5,False
ORD103027,2025-06-28,CUST00235,new,45-54,organic,desktop,clothing,47.36,15,2,80.51,9,4,False
ORD103092,2025-06-28,CUST00602,new,45-54,email,desktop,clothing,102.91,15,1,87.47,5,5,False
ORD101344,2025-06-28,CUST01365,returning,35-44,social_media,mobile,clothing,52.43,20,2,83.89,6,5,False
ORD100955,2025-06-28,CUST02727,returning,25-34,social_media,mobile,home,116.41,20,1,93.13,5,5,False
ORD101440,2025-06-28,CUST03197,new,25-34,social_media,mobile,home,161.76,10,1,145.58,5,4,False
ORD100879,2025-06-28,CUST00551,new,25-34,organic,mobile,electronics,136.36,0,2,272.72,1,5,False
ORD103929,2025-06-28,CUST02976,new,18-24,search_ads,desktop,sports,81.41,10,2,146.54,6,5,False
ORD103067,2025-06-29,CUST02757,new,25-34,social_media,desktop,sports,95.44,15,3,243.37,6,5,False
ORD105076,2025-06-29,CUST01073,returning,25-34,email,mobile,clothing,69.44,5,3,197.9,5,5,False
ORD104676,2025-06-29,CUST03112,new,18-24,search_ads,mobile,home,66.18,15,1,56.25,10,3,False
ORD101278,2025-06-29,CUST00313,returning,25-34,search_ads,desktop,electronics,91.4,10,1,82.26,11,4,True
ORD102969,2025-06-29,CUST00713,new,45-54,organic,mobile,clothing,7.8,5,3,22.23,6,5,False
ORD102141,2025-06-29,CUST00577,returning,25-34,search_ads,mobile,clothing,60.54,20,1,48.43,7,4,False
ORD101891,2025-06-29,CUST00071,new,55+,social_media,desktop,beauty,35.94,0,3,107.82,2,5,False
ORD104557,2025-06-29,CUST01001,new,25-34,search_ads,mobile,electronics,206.41,30,3,433.46,3,4,False
ORD101053,2025-06-29,CUST00630,new,35-44,social_media,mobile,sports,28.18,0,1,28.18,4,5,False
ORD103524,2025-06-30,CUST03054,new,55+,organic,mobile,clothing,53.34,0,1,53.34,5,5,True
ORD104442,2025-06-30,CUST01655,new,45-54,search_ads,mobile,clothing,20.0,15,3,51.0,4,5,False
ORD103503,2025-06-30,CUST02455,new,35-44,referral,desktop,sports,105.98,5,3,302.04,4,4,False
ORD104133,2025-06-30,CUST02535,new,25-34,social_media,mobile,electronics,173.46,0,2,346.92,6,4,False
ORD100448,2025-06-30,CUST01170,new,18-24,organic,mobile,clothing,44.38,0,1,44.38,5,5,False
ORD102583,2025-06-30,CUST01182,returning,18-24,organic,mobile,home,72.02,10,3,194.45,6,4,False
ORD100580,2025-06-30,CUST02119,returning,35-44,search_ads,mobile,electronics,236.51,10,2,425.72,9,3,False
ORD102655,2025-06-30,CUST01781,new,25-34,email,mobile,beauty,19.66,15,1,16.71,6,5,False
ORD102151,2025-06-30,CUST01592,new,45-54,search_ads,mobile,sports,74.05,0,3,222.15,3,5,False
ORD100434,2025-06-30,CUST00682,new,35-44,search_ads,mobile,electronics,34.02,20,1,27.22,4,5,True
